abandonee,abandon
abandoner,abandon
abandonment,abandon
abandonware,abandon
abasement,abase
abaser,abase
abashless,abash
abashment,abash
abatement,abate
abater,abate
abbed,ab
abbotcy,abbot
abbotship,abbot
abductee,abduct
abduction,abduct
abductor,abduct
aberrational,aberration
abettal,abet
abetter,abet
abhorrent,abhor
abhorrer,abhor
abhorring,abhor
abider,abide
abjectness,abject
abjurer,abjure
ableism,able
ableist,able
ablutionary,ablution
abnormalism,abnormal
abnormality,abnormal
abodement,abode
abolishable,abolish
abolisher,abolish
abolishment,abolish
abolitional,abolition
abolitionary,abolition
abolitionist,abolition
abominableness,abominable
aborally,aboral
aboriginality,aboriginal
abortee,abort
aborter,abort
abortifacient,abort
abortion,abort
abortional,abortion
abortionist,abortion
abortiveness,abortive
abouts,about
aboveground,above
abrader,abrade
abrasiveness,abrasive
abreactive,abreact
abridgeable,abridge
abridgement,abridge
abridger,abridge
abruption,abrupt
abruptness,abrupt
abscondence,abscond
absconder,abscond
abseiler,abseil
absenter,absent
absoluteness,absolute
absolver,absolve
absorbability,absorb
absorbable,absorb
absorbance,absorb
absorbate,absorb
absorbefacient,absorb
absorbent,absorb
absorber,absorb
absorptiveness,absorptive
abstainer,abstain
abstemiousness,abstemious
abstentionism,abstention
abstentionist,abstention
abstractable,abstract
abstractedness,abstracted
abstracter,abstract
abstraction,abstract
abstractional,abstraction
abstractionism,abstraction
abstractionist,abstraction
abstractive,abstract
abstractness,abstract
abstriction,abstrict
abstruseness,abstruse
absurdism,absurd
absurdist,absurd
absurdity,absurd
absurdness,absurd
abuser,abuse
abusiveness,abusive
abutment,abut
abuttal,abut
abutter,abut
abysmal,abysm
abyssal,abyss
abyssopelagic,abyss
academician,academic
acaridan,acarid
accedence,accede
acceder,accede
accentless,accent
accentor,accent
accentual,accent
accentuality,accentual
accentuate,accent
acceptability,accept
acceptable,accept
acceptableness,acceptable
acceptance,accept
acceptancy,accept
acceptant,accept
acceptation,accept
acceptee,accept
accepter,accept
acceptingness,accepting
accessible,access
accessibleness,accessible
accessional,accession
accidental,accident
accidentalism,accidental
accidentality,accidental
accidentalness,accidental
accidently,accident
accidentology,accident
acclaimer,acclaim
acclimatiser,acclimatise
acclimatizer,acclimatize
accompanyist,accompany
accomplishable,accomplish
accomplisher,accomplish
accomplishment,accomplish
accordance,accord
accordant,accord
accorder,accord
accordingly,according
accordionist,accordion
accostable,accost
accountable,account
accountableness,accountable
accountancy,account
accountant,account
accountantship,accountant
accounting,account
accoutrement,accoutre
accreditable,accredit
accreditation,accredit
accretionary,accretion
accruement,accrue
acculturational,acculturation
accurateness,accurate
accursedness,accursed
accusement,accuse
accuser,accuse
accustomary,accustom
accustomedness,accustomed
acetated,acetate
acetonemia,acetone
acetylate,acetyl
acetylene,acetyl
acetylic,acetyl
acetylide,acetyl
acetylsalicylic,acetyl
achievement,achieve
achiever,achieve
achromaticity,achromatic
acidemia,acid
acidhead,acid
acidic,acid
acidification,acid
acidify,acid
acidimeter,acid
acidimetric,acid
acidimetry,acid
acidity,acid
acidness,acid
acidometer,acid
acidophil,acid
acidophile,acid
acidophilic,acid
acidosis,acid
acidulate,acid
acidulous,acid
aciduria,acid
acidy,acid
acknowledgeable,acknowledge
acknowledger,acknowledge
acned,acne
acorned,acorn
acquaintance,acquaint
acquiree,acquire
acquirement,acquire
acquirer,acquire
acquisitional,acquisition
acquisitiveness,acquisitive
acquitment,acquit
acquittal,acquit
acquitter,acquit
acreage,acre
acred,acre
acridity,acrid
acridness,acrid
acrimoniousness,acrimonious
acrobatic,acrobat
acrobatics,acrobat
acrobatism,acrobat
acrocarpous,acro
acrocentric,acro
acrogen,acro
acrolect,acro
acrolithic,acrolith
acronymania,acronym
acronymic,acronym
acronymous,acronym
acrophony,acro
acrosome,acro
actability,act
actable,act
acting,act
actinide,actin
actiniform,actin
actinism,actin
actinium,actin
action,act
actionable,action
actioner,action
actionist,action
actionless,action
active,act
actively,active
activeness,active
activistic,activist
actor,act
actorish,actor
actorly,actor
actressy,actress
actual,act
actualist,actual
actuality,actual
actualize,actual
acutely,acute
acuteness,acute
acylate,acyl
acylation,acyl
adamantean,adamant
adamantine,adamant
adaptability,adapt
adaptable,adapt
adaptableness,adaptable
adaptation,adapt
adaptational,adaptation
adaptedness,adapted
adapter,adapt
adaptive,adapt
adaptiveness,adaptive
adaptogen,adapt
adaptogenic,adaptogen
adaptor,adapt
adbot,ad
addable,add
addedly,added
addend,add
adder,add
adderwort,adder
addible,add
addictedness,addicted
addiction,addict
addictiveness,addictive
additionality,additional
addlement,addle
addlepated,addle
addressability,address
addressable,address
addressee,address
addresser,address
adduceable,adduce
adducer,adduce
adduction,adduct
adductor,adduct
adenoidal,adenoid
adenoidectomy,adenoid
adenomatous,adenoma
adenylate,adenyl
adenylic,adenyl
adequateness,adequate
adherer,adhere
adhesional,adhesion
adhesiveness,adhesive
adjournment,adjourn
adjunctive,adjunct
adjurer,adjure
adjustability,adjust
adjustable,adjust
adjuster,adjust
adjustive,adjust
adjustment,adjust
adjustor,adjust
adland,ad
adman,ad
admass,ad
admeasurement,admeasure
admirableness,admirable
admiralship,admiral
admiralty,admiral
admirer,admire
admissibleness,admissible
admittable,admit
admittance,admit
admittedly,admitted
admittee,admit
admitter,admit
admonisher,admonish
admonishment,admonish
adobelike,adobe
adonise,adonis
adopt,ad
adoptability,adopt
adoptable,adopt
adoptee,adopt
adopter,adopt
adoptianism,adopt
adoption,adopt
adoptionism,adoption
adoptionist,adoption
adoptious,adopt
adoptive,adopt
adorable,ad
adorableness,adorable
adorer,adore
adorner,adorn
adornment,adorn
adrenalectomy,adrenal
adrenaline,adrenal
adroitness,adroit
adsorbability,adsorb
adsorbable,adsorb
adsorbate,adsorb
adsorber,adsorb
adspeak,ad
adulthood,adult
adultlike,adult
adultness,adult
aduncity,adunc
advancement,advance
advancer,advance
advantageable,advantage
advantageous,advantage
advective,advect
advene,ad
adventitial,adventitia
adventure,advent
adventureful,adventure
adventurer,adventure
adventuresome,adventure
adventurousness,adventurous
adverbial,adverb
adverbialize,adverbial
adverseness,adverse
advertisement,advertise
advertiser,advertise
advertizer,advertize
adviceful,advice
advisableness,advisable
advisedness,advised
advisee,advise
adviser,advise
advisership,adviser
adware,ad
adwoman,ad
adzelike,adze
aedileship,aedile
aerialist,aerial
aeriality,aerial
aerially,aerial
aeried,aerie
aerobicise,aerobic
aerobics,aerobic
aerobiont,aero
aerobot,aero
aerogram,aero
aerograph,aero
aerography,aero
aerolite,aero
aerolith,aero
aerolithology,aerolith
aerologist,aero
aerology,aero
aerometer,aero
aerometric,aero
aerometry,aero
aeronautic,aeronaut
aeronomy,aero
aerophagy,aero
aerophobe,aero
aerophobic,aero
aerophone,aero
aerophore,aero
aerophyte,aero
aerosolisation,aerosol
aerosolise,aerosol
aerosolization,aerosol
aerosolize,aerosol
aerostation,aerostat
aerotropism,aero
aesthetical,aesthetic
aesthetician,aesthetic
aestheticise,aesthetic
aestheticism,aesthetic
aestheticist,aesthetic
aestheticize,aesthetic
aesthetics,aesthetic
afeard,afear
affectability,affect
affectable,affect
affectation,affect
affectedness,affected
affecter,affect
affection,affect
affectional,affection
affectionate,affection
affectionless,affection
affective,affect
affectiveness,affective
affectless,affect
affectlessness,affectless
affeerment,affeer
affinely,affine
affirmable,affirm
affirmance,affirm
affirmer,affirm
affixable,affix
affixal,affix
affixation,affix
affixer,affix
affixment,affix
afflicter,afflict
affliction,afflict
afflictive,afflict
affluentness,affluent
afforcement,afforce
affordability,afford
affordable,afford
afforestable,afforest
afforestation,afforest
affrayer,affray
affrightment,affright
affrontee,affront
affrontive,affront
afters,after
afterward,after
afterwards,after
afterworld,after
aftmost,aft
against,again
agapeic,agape
agarose,agar
agateware,agate
agedness,aged
ageism,age
ageist,age
ageless,age
agelessness,ageless
agelong,age
agendaless,agenda
agential,agent
agenting,agent
agentive,agent
agentry,agent
ager,age
aggrandisement,aggrandise
aggrandizement,aggrandize
aggrandizer,aggrandize
aggregateness,aggregate
aggregational,aggregation
aggression,aggress
aggressive,aggress
aggrievement,aggrieve
agileness,agile
aginner,agin
agistment,agist
agistor,agist
agitational,agitation
agnamed,agname
agonal,agon
agonism,agon
agonistics,agonist
agonize,agon
agony,agon
agoraphobia,agora
agrarianism,agrarian
agreeability,agree
agreeable,agree
agreeableness,agreeable
agreement,agree
agribusinessman,agribusiness
agriculturalist,agricultural
agrology,agro
aguelike,ague
agueweed,ague
ahistorical,ahistoric
aidance,aid
aider,aid
aidful,aid
aidless,aid
aidman,aid
ailment,ail
aimer,aim
aimful,aim
aimfully,aimful
aimless,aim
aimlessness,aimless
airbag,air
airball,air
airboat,air
airborne,air
airbound,air
airburst,air
airbus,air
aircheck,air
aircraft,air
aircraftman,aircraft
aircraftsman,aircraft
aircraftswoman,aircraft
aircraftwoman,aircraft
aircrew,air
airdate,air
airdrawn,air
airdrome,air
airer,air
airest,air
airfare,air
airfield,air
airflow,air
airfoil,air
airframe,air
airfreight,air
airgap,air
airglow,air
airgraph,air
airhead,air
airhole,air
airing,air
airless,air
airlessness,airless
airlift,air
airlike,air
airline,air
airliner,air
airlock,air
airmail,air
airman,air
airmanship,airman
airmobile,air
airpark,air
airplane,air
airplay,air
airport,air
airpost,air
airpower,air
airproof,air
airscape,air
airscrew,air
airshaft,air
airsick,air
airsickness,air
airside,air
airsome,air
airspace,air
airspeed,air
airstream,air
airstrike,air
airstrip,air
airtight,air
airtightness,airtight
airtime,air
airward,air
airwards,air
airwave,air
airway,air
airwise,air
airwoman,air
airworthy,air
airy,air
aisled,aisle
aisleless,aisle
aisleway,aisle
alarmable,alarm
alarmism,alarm
alarmist,alarm
albertite,albert
albinoism,albino
albumenise,albumen
albumenize,albumen
albuminate,albumin
albuminise,albumin
albuminous,albumin
albuminuria,albumin
alcoholic,alcohol
alcoholism,alcohol
alcoholometry,alcohol
alcoved,alcove
alderfly,alder
aldermanic,alderman
aldermanity,alderman
aldermanlike,alderman
aldermanly,alderman
aldermanry,alderman
aldermanship,alderman
aldern,alder
aldolase,aldol
aldolization,aldol
alebench,ale
alehouse,ale
alertness,alert
alewife,ale
algal,al
algebraic,algebra
algebraical,al
algebraist,algebra
algicidal,al
algidity,algid
algidness,algid
algolagniac,algolagnia
algorismic,algorism
algorithmic,algorithm
alienability,alien
alienable,alien
alienage,alien
alienate,alien
alienee,alien
alienism,alien
alienness,alien
alightment,alight
aligner,align
alignment,align
alikeness,alike
alimentary,aliment
alimentative,aliment
aliveness,alive
alizarin,alizari
alkahestic,alkahest
alkalic,alkali
alkalify,alkali
alkalimeter,alkali
alkalimetric,alkali
alkalimetry,alkali
alkaline,alkali
alkalize,alkali
alkalizer,alkalize
alkaloidal,al
allayer,allay
allayment,allay
alleger,allege
allegoricalness,allegorical
allegoriser,allegorise
allegorizer,allegorize
allenarly,all
allergenic,allergen
allergenicity,allergenic
alleyed,alley
alleyway,alley
allheal,all
allness,all
allomorphism,allomorph
allonymous,allonym
alloplasmic,alloplasm
allotment,allot
allottee,allot
allotter,allot
allottery,allot
allover,all
allowability,allow
allowable,allow
allowableness,allowable
allowance,allow
allurement,allure
allurer,allure
allusiveness,allusive
allylic,allyl
allyou,all
almondy,almond
almsgiving,alms
almsman,alms
almswoman,alms
alnager,alnage
aloeswood,aloes
aloneness,alone
alongshore,along
alongshoreman,alongshore
alongside,along
alongst,along
aloofness,aloof
alphabetarian,alphabet
alphabetic,alphabet
alphabetical,al
alphabetiform,alphabet
alphabetise,alphabet
alphabetiser,alphabetise
alphabetize,alphabet
alphabetizer,alphabetize
altarage,altar
altarpiece,altar
altarwise,altar
alterability,alter
alterable,alter
alteration,alter
alterer,alter
alternativeness,alternative
altitudinal,al
altoist,alto
alular,alula
alumish,alum
alumium,alum
alumroot,alum
alumstone,alum
always,alway
amaranthine,amaranth
amaryllidaceous,amaryllid
amassable,amass
amasser,amass
amassment,amass
amateurish,amateur
amateurishness,amateurish
amateurism,amateur
amateurship,amateur
amativeness,amative
amazeballs,amaze
amazedness,amazed
amazement,amaze
amazonian,amazon
amazonite,amazon
amazonstone,amazon
ambassadorial,ambassador
ambassadorship,ambassador
amberoid,amber
amberous,amber
ambery,amber
ambidexterity,ambidexter
ambition,ambit
ambitionless,ambition
ambitious,ambit
ambitiousness,ambitious
ambler,amble
ambrosian,ambrosia
ambulanceman,ambulance
ambulancewoman,ambulance
ambulatory,ambulator
ambuscader,ambuscade
ambusher,ambush
ambushment,ambush
ameban,ameba
ameerate,ameer
amenableness,amenable
amendable,amend
amender,amend
amendment,amend
amentaceous,ament
amental,ament
amerceable,amerce
amercement,amerce
amercer,amerce
amethystine,amethyst
amiableness,amiable
amicableness,amicable
amidmost,amid
amidship,amid
amidships,amid
amidst,amid
amirate,amir
ammoniacal,ammoniac
ammoniate,ammonia
ammoniation,ammonia
ammonite,ammon
ammonoid,ammon
amnesiac,amnesia
amniotomy,amnio
amongst,among
amoralism,amoral
amoralist,amoral
amoristic,amorist
amorousness,amorous
amorphousness,amorphous
amortisement,amortise
amortizement,amortize
amphibiousness,amphibious
amphibrachic,amphibrach
amphictyonic,amphictyon
amphipodous,amphipod
amphoral,amphora
ampleness,ample
ampullaceous,ampulla
ampullar,ampulla
ampullary,ampulla
amuletic,amulet
amusement,amuse
amuser,amuse
amusingness,amusing
amusiveness,amusive
amygdalin,amygdal
amygdaline,amygdal
amygdaloidal,amygdaloid
amylase,amyl
amylene,amyl
amylic,amyl
amylogen,amyl
amyloid,amyl
amyloidosis,amyloid
amylose,amyl
anacreontically,anacreontic
anagen,ana
anagenesis,ana
anaglyphic,anaglyph
anagrammatic,anagram
anagrammer,anagram
analeptic,ana
analgia,an
anality,anal
anally,anal
analogical,analogic
analogousness,analogous
analyser,analyse
analyticity,analytic
analyzer,analyze
anandrous,an
anapaestic,anapaest
anapaestical,anapaest
anapestic,anapest
anaplasia,ana
anarchistic,anarchist
anarthrousness,anarthrous
anathematise,anathema
anathematize,anathema
anatomical,anatomic
anatomiser,anatomise
anatomizer,anatomize
anatomy,ana
anatropy,ana
ancestorial,ancestor
anchorage,anchor
anchoress,anchor
anchoretic,anchoret
anchorless,anchor
anchorman,anchor
anchorperson,anchor
ancientness,ancient
ancientry,ancient
anconal,ancon
anconoid,ancon
androgenic,androgen
androgenous,androgen
anecdotalism,anecdotal
anecdotalist,anecdotal
aneurismal,aneurism
aneurysmal,aneurysm
angelfish,angel
angelhood,angel
angelic,angel
angelical,angel
angelolatry,angel
angelology,angel
angelophany,angel
angerless,anger
anginal,angina
angiospermal,angiosperm
angiospermous,angiosperm
angler,angle
anglerfish,angler
anglewise,angle
angleworm,angle
anglophilia,anglo
anglophone,anglo
angsty,angst
angularity,angular
angularness,angular
anhedral,an
aniconism,an
aniconist,an
animadverter,animadvert
animalcule,animal
animalian,animal
animalic,animal
animalise,animal
animalism,animal
animalist,animal
animalistic,animal
animality,animal
animalize,animal
animateness,animate
animater,animate
animistic,animist
anklebone,ankle
anklet,ankle
annalise,annal
annalist,annal
annalistic,annal
annalize,annal
annealer,anneal
annelidan,an
annexable,annex
annexational,annexation
annexationism,annexation
annexationist,annexation
annexment,annex
annexure,annex
annihilationism,annihilation
announcement,announce
announcer,announce
annoyance,annoy
annualise,annual
annualize,annual
annularity,annular
annullable,annul
annulment,annul
anodizer,anodize
anodontia,an
anointer,anoint
anointment,anoint
anomalousness,anomalous
anonymous,anonym
anonymousness,anonymous
another,an
answerability,answer
answerable,answer
answerableness,answerable
answerer,answer
answerless,answer
answerphone,answer
antagonistic,antagonist
antbird,ant
antediluvian,an
antefixal,antefix
antennal,antenna
anteriority,anterior
anthemic,anthem
anthemwise,anthem
antheral,anther
antheridium,anther
anthologiser,anthologise
anthologizer,anthologize
antiabortionist,antiabortion
antiblackism,antiblack
antibuser,anti
anticize,antic
anticlericalism,anticlerical
anticline,anti
antigenic,antigen
antigenicity,antigenic
antiheroic,antihero
antilifer,antilife
antimere,anti
antimicrobial,anti
antimonyl,antimony
anting,ant
antinomianism,antinomian
antinomy,anti
antinovelist,antinovel
antinuclearist,anti
antinuker,antinuke
antiozonant,ant
antipathic,anti
antiphonic,antiphon
antiquarian,an
antiquarianism,antiquarian
antiquatedness,antiquated
antiqueness,antique
antiquer,antique
antiquey,antique
antiquitarian,an
antiroyalist,anti
antirrhinum,anti
antisepalous,anti
antisepticise,antiseptic
antisepticism,antiseptic
antisepticize,antiseptic
antismoker,antismoke
antisocialism,antisocial
antisociality,antisocial
antispastic,antispast
antitruster,antitrust
antlered,antler
antlike,ant
antlion,ant
antonymic,antonym
antonymous,antonym
antpitta,ant
antrorsely,antrorse
antsy,ants
anuran,an
anuria,an
anxiousness,anxious
anybody,any
anyhow,any
anymore,any
anyon,any
anyone,any
anyplace,any
anything,any
anythingarian,anything
anytime,any
anyway,any
anywhen,any
anywhere,any
anywise,any
aoristic,aorist
aortal,aorta
apartmental,apartment
apartness,apart
apathetical,apathetic
apedom,ape
apehood,ape
apelike,ape
apeman,ape
aper,ape
apertness,apert
apertured,aperture
apery,ape
apeshit,ape
aphidian,aphid
aphidicide,aphid
aphoriser,aphorise
aphoristic,aphorist
aphrodisiacal,aphrodisiac
apically,apical
apishness,apish
apnoeal,apnoea
apocalypticism,apocalyptic
apocryphal,apocrypha
apocryphalness,apocryphal
apodictical,apodictic
apoliticality,apolitical
apologiser,apologise
apologizer,apologize
apophysis,apo
apoplast,apo
apostleship,apostle
apostolicism,apostolic
apostolicity,apostolic
apparelment,apparel
apparentness,apparent
apparitional,apparition
appeachment,appeach
appealable,appeal
appealer,appeal
appealingness,appealing
appearance,appear
appearer,appear
appeaser,appease
appellational,appellation
appendage,append
appendant,append
appertainment,appertain
appetizer,appetize
applaudable,applaud
applauder,applaud
applecart,apple
applejack,apple
applesauce,apple
applet,app
appley,apple
applicableness,applicable
appointer,appoint
appointive,appoint
appointment,appoint
appointor,appoint
apportionable,apportion
apportioner,apportion
apportionment,apportion
apposer,appose
appositeness,apposite
appositional,apposition
appraisee,appraise
appraisement,appraise
appraiser,appraise
apprenticehood,apprentice
apprenticeship,apprentice
appressorium,appress
appriser,apprise
apprizer,apprize
approachability,approach
approachable,approach
appropriateness,appropriate
approver,approve
apronful,apron
apronlike,apron
aptitude,apt
aptness,apt
aquadrome,aqua
aquafaba,aqua
aquafer,aqua
aquanaut,aqua
aquaphobe,aqua
aquaphobic,aqua
aquaplaner,aquaplane
aquascape,aqua
aquatinter,aquatint
aquatintist,aquatint
arabesqued,arabesque
arabicise,arabic
arachnoidal,arachnoid
arachnoiditis,arachnoid
arbalester,arbalest
arbitrager,arbitrage
arbitrageur,arbitrage
arbitrational,arbitration
arbored,arbor
arborist,arbor
arborvitae,arbor
arboured,arbour
arbuscular,ar
arbutean,arbute
arcaneness,arcane
archaeal,archaea
archaical,archaic
archaicism,archaic
archaiser,archaise
archaistic,archaist
archaizer,archaize
archangelic,archangel
archbishopric,archbishop
archdeaconry,archdeacon
archdukedom,archduke
archeress,archer
archerfish,archer
archery,archer
archicarp,archi
architraved,architrave
archlet,arch
archlike,arch
archness,arch
archonship,archon
archpriesthood,archpriest
archstone,arch
archway,arch
archwise,arch
arcminute,arc
arcsecond,arc
areal,area
areaway,area
argentiferous,argent
argentine,argent
argotic,argot
arguer,argue
argumentation,argument
arhatship,arhat
aridity,arid
aridness,arid
aristocratical,aristocrat
aristocratism,aristocrat
arithmetical,arithmetic
arithmetician,arithmetic
armband,arm
armchair,arm
armer,arm
armful,arm
armgaunt,arm
armguard,arm
armhole,arm
armigerous,armiger
armless,arm
armlet,arm
armlike,arm
armload,arm
armlock,arm
armor,arm
armorer,armor
armorial,armor
armorist,armor
armorless,armor
armoury,armour
armpit,arm
armrest,arm
armyworm,army
aromatherapist,aroma
aromatherapy,aroma
aromaticity,aromatic
arouser,arouse
arquebusier,arquebus
arraigner,arraign
arraignment,arraign
arrangeable,arrange
arrangement,arrange
arranger,arrange
arrased,arras
arrayer,array
arrestable,arrest
arrestee,arrest
arrester,arrest
arrestive,arrest
arrestment,arrest
arrestor,arrest
arriver,arrive
arrowgrass,arrow
arrowhead,arrow
arrowless,arrow
arrowlike,arrow
arrowroot,arrow
arrowwood,arrow
arrowworm,arrow
arrowy,arrow
arsehole,arse
arseholed,arsehole
arsey,arse
arsonist,arson
arsonite,arson
arterialise,arterial
arterialization,arterial
arterialize,arterial
arteriolar,ar
artful,art
artfulness,artful
arthrodial,arthrodia
arthropodal,arthropod
articular,ar
articulateness,articulate
artificiality,artificial
artificialize,artificial
artificialness,artificial
artilleryman,artillery
artisanal,artisan
artisanship,artisan
artist,art
artistic,artist
artless,art
artlessness,artless
artmaker,art
artmaking,art
artsie,arts
artsman,arts
artsy,arts
artwork,art
arty,art
asbestosis,asbestos
ascendable,ascend
ascendancy,ascend
ascendant,ascend
ascender,ascend
ascensional,ascension
ascensionist,ascension
ascertainable,ascertain
ascertainment,ascertain
ascetical,ascetic
asceticism,ascetic
asconoid,ascon
asepticise,aseptic
asepticism,aseptic
asepticize,aseptic
asexuality,asexual
ashamedness,ashamed
ashcake,ash
ashcan,ash
ashen,ash
ashery,ash
ashfall,ash
ashlaring,ashlar
ashless,ash
ashman,ash
ashpan,ash
ashplant,ash
ashramite,ashram
ashtray,ash
ashy,ash
asker,ask
askewness,askew
asking,ask
aspen,asp
aspergillosis,aspergill
asperser,asperse
asphalter,asphalt
asphaltic,asphalt
asphaltite,asphalt
asphyxial,asphyxia
asphyxiate,asphyxia
aspirational,aspiration
aspirer,aspire
aspiringness,aspiring
aspish,asp
assailable,assail
assailant,assail
assailer,assail
assailment,assail
assassinate,assassin
assaulter,assault
assaultive,assault
assaultiveness,assaultive
assayable,assay
assayer,assay
assembler,assemble
assemblyman,assembly
assemblywoman,assembly
assenter,assent
assentive,assent
assentiveness,assentive
assentor,assent
assertable,assert
asserter,assert
assertion,assert
assertive,assert
assertiveness,assertive
assertor,assert
assertoric,assertor
assessable,assess
assessment,assess
assessorship,assessor
assetless,asset
asshole,ass
assiduousness,assiduous
assignability,assign
assignable,assign
assignee,assign
assigner,assign
assignment,assign
assignor,assign
assimilationism,assimilation
assimilationist,assimilation
assistance,assist
assistant,assist
assistantship,assistant
assister,assist
assistive,assist
assistor,assist
assizer,assize
asslike,ass
associateship,associate
associational,association
associationism,association
associationist,association
assoilment,assoil
assortative,assort
assortedness,assorted
assorter,assort
assortment,assort
assuagement,assuage
assuager,assuage
assumer,assume
assuredness,assured
assurer,assure
asswipe,ass
astaticism,astatic
asteriskless,asterisk
asterism,aster
asteroid,aster
asteroidal,asteroid
astonishment,astonish
astoundment,astound
astronautical,astronaut
astuteness,astute
atheistic,atheist
atheistical,atheist
atheromatous,atheroma
athleticism,athletic
atmosphered,atmosphere
atomic,atom
atomicity,atomic
atomiser,atomise
atomism,atom
atomist,atom
atomistic,atom
atomization,atom
atomize,atom
atomizer,atomize
atomy,atom
atonalism,atonal
atonalist,atonal
atonality,atonal
atone,at
atonement,at
atoner,atone
atonicity,atonic
atrabiliousness,atrabilious
atramental,atrament
atramentous,atrament
atrociousness,atrocious
attachable,attach
attacher,attach
attachment,attach
attackable,attack
attacker,attack
attackman,attack
attainability,attain
attainable,attain
attainableness,attainable
attainer,attain
attainment,attain
attaintment,attaint
attemperment,attemper
attemptability,attempt
attemptable,attempt
attempter,attempt
attendant,attend
attendee,attend
attender,attend
attending,attend
attentional,attention
attentiveness,attentive
attestable,attest
attestation,attest
attestative,attest
attester,attest
attestor,attest
attirement,attire
attitudinizer,attitudinize
attorneydom,attorney
attorneyism,attorney
attorneyship,attorney
attractable,attract
attractancy,attract
attraction,attract
attractive,attract
attractiveness,attractive
attributer,attribute
attributional,attribution
attributiveness,attributive
attrition,attrit
attritional,attrition
attritive,attrit
attuitional,attuition
attunement,attune
atypicality,atypical
auctioneer,auction
audaciousness,audacious
audibleness,audible
audiogenic,audio
audiogram,audio
audiology,audio
audiometer,audio
audiometric,audio
audiometrician,audiometric
audiometry,audio
audiophile,audio
audiotape,audio
auditable,audit
auditee,audit
auditioner,audition
auditorship,auditor
augmentable,augment
augmentative,augment
augmenter,augment
augural,augur
augurer,augur
augurship,augur
augury,augur
augustness,august
auklet,auk
aunthood,aunt
auntie,aunt
auntlike,aunt
auntly,aunt
aunty,aunt
aurality,aural
aurally,aural
aurelian,aurelia
auricled,auricle
auricular,auricula
auroral,aurora
auspiciousness,auspicious
austereness,austere
auteurism,auteur
auteurist,auteur
authentical,authentic
authenticate,authentic
authenticity,authentic
authorcraft,author
authoress,author
authorial,author
authoriser,authorise
authorish,author
authorism,author
authorizer,authorize
authorless,author
authorship,author
autochthonal,autochthon
autochthonic,autochthon
autochthonous,autochthon
autochthony,autochthon
autocidal,auto
autocratic,autocrat
autocratical,autocrat
autocrime,auto
autodidactic,autodidact
autodidacticism,autodidactic
autodrome,auto
autoecious,auto
autogamous,auto
autogamy,auto
autogenesis,auto
autogenic,auto
autogenous,auto
autogeny,auto
autographic,autograph
autography,auto
autolatry,auto
autology,auto
autolytic,auto
automaker,auto
automan,auto
automaticity,automatic
autophagia,auto
autophagy,auto
autophobia,auto
autophony,auto
autophyte,auto
autoscopy,auto
autosome,auto
autotomy,auto
autotroph,auto
autotrophic,auto
autotrophy,auto
autoworker,auto
autumnal,autumn
autumny,autumn
auxinic,auxin
available,avail
availableness,available
availful,avail
avariciousness,avaricious
avascularity,avascular
avengeful,avenge
avengement,avenge
avenger,avenge
avengeress,avenger
averageness,average
averager,average
averrable,aver
averseness,averse
aversiveness,aversive
avertable,avert
averter,avert
avertible,avert
avianize,avian
avidity,avid
avidness,avid
avifaunal,avifauna
avocational,avocation
avoidable,avoid
avoidance,avoid
avoidant,avoid
avoider,avoid
avouchable,avouch
avoucher,avouch
avouchment,avouch
avowable,avow
avowableness,avowable
avowal,avow
avowedly,avowed
avower,avow
avuncularity,avuncular
awaiter,await
awakener,awaken
awakening,awaken
awardable,award
awardee,award
awarder,award
awareness,aware
awayness,away
aweless,awe
awelessness,aweless
awesome,awe
awesomeness,awesome
awestricken,awe
awestrike,awe
awestruck,awe
awfulness,awful
awkward,awk
awkwardish,awkward
awkwardness,awkward
awlwort,awl
awner,awn
awninged,awning
awnless,awn
awny,awn
axelike,axe
axeman,axe
axiality,axial
axially,axial
axiomatic,axiom
axiomatics,axiomatic
axised,axis
axled,axle
axlike,ax
axman,ax
axonal,axon
axonic,axon
axoplasmic,axoplasm
azimuthal,azimuth
azoted,azote
azotemia,azote
baaing,baa
babbittry,babbitt
babblement,babble
babbler,babble
baboonery,baboon
baboonish,baboon
babudom,babu
babuism,babu
babyhood,baby
babyish,baby
babylike,baby
babyproof,baby
bacchanalianism,bacchanalian
bachelordom,bachelor
bachelorette,bachelor
bachelorhood,bachelor
bachelorism,bachelor
bachelorship,bachelor
bacillicide,bacilli
backache,back
backband,back
backbeat,back
backbench,back
backbencher,backbench
backbend,back
backbiter,backbite
backblock,back
backboard,back
backbond,back
backboned,backbone
backboneless,backbone
backbreaker,back
backbreaking,back
backburn,back
backchannel,back
backchat,back
backcheck,back
backcloth,back
backcomb,back
backcountry,back
backcourt,back
backcourtman,backcourt
backcross,back
backdate,back
backdoor,back
backdown,back
backdraft,back
backdraught,back
backdrop,back
backer,back
backfall,back
backfat,back
backfield,back
backfile,back
backfill,back
backfire,back
backfit,back
backflow,back
background,back
backgrounder,background
backhand,back
backhandedness,backhanded
backhander,backhand
backhaul,back
backhoe,back
backhouse,back
backie,back
backing,back
backland,back
backlasher,backlash
backless,back
backlift,back
backlight,back
backline,back
backliner,backline
backlist,back
backlit,back
backload,back
backlog,back
backlot,back
backmarker,back
backmost,back
backpack,back
backpacker,backpack
backpacking,backpack
backpedal,back
backpiece,back
backplane,back
backplate,back
backsaw,back
backscattering,back
backscratch,back
backscratcher,back
backseat,back
backset,back
backsight,back
backslap,back
backslapper,backslap
backslash,back
backslide,back
backslider,backslide
backspace,back
backspacer,backspace
backsplash,back
backsplit,back
backstab,back
backstabber,back
backstage,back
backstair,back
backstairs,back
backstay,back
backstitch,back
backstop,back
backstrap,back
backstreet,back
backstretch,back
backstroke,back
backswept,back
backswimmer,back
backswing,back
backsword,back
backswordman,backsword
backtalk,back
backtrack,back
backveld,back
backvelder,backveld
backward,back
backwardation,backward
backwardly,backward
backwardness,backward
backwards,backward
backwash,back
backwater,back
backwind,back
backwood,back
backwoods,back
backwoodsman,backwoods
backwoodsy,backwoods
backword,back
backyard,back
baconer,bacon
badass,bad
baddie,bad
baddish,bad
badgeless,badge
badger,badge
badgerly,badger
badman,bad
badness,bad
badware,bad
bafflegab,baffle
bafflement,baffle
baffler,baffle
baffy,baff
bagful,bag
baggage,bag
bagger,bag
baggie,bag
baggy,bag
baghouse,bag
bagless,bag
baglike,bag
bagman,bag
bagpiper,bagpipe
bagwash,bag
bagworm,bag
bailable,bail
bailee,bail
bailer,bail
bailiffship,bailiff
bailment,bail
bailor,bail
bailsman,bail
bairnish,bairn
bairnlike,bairn
bairnly,bairn
baiter,bait
baitfish,bait
bakeapple,bake
bakeboard,bake
bakemeat,bake
baker,bake
bakery,bake
bakeware,bake
balanceable,balance
balancer,balance
baldfaced,bald
baldhead,bald
baldheaded,bald
baldie,bald
baldish,bald
baldness,bald
baldpate,bald
baldpated,bald
baldy,bald
balefire,bale
baleful,bale
balefulness,baleful
baler,bale
balker,balk
balking,balk
balkline,balk
balky,balk
balladeer,ballad
balladic,ballad
balladist,ballad
balladmonger,ballad
balladry,ballad
ballcock,ball
baller,ball
ballet,ball
balletic,ballet
balletomane,ballet
ballfield,ball
ballgown,ball
ballhandling,ball
ballhawk,ball
balling,ball
ballistics,ballistic
balloonist,balloon
ballotee,ballot
balloter,ballot
ballpark,ball
ballpoint,ball
ballroom,ball
ballsy,balls
ballyard,ball
balmlike,balm
balmy,balm
balsamic,balsam
balsamiferous,balsam
balsamy,balsam
balsawood,balsa
balustered,baluster
balustraded,balustrade
bamboozlement,bamboozle
bamboozler,bamboozle
banal,ban
banalise,banal
banality,banal
banalize,banal
bandager,bandage
bandbox,band
bandbrake,band
bander,band
bandfish,band
banding,band
banditry,bandit
bandleader,band
bandlike,band
bandmaster,band
bandmate,band
bandog,band
bandoliered,bandolier
bandpass,band
bandsaw,band
bandshell,band
bandsman,band
bandstand,band
bandwagon,band
bandwidth,band
bandying,bandy
bandyman,bandy
baneful,bane
banefulness,baneful
banger,bang
bangle,bang
bangled,bangle
bangster,bang
bangtail,bang
banisher,banish
banishment,banish
banjoist,banjo
bankability,bank
bankable,bank
bankbook,bank
bankcard,bank
banker,bank
bankerly,banker
banknote,bank
bankroller,bankroll
bankruptcy,bankrupt
bankside,bank
banksman,bank
bannable,ban
banner,ban
banneret,banner
bannerette,banner
banning,ban
banqueteer,banquet
banqueter,banquet
bantamweight,bantam
banterer,banter
baptiser,baptise
baptismal,baptism
baptizer,baptize
barbarianism,barbarian
barbarousness,barbarous
barbate,barb
barbecuer,barbecue
barbless,barb
barbwire,barb
barcoded,barcode
bardic,bard
bardie,bard
bardism,bard
bardling,bard
bardolater,bard
bardolatry,bard
bardship,bard
bareback,bare
barebacking,bareback
bareboat,bare
barebone,bare
barefaced,bare
barefacedness,barefaced
barefooted,bare
barehand,bare
bareheaded,bare
barelegged,bare
bareness,bare
baresark,bare
barfly,bar
barful,bar
bargainer,bargain
bargee,barge
bargelike,barge
bargeman,barge
bargemaster,barge
barhop,bar
baric,bar
barken,bark
barker,bark
barkless,bark
barklike,bark
barky,bark
barless,bar
barleycorn,barley
barmaid,bar
barman,bar
barmy,barm
barnacled,barnacle
barnboard,barn
barnlike,barn
barnstorm,barn
barnstormer,barnstorm
barnwood,barn
barny,barn
barnyard,barn
barographic,barograph
barometrical,barometric
baroness,baron
baronetage,baronet
baronetcy,baronet
baronetess,baronet
baronetical,baronet
barony,baron
barperson,bar
barrable,bar
barracker,barrack
barrelage,barrel
barrelful,barrel
barrelhead,barrel
barrelhouse,barrel
barrenness,barren
barrenwort,barren
barricader,barricade
barristerial,barrister
barristership,barrister
barroom,bar
barrowful,barrow
bartender,bar
bartending,bar
barterer,barter
barware,bar
barwood,bar
baryonic,baryon
basaltic,basalt
basaltine,basalt
basaltware,basalt
baseball,base
baseballer,baseball
baseband,base
baseborn,base
baseburner,base
baseless,base
baselessness,baseless
baseline,base
baseliner,baseline
baseload,base
basely,base
baseman,base
basement,base
basementless,basement
basen,base
baseness,base
basepath,base
baseplate,base
baserunner,base
baserunning,base
bashawism,bashaw
bashawship,bashaw
basher,bash
bashfulness,bashful
bashless,bash
bashment,bash
basicity,basic
basilican,basilica
basinal,basin
basined,basin
basinful,basin
basinlike,basin
basketball,basket
basketful,basket
basketlike,basket
basketry,basket
basketweaver,basket
basketwork,basket
basqued,basque
bassist,bass
bassline,bass
bassness,bass
bassoonist,bassoon
basswood,bass
bassy,bass
bastardise,bastard
bastardism,bastard
bastardization,bastard
bastardize,bastard
bastardly,bastard
bastardry,bastard
bastardy,bastard
baster,baste
bastioned,bastion
batboy,bat
batcher,batch
bateless,bate
batfish,bat
batgirl,bat
bather,bathe
bathhouse,bath
bathless,bath
batholithic,batholith
bathroom,bath
bathtub,bath
bathwater,bath
batlet,bat
batlike,bat
batman,bat
batologist,bat
batology,bat
batsman,bat
batsmanship,batsman
batswing,bat
batswoman,bat
batteler,battel
battener,batten
batter,bat
batterer,batter
batting,bat
battlebus,battle
battledress,battle
battlefield,battle
battlefront,battle
battleground,battle
battlement,battle
battlemented,battlement
battleplane,battle
battler,battle
battleship,battle
battlespace,battle
batty,bat
batwing,bat
baulker,baulk
baulky,baulk
bawdy,bawd
bawler,bawl
bayard,bay
bayman,bay
bayside,bay
baywood,bay
baywop,bay
beachball,beach
beachboy,beach
beachcomber,beach
beachcombing,beach
beachfront,beach
beachgoer,beach
beachside,beach
beachwear,beach
beachy,beach
beader,bead
beadledom,beadle
beadlehood,beadle
beadleship,beadle
beadlike,bead
beadroll,bead
beadsman,bead
beadwork,bead
beady,bead
beagler,beagle
beakerful,beaker
beakless,beak
beaklike,beak
beaky,beak
beamer,beam
beamish,beam
beamless,beam
beamlet,beam
beamlike,beam
beamy,beam
beanbag,bean
beanball,bean
beanery,bean
beanfeast,bean
beanie,bean
beanlike,bean
beanpole,bean
beanstalk,bean
beany,bean
bearability,bear
bearable,bear
bearableness,bearable
bearbaiting,bear
bearcat,bear
beardedness,bearded
beardie,beard
beardless,beard
beardlessness,beardless
beardlike,beard
beardtongue,beard
beardy,beard
bearer,bear
beargrass,bear
bearing,bear
bearish,bear
bearishness,bearish
bearlike,bear
bearskin,bear
bearward,bear
beasthood,beast
beastie,beast
beastlike,beast
beastly,beast
beatable,beat
beatbox,beat
beatboxer,beatbox
beater,beat
beating,beat
beatless,beat
beaty,beat
beauish,beau
beauteousness,beauteous
beautifulness,beautiful
beaverboard,beaver
beavery,beaver
bebopper,bebop
beckoner,beckon
becomingness,becoming
bedazzlement,bedazzle
bedboard,bed
bedbug,bed
bedcover,bed
bedcovering,bed
beddable,bed
bedder,bed
bedding,bed
bedelship,bedel
bedevilment,bedevil
bedframe,bed
bedgown,bed
bedizenment,bedizen
bedlamer,bedlam
bedlamism,bedlam
bedlamite,bedlam
bedlamp,bed
bedless,bed
bedlike,bed
bedliner,bed
bedmate,bed
bedotted,be
bedpan,bed
bedplate,bed
bedpost,bed
bedquilt,bed
bedrail,bed
bedrite,bed
bedrock,bed
bedroll,bed
bedroomed,bedroom
bedropt,bedrop
bedside,bed
bedskirt,bed
bedsock,bed
bedsore,bed
bedspread,bed
bedspring,bed
bedstand,bed
bedtick,bed
bedward,bed
bedwards,bed
bedwarmer,bed
bedwetter,bed
beechdrops,beech
beechen,beech
beechmast,beech
beechnut,beech
beechwood,beech
beechy,beech
beefburger,beef
beefcake,beef
beefeater,beef
beefless,beef
beefsteak,beef
beefwood,beef
beefy,beef
beehive,bee
beehived,beehive
beekeeper,bee
beekeeping,bee
beelike,bee
beeline,bee
beeper,beep
beer,be
beerfest,beer
beery,beer
beeswax,bee
beeswing,bee
beeswinged,beeswing
beetfly,beet
beetlebrain,beetle
beetlehead,beetle
beetler,beetle
beeyard,bee
befinned,be
beforehand,before
beforetime,before
befouler,befoul
befoulment,befoul
befuddlement,befuddle
begetter,beget
beggar,beg
beggardom,beggar
beggarhood,beggar
beggarly,beggar
beggarweed,beggar
beggary,beggar
begging,beg
beginner,begin
beginning,begin
beginningless,beginning
begoggled,be
begrudger,begrudge
begrudgery,begrudge
beguilement,beguile
beguiler,beguile
behatted,be
behaver,behave
behavioral,behavior
behaviorism,behavior
behaviorist,behavior
behavioristic,behaviorist
behavioural,behaviour
behaviourism,behaviour
behaviourist,behaviour
beheadal,behead
beheader,behead
beheading,behead
behindhand,behind
beholder,behold
behoveful,behove
beingless,being
beingness,being
belatedness,belated
belayer,belay
belcher,belch
beleaguerment,beleaguer
beliefless,belief
belier,belie
believer,believe
belittlement,belittle
belittler,belittle
bellbind,bell
bellbird,bell
bellboy,bell
bellcote,bell
belletristic,belletrist
bellflower,bell
bellfounder,bell
belling,bell
bellman,bell
bellower,bellow
bellwether,bell
bellwort,bell
bellyache,belly
bellyacher,bellyache
bellyband,belly
bellybutton,belly
bellyflop,belly
bellyful,belly
bellying,belly
bellylike,belly
belonger,belong
belongingness,belonging
beloved,belove
belowdecks,below
belowground,below
belowstairs,below
belter,belt
beltless,belt
beltlike,belt
beltline,belt
beltman,belt
beltway,belt
bemoaner,bemoan
bemusement,bemuse
bencher,bench
benchership,bencher
benchland,bench
benchless,bench
benchmark,bench
benchtop,bench
benchy,bench
bendable,bend
bender,bend
bendlet,bend
bendwise,bend
bendy,bend
benedictional,benediction
benedictive,benedict
beneficialness,beneficial
benefiter,benefit
benevolentness,benevolent
benightedness,benighted
benighten,benight
benighter,benight
benightment,benight
benignancy,benign
benignant,benign
benignity,benign
benthonic,benthon
bentwood,bent
benty,bent
benumbedness,benumbed
benumbment,benumb
bequeathable,bequeath
bequeathal,bequeath
bequeather,bequeath
bequeathment,bequeath
bereavement,bereave
bereaver,bereave
bergfall,berg
beringed,be
berouged,be
berryless,berry
berrylike,berry
berthage,berth
berthing,berth
beryllium,beryl
beseecher,beseech
beseechingness,beseeching
beseeming,beseem
besetment,beset
besetter,beset
beshrew,be
beside,be
besides,beside
besiegement,besiege
besieger,besiege
besmearer,besmear
besmirch,be
besottedness,besotted
bespectacled,be
bestest,best
bestialism,bestial
bestiality,bestial
bestialize,bestial
bestowal,bestow
bestower,bestow
bestowment,bestow
bestseller,best
bestsellerdom,bestseller
betacism,beta
betatron,beta
betcha,bet
betrayal,betray
betrayer,betray
betrothal,betroth
betrothed,betroth
betrothment,betroth
better,bet
bettering,better
betterment,better
bettermost,better
betterness,better
betweenity,between
betweenness,between
betweenwhiles,between
beveller,bevel
bevelment,bevel
bewailer,bewail
beware,be
beweltered,be
bewilderedness,bewildered
bewilderment,bewilder
bewitcher,bewitch
bewitchery,bewitch
bewitchment,bewitch
bewrayer,bewray
bezelless,bezel
biasness,bias
biathlon,bi
bibber,bib
bibful,bib
bibless,bib
biblike,bib
bibliomaniacal,bibliomaniac
bibulousness,bibulous
bicameralism,bicameral
bicameralist,bicameral
biconvexity,biconvex
bicultural,bi
bicycler,bicycle
biddability,bid
biddable,bid
biddableness,biddable
bidder,bid
bider,bide
bidialectalism,bidialectal
bieldy,bield
biffer,biff
biffo,biff
bifidity,bifid
bifold,bi
biform,bi
bigamous,bi
bigamy,bi
bigeye,big
bigging,big
biggish,big
biggity,big
biggy,big
bighead,big
bigheadedness,bigheaded
bigheartedness,bighearted
bighorn,big
bigmouth,big
bigmouthed,big
bigness,big
bigoted,bigot
bigotry,bigot
bigtime,big
bigwig,big
biker,bike
bikeway,bike
bikinied,bikini
bilateralism,bilateral
bilestone,bile
bilgewater,bilge
bilharzial,bilharzia
bilingualism,bilingual
biliousness,bilious
bilker,bilk
billable,bill
billboard,bill
biller,bill
billetee,billet
billeter,billet
billfish,bill
billfold,bill
billhead,bill
billhook,bill
billiard,bi
billion,bi
billionaire,billion
billionth,billion
billman,bill
billowy,billow
billposter,bill
billposting,bill
billsticker,bill
billsticking,bill
bimetallist,bi
bimetallistic,bimetallist
bimodality,bimodal
bimorph,bi
bindable,bind
binder,bind
bindery,bind
binding,bind
bindingness,binding
bindweed,bind
bingeable,binge
binger,binge
bingle,bing
binman,bin
binocularity,binocular
biogen,bio
biogenic,bio
biogenous,bio
biograph,bio
biolytic,bio
biome,bio
biometer,bio
biometric,bio
biometry,bio
biomorph,bio
biomorphic,biomorph
bionomy,bio
biont,bi
biophilia,bio
biophor,bio
biopic,bio
bioplasmic,bioplasm
biostatic,bio
biotic,bio
biotical,biotic
biotope,bio
biotron,bio
biotroph,bio
biparous,bi
bipartisanism,bipartisan
bipartisanship,bipartisan
biped,bi
bipedal,biped
bipedalism,bipedal
bipedality,bipedal
bipinnate,bi
bipod,bi
biracialism,biracial
birchbark,birch
birchen,birch
birchwood,birch
birdbath,bird
birdbrain,bird
birdbrained,bird
birdcage,bird
birdcall,bird
birder,bird
birdfeed,bird
birdhouse,bird
birdie,bird
birding,bird
birdlife,bird
birdlike,bird
birdlime,bird
birdseed,bird
birdsfoot,bird
birdshot,bird
birdsong,bird
birdwatcher,bird
birdwatching,bird
birler,birle
birthdate,birth
birthdom,birth
birther,birth
birthing,birth
birthmark,birth
birthnight,birth
birthplace,birth
birthroot,birth
birthstone,birth
birthwort,birth
biscuity,biscuit
bisector,bisect
bisexualism,bisexual
bisexuality,bisexual
bishopdom,bishop
bishopess,bishop
bishopric,bishop
bismuthal,bismuth
bismuthic,bismuth
bismuthinite,bismuth
bismuthous,bismuth
bistred,bistre
bitchery,bitch
bitchfest,bitch
bitchy,bitch
bitcoin,bit
biteable,bite
biter,bit
bitewing,bite
bitless,bit
bitmap,bit
bitonality,bitonal
bitrate,bit
bitstock,bit
bitstream,bit
bitsy,bits
bitter,bit
bitterbrush,bitter
bittercress,bitter
bitterish,bitter
bitterling,bitter
bitterness,bitter
bitternut,bitter
bitterroot,bitter
bittersweetness,bittersweet
bitterweed,bitter
bitterwood,bitter
bittock,bit
bitty,bit
bitwise,bit
biuniqueness,biunique
bivalent,bi
bizarreness,bizarre
bizjet,biz
blabbermouth,blabber
blabby,blab
blackamoor,black
blackball,black
blackband,black
blackberry,black
blackberrying,blackberry
blackbird,black
blackbirder,blackbird
blackbirding,blackbird
blackboard,black
blackboy,black
blackbuck,black
blackbutt,black
blackcock,black
blackcurrant,black
blackdamp,black
blacken,black
blackener,blacken
blackening,blacken
blackface,black
blackfaced,black
blackfella,black
blackfin,black
blackfish,black
blackfly,black
blackgame,black
blackguard,black
blackguardism,blackguard
blackguardly,blackguard
blackhead,black
blackheart,black
blackish,black
blackjack,black
blacklead,black
blackleg,black
blacklist,black
blacklister,blacklist
blackmail,black
blackmailer,blackmail
blackness,black
blackpoll,black
blacksmith,black
blacksnake,black
blackstrap,black
blacktip,black
blacktop,black
blackwash,black
blackwater,black
blackwood,black
bladdered,bladder
bladderlike,bladder
bladdernut,bladder
bladderwort,bladder
bladderwrack,bladder
bladdery,bladder
bladeless,blade
bladelike,blade
blader,blade
bladework,blade
blaeberry,blae
blagger,blag
blagging,blag
blamableness,blamable
blameable,blame
blameableness,blameable
blameful,blame
blamefulness,blameful
blameless,blame
blamelessness,blameless
blamer,blame
blamestorm,blame
blameworthy,blame
blancher,blanch
blandish,bland
blandisher,blandish
blandishment,blandish
blandness,bland
blanketflower,blanket
blanketing,blanket
blanketlike,blanket
blanketweed,blanket
blankety,blank
blankness,blank
blashy,blash
blasphemer,blaspheme
blasphemousness,blasphemous
blastemal,blastema
blastematic,blastema
blaster,blast
blasthole,blast
blasting,blast
blastment,blast
blastocoelic,blastocoel
blastodermic,blastoderm
blastoff,blast
blastoma,blast
blastular,blastula
blasty,blast
blatherer,blather
blatherskite,blather
blazer,blaze
blazered,blazer
blazoner,blazon
blazonry,blazon
bleachable,bleach
bleacher,bleach
bleacherite,bleacher
bleachery,bleach
bleakish,bleak
bleakness,bleak
bleary,blear
bleater,bleat
blebby,bleb
bleeder,bleed
bleeding,bleed
bleeper,bleep
blemisher,blemish
blemishment,blemish
blencher,blench
blendable,blend
blender,blend
blending,blend
blessedness,blessed
blesser,bless
blessing,bless
bletherer,blether
blighter,blight
blimpish,blimp
blimpishness,blimpish
blindage,blind
blinder,blind
blindfish,blind
blindfold,blind
blinding,blind
blindless,blind
blindness,blind
blindside,blind
blindsight,blind
blindworm,blind
blingy,bling
blinker,blink
blissful,bliss
blissfulness,blissful
blissless,bliss
blistery,blister
blitheful,blithe
blitheness,blithe
blither,blithe
blithesome,blithe
blithesomeness,blithesome
blitter,blit
blizzardly,blizzard
blizzardy,blizzard
bloatedness,bloated
bloater,bloat
bloatware,bloat
blobby,blob
blockable,block
blockade,block
blockader,blockade
blockage,block
blockboard,block
blockbuster,block
blockbusting,block
blockchain,block
blocker,block
blockhead,block
blockheaded,block
blockheadedness,blockheaded
blockhole,block
blockish,block
blockishness,blockish
blockship,block
blockwork,block
blocky,block
bloggable,blog
blogger,blog
bloggy,blog
blogosphere,blog
blogpost,blog
blogring,blog
blokedom,bloke
blokeish,bloke
blokeishness,blokeish
blokey,bloke
blondeness,blonde
blondish,blond
blondness,blond
bloodfin,blood
bloodguilt,blood
bloodguilty,blood
bloodhound,blood
blooding,blood
bloodless,blood
bloodlessness,bloodless
bloodletter,blood
bloodletting,blood
bloodlike,blood
bloodline,blood
bloodlust,blood
bloodmobile,blood
bloodroot,blood
bloodshed,blood
bloodshot,blood
bloodstain,blood
bloodstained,blood
bloodstock,blood
bloodstone,blood
bloodstream,blood
bloodsucker,blood
bloodsucking,blood
bloodwood,blood
bloodwort,blood
bloody,blood
bloomer,bloom
bloomery,bloom
blooming,bloom
bloomless,bloom
bloomy,bloom
blooper,bloop
bloopy,bloop
blossomless,blossom
blossomy,blossom
blotchy,blotch
blotless,blot
blotter,blot
blottesque,blot
blotto,blot
blotty,blot
blowball,blow
blower,blow
blowfish,blow
blowfly,blow
blowgun,blow
blowhole,blow
blowie,blow
blowing,blow
blowlamp,blow
blowpipe,blow
blowtorch,blow
blowtube,blow
blowy,blow
blubber,blub
blubberer,blubber
blubbery,blubber
bludgeoner,bludgeon
bluebeat,blue
bluebell,blue
blueberry,blue
bluebill,blue
bluebird,blue
bluebook,blue
bluebottle,blue
bluebreast,blue
bluecap,blue
bluecoat,blue
bluecurls,blue
bluefin,blue
bluefish,blue
bluegill,blue
bluegrass,blue
bluehead,blue
blueish,blue
bluejacket,blue
bluejay,blue
blueline,blue
blueliner,blue
blueness,blue
bluenose,blue
bluepoint,blue
blueshift,blue
bluesman,blues
bluestem,blue
bluestone,blue
bluesy,blues
bluet,blue
bluethroat,blue
bluetick,blue
bluetongue,blue
bluette,blue
blueweed,blue
bluewing,blue
bluey,blue
bluffable,bluff
bluffer,bluff
bluffness,bluff
bluishness,bluish
blunderer,blunder
blunger,blunge
bluntish,blunt
bluntness,blunt
blurbist,blurb
blurredness,blurred
blurry,blur
blurter,blurt
blusher,blush
blushet,blush
blushful,blush
blushless,blush
blusterer,bluster
blustering,bluster
blusterous,bluster
blustery,bluster
boardable,board
boarder,board
boarding,board
boardlike,board
boardroom,board
boardsailing,board
boardsailor,board
boardwalk,board
boarfish,boar
boarhound,boar
boarish,boar
boarishness,boarish
boaster,boast
boastful,boast
boastfulness,boastful
boastless,boast
boatable,boat
boatbill,boat
boatbuilder,boat
boatbuilding,boat
boater,boat
boatful,boat
boathook,boat
boathouse,boat
boatie,boat
boating,boat
boatlift,boat
boatlike,boat
boatload,boat
boatman,boat
boatneck,boat
boatsman,boat
boattail,boat
boatyard,boat
bobber,bob
bobbish,bob
bobble,bob
bobcat,bob
bobsled,bob
bobsledder,bobsled
bobtail,bob
bobweight,bob
bodeful,bode
bodement,bode
bodger,bodge
bodyboard,body
bodyboarding,bodyboard
bodybuilding,body
bodyguard,body
bodyshell,body
bodyside,body
bodysuit,body
bodysurf,body
bodysurfer,body
bodywork,body
bodyworker,body
boffiny,boffin
boffola,boff
bogeyism,bogey
bogeyman,bogey
boggard,bog
bogger,bog
boggish,bog
boggler,boggle
boggy,bog
bogland,bog
bogtrotter,bog
bogtrotting,bog
bogusness,bogus
bogwood,bog
bogyman,bogy
bohemian,bohemia
boilable,boil
boiler,boil
boilermaker,boiler
boilermaking,boiler
boilerman,boiler
boilerplate,boiler
boiling,boil
boiloff,boil
boisterousness,boisterous
bolden,bold
boldface,bold
boldness,bold
bollocks,bollock
bollworm,boll
bolometric,bolo
bolsterer,bolster
bolter,bolt
bolthead,bolt
boltless,bolt
boltlike,bolt
bombable,bomb
bombarder,bombard
bombardier,bombard
bombardment,bombard
bombaster,bombast
bombastic,bombast
bomber,bomb
bomblet,bomb
bombload,bomb
bombproof,bomb
bombshell,bomb
bombsight,bomb
bombsite,bomb
bonbonniere,bonbon
bondable,bond
bondager,bondage
bonder,bond
bondholder,bond
bondless,bond
bondman,bond
bondmanship,bondman
bondservant,bond
bondsman,bond
bondstone,bond
bondswoman,bond
bondwoman,bond
bonebed,bone
bonefish,bone
bonehead,bone
boneheaded,bone
boneheadedness,boneheaded
boneless,bone
bonelike,bone
boner,bone
boneset,bone
bonesetter,bone
boneshaker,bone
boneyard,bone
bongoist,bongo
boobish,boob
booby,boob
boobyish,booby
boobyism,booby
boodler,boodle
boogieman,boogie
boogyman,boogy
bookable,book
bookbinder,book
bookbindery,book
bookbinding,book
bookcase,book
bookend,book
booker,book
bookful,book
bookie,book
bookish,book
bookishness,bookish
bookkeeper,book
bookland,book
bookless,book
booklet,book
booklight,book
booklike,book
booklore,book
booklouse,book
bookmaker,book
bookmaking,book
bookman,book
bookmarker,book
bookmobile,book
bookplate,book
bookrack,book
bookrest,book
bookseller,book
bookselling,book
bookshelf,book
bookshop,book
bookstall,book
bookstand,book
bookstore,book
booksy,books
bookwork,book
bookworm,book
booky,book
boomer,boom
boomlet,boom
boomstick,boom
boomtown,boom
boomy,boom
boondoggler,boondoggle
boonless,boon
boorish,boor
boorishness,boorish
booster,boost
boosterish,booster
boosterism,booster
bootable,boot
bootblack,boot
bootee,boot
bootery,boot
boothose,boot
bootikin,boot
bootjack,boot
bootlace,boot
bootlast,boot
bootleg,boot
bootlegger,bootleg
bootlessness,bootless
bootlick,boot
bootlicker,boot
bootmaker,boot
bootmaking,boot
bootstrap,boot
bootylicious,booty
boozehound,booze
boozer,booze
bopper,bop
boppish,bop
boppy,bop
borderer,border
borderland,border
borderless,border
borderline,border
boredom,bore
boree,bore
borehole,bore
borer,bore
boresome,bore
boringness,boring
borking,bork
bornite,born
boronic,boron
borrower,borrow
borrowing,borrow
bosky,bosk
bosomy,bosom
bosonic,boson
bossdom,boss
bosset,boss
bossism,boss
bossnapping,boss
bossy,boss
bossyboots,bossy
botaniser,botanise
botanizer,botanize
botcher,botch
botchery,botch
botchy,botch
botfly,bot
botheration,bother
bothersome,bother
bothyman,bothy
botnet,bot
bottlebrush,bottle
bottleful,bottle
bottleneck,bottle
bottlenose,bottle
bottler,bottle
bottomer,bottom
bottomland,bottom
bottomless,bottom
bottomlessness,bottomless
bottommost,bottom
bottomness,bottom
bottomry,bottom
botty,bot
botulinal,botulin
boughed,bough
boughless,bough
boughten,bought
boulderer,boulder
bouldery,boulder
boulter,boult
bouncedown,bounce
bouncer,bounce
boundable,bound
boundary,bound
boundedness,bounded
bounden,bound
bounder,bound
bounderish,bounder
boundless,bound
boundlessness,boundless
boundness,bound
bounteousness,bounteous
bourder,bourd
bourgeoisify,bourgeois
boustrophedonic,boustrophedon
boutiquey,boutique
bowbent,bow
bowdleriser,bowdlerise
bowdlerizer,bowdlerize
bowelless,bowel
bower,bow
bowerwoman,bower
bowery,bower
bowfin,bow
bowfront,bow
bowhead,bow
bowhunt,bow
bowhunter,bow
bowhunting,bow
bowknot,bow
bowler,bowl
bowless,bow
bowlful,bowl
bowlike,bow
bowllike,bowl
bowman,bow
bowshot,bow
bowsman,bow
bowstring,bow
bowwood,bow
bowyer,bow
boxball,box
boxboard,box
boxcar,box
boxen,box
boxer,box
boxfish,box
boxful,box
boxing,box
boxkeeper,box
boxlike,box
boxroom,box
boxthorn,box
boxwallah,box
boxwood,box
boxy,box
boycotter,boycott
boyfriend,boy
boyhood,boy
boyish,boy
boyishness,boyish
boyo,boy
boyshorts,boy
boysy,boys
brabblement,brabble
brabbler,brabble
bracer,brace
brachet,brach
brackishness,brackish
bracteate,bract
bracted,bract
bracteole,bract
bractless,bract
bractlet,bract
bradawl,brad
braggadocious,braggadocio
braggartism,braggart
braggartly,braggart
bragger,brag
braggy,brag
braider,braid
braiding,braid
brailler,braille
braillewriter,braille
brainbox,brain
braincase,brain
brainchild,brain
brainish,brain
brainless,brain
brainpan,brain
brainpower,brain
brainsick,brain
brainstorm,brain
brainstormer,brainstorm
brainstorming,brainstorm
brainteaser,brain
brainwasher,brainwash
brainwave,brain
brainwork,brain
brainy,brain
brakeage,brake
brakeless,brake
brakeman,brake
brakesman,brake
braless,bra
brancher,branch
branchery,branch
branchless,branch
branchlet,branch
branchlike,branch
branchy,branch
brander,brand
brandish,brand
brandisher,brandish
brandless,brand
brandling,brand
branky,brank
branner,bran
branny,bran
brashness,brash
brashy,brash
brassbound,brass
brassfounder,brass
brassfounding,brass
brassie,brass
brassish,brass
brassware,brass
brassy,brass
bratling,brat
brattish,brat
bratty,brat
braveness,brave
bravery,brave
brawler,brawl
brawly,brawl
brawny,brawn
brayer,bray
brazeless,braze
brazenness,brazen
brazenry,brazen
brazer,braze
brazilin,brazil
brazilwood,brazil
breacher,breach
breadbasket,bread
breadboard,bread
breadbox,bread
breadcrumb,bread
breadless,bread
breadlike,bread
breadline,bread
breadroom,bread
breadstick,bread
breadstuff,bread
breadthways,breadth
breadthwise,breadth
breadwinner,bread
breadwinning,bread
bready,bread
breakaway,break
breakback,break
breakbeat,break
breakbone,break
breakdance,break
breakdancer,breakdance
breakdancing,break
breaker,break
breakfast,break
breakfaster,breakfast
breakfront,break
breakneck,break
breakpoint,break
breakthrough,break
breaktime,break
breastbone,breast
breastfeed,breast
breastfeeding,breast
breastpin,breast
breastplate,breast
breastplough,breast
breastrail,breast
breaststroke,breast
breaststroker,breaststroke
breathalyzer,breathalyze
breatharian,breath
breatharianism,breatharian
breather,breathe
breathful,breath
breathless,breath
breathlessness,breathless
breathtaking,breath
breathy,breath
breccial,breccia
breechblock,breech
breechcloth,breech
breechclout,breech
breeching,breech
breechless,breech
breechloader,breech
breeder,breed
breeding,breed
breezeless,breeze
breezeway,breeze
brevetcy,brevet
brewage,brew
brewer,brew
brewery,brew
brewing,brew
brewmaster,brew
brewpub,brew
brewski,brew
brewster,brew
briared,briar
briarroot,briar
briarwood,briar
briary,briar
bribee,bribe
briber,bribe
bribery,bribe
brickbat,brick
brickclay,brick
bricken,brick
brickfield,brick
brickie,brick
brickkiln,brick
bricklaying,brick
bricklike,brick
brickmaking,brick
brickshaped,brick
brickwork,brick
bricky,brick
brickyard,brick
bridecake,bride
bridemaid,bride
bridesmaid,bride
bridesman,bride
bridewealth,bride
bridezilla,bride
bridgeable,bridge
bridgeboard,bridge
bridgehead,bridge
bridgeless,bridge
bridgelike,bridge
bridgework,bridge
bridler,bridle
bridleway,bridle
briefcase,brief
briefer,brief
briefing,brief
briefless,brief
briefness,brief
briered,brier
briery,brier
brigandry,brigand
brighten,bright
brightener,brighten
brightish,bright
brightness,bright
brightwork,bright
brilliantness,brilliant
brimful,brim
brimfulness,brimful
brimless,brim
brimmer,brim
brineless,brine
briner,brine
bringdown,bring
bringer,bring
brinkman,brink
brinkmanship,brink
brinksmanship,brink
brisken,brisk
briskish,brisk
briskness,brisk
brisky,brisk
bristlecone,bristle
bristlelike,bristle
bristletail,bristle
brittle,brit
brittleness,brittle
broacher,broach
broadaxe,broad
broadband,broad
broadbill,broad
broadbrim,broad
broadcaster,broadcast
broadcloth,broad
broaden,broad
broadener,broaden
broadish,broad
broadleaf,broad
broadline,broad
broadloom,broad
broadness,broad
broadpiece,broad
broadscale,broad
broadsheet,broad
broadside,broad
broadsword,broad
broadtail,broad
broadway,broad
broadwise,broad
broguery,brogue
broiderer,broider
broiler,broil
brokenhearted,broken
brokenness,broken
broker,broke
brokerage,broker
bromegrass,brome
bromoform,bromo
broncobuster,bronco
bronzen,bronze
bronzer,bronze
brooder,brood
broodless,brood
broody,brood
brookable,brook
brookie,brook
brooklet,brook
brooklike,brook
brooklime,brook
brookweed,brook
broomball,broom
broomballer,broomball
broomcorn,broom
broomrape,broom
broomstaff,broom
broomstick,broom
broomy,broom
brotherhood,brother
brotherlike,brother
brotherly,brother
brothy,broth
browband,brow
browbeater,browbeat
browbone,brow
browed,brow
browless,brow
brownfield,brown
brownie,brown
brownish,brown
brownness,brown
brownnose,brown
brownstone,brown
browny,brown
browser,browse
bruiser,bruise
bruiter,bruit
bruncher,brunch
brushability,brush
brushable,brush
brushback,brush
brusher,brush
brushless,brush
brushlike,brush
brushmark,brush
brushstroke,brush
brushwood,brush
brushwork,brush
brushy,brush
brusqueness,brusque
brutalisation,brutal
brutalise,brutal
brutalism,brutal
brutalist,brutal
brutality,brutal
brutalize,brutal
brutelike,brute
bruteness,brute
bruter,brute
brutishness,brutish
bubblegum,bubble
bubblehead,bubble
bubbleheaded,bubble
bubbler,bubble
buboed,bubo
bubonocele,bubo
buccaneerish,buccaneer
buckboard,buck
buckbrush,buck
buckeen,buck
bucker,buck
bucketful,bucket
buckhorn,buck
buckhound,buck
buckish,buck
buckjumper,buck
buckjumping,buck
buckle,buck
buckler,buckle
buckling,buck
bucko,buck
buckram,buck
bucksaw,buck
buckshot,buck
buckskin,buck
buckskinned,buckskin
bucktail,buck
buckthorn,buck
bucktooth,buck
bucktoothed,buck
budder,bud
buddy,bud
budger,budge
budgetary,budget
budgeteer,budget
budgeter,budget
budless,bud
budlike,bud
budworm,bud
buffable,buff
buffaloberry,buffalo
buffer,buff
buffeter,buffet
buffoonery,buffoon
buffoonish,buffoon
buffy,buff
bugbane,bug
bugbear,bug
bugger,bug
buggery,bugger
buggy,bug
bughouse,bug
bugler,bugle
buglet,bug
bugleweed,bugle
bugwort,bug
buhlwork,buhl
buildable,build
builddown,build
builder,build
building,build
bulbar,bulb
bulblet,bulb
bulbous,bulb
bulbousness,bulbous
bulger,bulge
bulkage,bulk
bulker,bulk
bulkhead,bulk
bulkheaded,bulkhead
bulky,bulk
bullbaiting,bull
bulldog,bull
bulldogger,bulldog
bulldoze,bull
bulldozer,bulldoze
bulldust,bull
buller,bull
bullet,bull
bulletproof,bullet
bulletwood,bullet
bullfight,bull
bullfighter,bull
bullfighting,bull
bullfinch,bull
bullfrog,bull
bullhead,bull
bullheaded,bull
bullhorn,bull
bullionist,bullion
bullish,bull
bullishness,bullish
bullneck,bull
bullnecked,bull
bullnose,bull
bullock,bull
bullocky,bullock
bullpen,bull
bullroarer,bull
bullseye,bull
bullshitter,bullshit
bullsnake,bull
bullwhack,bull
bullwhip,bull
bullying,bully
bullyism,bully
bulrushy,bulrush
bumble,bum
bumblebee,bumble
bumbler,bumble
bumboy,bum
bumfluff,bum
bumfreezer,bum
bumfuck,bum
bummer,bum
bumper,bump
bumpkinish,bumpkin
bumpkinly,bumpkin
bumpology,bump
bumptiousness,bumptious
bumpy,bump
bumster,bum
bumsters,bum
bumsucker,bum
bumwad,bum
bunchberry,bunch
buncher,bunch
bunchgrass,bunch
bunchy,bunch
bundler,bundle
bungler,bungle
bunhead,bun
bunker,bunk
bunkhouse,bunk
bunkie,bunk
bunkmate,bunk
bunny,bun
bunter,bunt
buntline,bunt
buoyage,buoy
buoyancy,buoy
buoyant,buoy
buoyantness,buoyant
burbler,burble
burdener,burden
burdenous,burden
burdensome,burden
burdock,bur
bureaucracy,bureau
bureaucrat,bureau
bureaucratic,bureau
burgage,burg
burger,burg
burghal,burgh
burgher,burgh
burglarious,burglar
burglarize,burglar
burglarproof,burglar
burglary,burglar
burgrave,burg
burinist,burin
burker,burke
burler,burl
burlesquer,burlesque
burlike,bur
burly,burl
burnable,burn
burner,burn
burnie,burn
burning,burn
burnisher,burnish
burnishment,burnish
burnoosed,burnoose
burrer,burr
burrfish,burr
burrower,burrow
burry,bur
bursal,bursa
bursarship,bursar
burseed,bur
burster,burst
bursty,burst
burthensome,burthen
burweed,bur
busbar,bus
busgirl,bus
bushbaby,bush
bushbuck,bush
bushcraft,bush
bushelful,bushel
busheller,bushel
bushelman,bushel
bushelwoman,bushel
busher,bush
bushfighting,bush
bushfire,bush
bushie,bush
bushing,bush
bushland,bush
bushless,bush
bushlike,bush
bushman,bush
bushmanship,bushman
bushmeat,bush
bushranger,bush
bushranging,bush
bushtit,bush
bushveld,bush
bushwalk,bush
bushwalker,bush
bushwalking,bush
bushwhack,bush
bushwhacker,bush
bushwoman,bush
bushy,bush
businesslike,business
businessman,business
businessperson,business
businesswoman,business
businessy,business
busker,busk
buskined,buskin
busload,bus
busman,bus
buster,bust
bustler,bustle
bustline,bust
busty,bust
busybody,busy
busybodying,busybody
busyness,busy
butcher,butch
butcherbird,butcher
butcherer,butcher
butchering,butcher
butcherly,butcher
butchery,butch
butchness,butch
butlerage,butler
butlership,butler
butter,butt
butterball,butter
butterbur,butter
buttercream,butter
buttercup,butter
butterdock,butter
butterfat,butter
butterfingered,butter
butterfingers,butter
butterfish,butter
butterfly,butter
butterflyfish,butterfly
butterine,butter
butterless,butter
buttermilk,butter
butternut,butter
butterscotch,butter
butterweed,butter
butterwort,butter
buttery,butter
butthead,butt
buttock,butt
buttonball,button
buttonbush,button
buttoner,button
buttonhole,button
buttonholer,buttonhole
buttonhook,button
buttonless,button
buttonmould,button
buttonwood,button
buttony,button
buttstock,butt
butty,butt
butylate,butyl
buxomness,buxom
buyable,buy
buyer,buy
buying,buy
buzzbait,buzz
buzzcut,buzz
buzzer,buzz
buzzing,buzz
buzzsaw,buzz
buzzword,buzz
buzzy,buzz
bygone,by
byliner,byline
byreman,byre
cabalism,cabal
cabalist,cabal
cabalistic,cabal
cabalistical,cabalistic
caballer,cabal
cabbie,cab
cabby,cab
cabdriver,cab
cabinet,cabin
cabinetmaker,cabinet
cabinetmaking,cabinet
cabinetry,cabinet
cabinetwork,cabinet
cabinmate,cabin
cablecast,cable
cablegram,cable
cabler,cable
cablet,cable
cableway,cable
cabman,cab
cabover,cab
cabstand,cab
cackle,cack
cackleberry,cackle
cackler,cackle
cacky,cack
cacodylic,cacodyl
cadaverine,cadaver
caddish,cad
caddishness,caddish
caddisworm,caddis
cadetship,cadet
cadger,cadge
caesarean,caesar
caesaropapism,caesar
caesural,caesura
caftaned,caftan
cageful,cage
cagelike,cage
cageling,cage
cager,cage
cagework,cage
cagey,cage
cageyness,cagey
cagyness,cagy
cairned,cairn
cairny,cairn
cajolement,cajole
cajoler,cajole
cajolery,cajole
cakeage,cake
cakebox,cake
cakehole,cake
cakewalker,cakewalk
calcariform,calcar
calcarine,calcar
calculatedness,calculated
calculational,calculation
calendarer,calendar
calendarise,calendar
calendarist,calendar
calendarization,calendar
calendarize,calendar
calenderer,calender
calfhood,calf
calfless,calf
calflike,calf
calfskin,calf
calibered,caliber
caliphal,caliph
caliphate,caliph
calker,calk
callable,call
callboard,call
callboy,call
callee,call
caller,call
calling,call
callithumpian,callithump
callousness,callous
callowness,callow
calmingly,calming
calmness,calm
calmy,calm
caloricity,caloric
calutron,cal
calvarial,calvaria
calvarian,calvaria
calver,calve
calycled,calycle
calypsonian,calypso
calyptrate,calyptra
camailed,camail
cambistry,cambist
camelback,camel
cameleer,camel
camelish,camel
camellike,camel
cameloid,camel
camelry,camel
cameraman,camera
cameraperson,camera
camerawoman,camera
camerawork,camera
camouflageable,camouflage
campaigner,campaign
campcraft,camp
camper,camp
campery,camp
campfire,camp
campground,camp
camphone,cam
camphoraceous,camphor
camphorate,camphor
camphoric,camphor
cample,camp
campness,camp
campsite,camp
campstool,camp
campy,camp
camwhore,cam
canakin,can
canalise,canal
canalize,canal
canaller,canal
cancelbot,cancel
canceler,cancel
cancellable,cancel
canceration,cancer
cancered,cancer
cancerous,cancer
cancerphobia,cancer
candidate,candid
candidateship,candidate
candidness,candid
candleberry,candle
candlefish,candle
candleholder,candle
candlelighted,candle
candlelighter,candle
candlelit,candle
candlenut,candle
candlepin,candle
candlepower,candle
candler,candle
candlewick,candle
candock,can
candygram,candy
candyman,candy
canebrake,cane
canefruit,cane
canegrub,cane
caner,cane
caneware,cane
canful,can
canisterize,canister
cankeredness,cankered
cankerous,canker
cankerworm,canker
cankery,canker
canna,can
canner,can
cannery,can
cannibalise,cannibal
cannibalism,cannibal
cannibalistic,cannibal
cannibalization,cannibal
cannibally,cannibal
cannonade,cannon
cannonball,cannon
cannoneer,cannon
cannonry,cannon
cannot,can
cannulate,cannula
cannulation,cannula
canny,can
canoeable,canoe
canoeing,canoe
canoeist,canoe
canoeman,canoe
canoer,canoe
canoewood,canoe
canoness,canon
canonical,canon
canonicity,canonic
canonise,canon
canonist,canon
canonistic,canon
canonize,canon
canonry,canon
canoodler,canoodle
canorousness,canorous
canter,cant
canting,cant
cantonal,canton
cantonise,canton
cantonize,canton
cantorial,cantor
canvasback,canvas
canvaslike,canvas
canvasser,canvass
canyoneer,canyon
canyoning,canyon
capableness,capable
capaciousness,capacious
capelet,cape
capelike,cape
caperer,caper
capeskin,cape
capful,cap
capitalism,capital
capitalist,capital
capitalistic,capitalist
capitalize,capital
capless,cap
caplet,cap
caplike,cap
capmaker,cap
caponize,capon
capper,cap
capping,cap
caprock,cap
capsidal,capsid
capstone,cap
captaincy,captain
captainry,captain
captainship,captain
captionless,caption
captiousness,captious
capturer,capture
capuched,capuche
carabineer,carabine
caracoler,caracole
caramelization,caramel
caramelize,caramel
caravaner,caravan
caravanette,caravan
caravanner,caravan
caravanning,caravan
carbarn,car
carbineer,carbine
carbonaceous,carbon
carbonate,carbon
carbonic,carbon
carboniferous,carbon
carbonise,carbon
carboniser,carbonise
carbonization,carbon
carbonize,carbon
carbonizer,carbonize
carbonless,carbon
carbonous,carbon
carbonylate,carbonyl
carbonylation,carbonyl
carboxylase,carboxyl
carbuncled,carbuncle
carburetor,carburet
carcinogenicity,carcinogenic
cardboard,card
cardboardy,cardboard
cardcase,card
carder,card
cardholder,card
cardiganed,cardigan
cardinality,cardinal
cardinalship,cardinal
cardiologist,cardio
cardiology,cardio
cardiomotor,cardio
cardiopathy,cardio
cardioplegia,cardio
cardplayer,card
cardsharp,card
cardsharper,card
careenage,careen
careener,careen
careerer,career
careerism,career
careerist,career
carefree,care
carefreeness,carefree
careful,care
carefulness,careful
caregiver,care
caregiving,care
careless,care
carelessness,careless
careline,care
carer,care
caresser,caress
caressive,caress
caretake,care
caretaker,care
caretaking,care
careware,care
careworker,care
careworn,care
carfare,car
carful,car
carillonist,carillon
carinal,carina
caringly,caring
cariousness,carious
carjacker,carjack
carless,car
carline,car
carload,car
carlot,car
carmaker,car
carman,car
carnalism,carnal
carnalist,carnal
carnality,carnal
carnalize,carnal
carnassial,carn
carnationed,carnation
carnivalesque,carnival
carnivorousness,carnivorous
caroler,carol
caroller,carol
carotidal,carotid
carouser,carouse
carpellary,carpel
carpellate,carpel
carper,carp
carpetbag,carpet
carpetbagger,carpetbag
carpetbaggery,carpetbag
carpetlike,carpet
carpetmonger,carpet
carphone,car
carplike,carp
carpool,car
carpooler,car
carport,car
carrageenan,carrageen
carriageable,carriage
carriageway,carriage
carroty,carrot
carryback,carry
carrycot,carry
carryforward,carry
carrytale,carry
carshare,car
carsick,car
carsickness,car
cartable,cart
cartage,cart
cartelism,cartel
cartelist,cartel
cartelization,cartel
cartelize,cartel
carter,cart
cartful,cart
cartload,cart
cartoonish,cartoon
cartoonist,cartoon
cartoonlike,cartoon
cartoony,cartoon
cartop,car
cartopper,car
cartroad,cart
carven,carve
carver,carve
carvery,carve
caryatidal,caryatid
caryatidic,caryatid
casebearer,case
casebook,case
casebound,case
caseinate,casein
caseinogen,casein
caseload,case
casemaker,case
caseman,case
casemated,casemate
casemented,casement
casework,case
caseworker,case
caseworm,case
cashable,cash
cashbook,cash
cashbox,cash
cashierer,cashier
cashierment,cashier
cashless,cash
cashpoint,cash
cashspiel,cash
casket,cask
casky,cask
casqued,casque
cassocked,cassock
castability,cast
castable,cast
casted,cast
casteism,caste
casteless,caste
caster,cast
casting,cast
castling,cast
castor,cast
castrater,castrate
casualisation,casual
casualism,casual
casualization,casual
casualize,casual
casualness,casual
casuistic,casuist
casuistical,casuist
casuistry,casuist
cataclysmal,cataclysm
cataclysmic,cataclysm
catalogise,catalog
cataloguer,catalogue
catalyzer,catalyze
catamenial,catamenia
cataphractic,cataphract
cataphyllary,cataphyll
catapultic,catapult
cataractous,cataract
catarrhal,catarrh
catarrhous,catarrh
catbird,cat
catcall,cat
catcaller,catcall
catchable,catch
catchcry,catch
catcher,catch
catchfly,catch
catchline,catch
catchment,catch
catchphrase,catch
catchpole,catch
catchwater,catch
catchweed,catch
catchword,catch
catchy,catch
catclaw,cat
catechetical,catechetic
catechiser,catechise
catechismal,catechism
catechistic,catechist
catechizer,catechize
catecholamine,catechol
catechumenate,catechumen
catechumenism,catechumen
catechumenship,catechumen
categoricalness,categorical
cater,cate
caterer,cater
cateress,cater
caterwaul,cat
caterwauler,caterwaul
caterwauling,caterwaul
catface,cat
catfall,cat
catfight,cat
catfish,cat
cathead,cat
cathedral,cathedra
cathedratic,cathedra
catheterise,catheter
catheterism,catheter
catheterization,catheter
catheterize,catheter
cathole,cat
catholicise,catholic
catholicism,catholic
catholicity,catholic
cathood,cat
cationic,cation
catkin,cat
catlike,cat
catling,cat
catlinite,catlin
catmint,cat
catnap,cat
catnapper,catnap
catnip,cat
catskin,cat
catsuit,cat
cattery,cat
cattish,cat
cattishness,cattish
cattleman,cattle
catty,cat
catwalk,cat
catworm,cat
caulker,caulk
causality,causal
causational,causation
causationism,causation
causationist,causation
causeless,cause
causelessness,causeless
causer,cause
causeyed,causey
causticity,caustic
causticness,caustic
cauterism,cauter
cautioner,caution
cautiousness,cautious
cavalierish,cavalier
cavalierism,cavalier
cavalryman,cavalry
caveator,caveat
cavefish,cave
cavelike,cave
caveman,cave
caveolar,caveola
caver,cave
cavernicolous,cavern
cavernous,cavern
caviler,cavil
cavillation,cavil
cavorter,cavort
cayenned,cayenne
ceasefire,cease
ceaseless,cease
cedarbird,cedar
cedared,cedar
cedarn,cedar
cedarwood,cedar
cedary,cedar
ceder,cede
ceiler,ceil
ceiling,ceil
ceilinged,ceiling
celebratedness,celebrated
celerylike,celery
cellarage,cellar
cellarer,cellar
cellaret,cellar
cellarette,cellar
cellarist,cellar
cellarman,cellar
cellarous,cellar
cellarway,cellar
cellblock,cell
celliferous,cell
celling,cell
cellmate,cell
cellularity,cellular
cementation,cement
cementer,cement
cementite,cement
cementitious,cement
cenotaphic,cenotaph
censorable,censor
censorial,censor
censorian,censor
censorious,censor
censorship,censor
censurer,censure
centaurian,centaur
centenarianism,centenarian
centerboard,center
centeredness,centered
centerfold,center
centerless,center
centerline,center
centerpiece,center
centillionth,centillion
centoist,cento
centralise,central
centralism,central
centralistic,centralist
centrality,central
centralization,central
centralize,central
centralizer,centralize
centreboard,centre
centredness,centred
centrefold,centre
centreline,centre
centreman,centre
centrepiece,centre
centrical,centric
centricity,centric
centrifugalise,centrifugal
centrifugalize,centrifugal
centripetalism,centripetal
centroidal,centroid
centumvirate,centumvir
ceorlish,ceorl
cephalopodic,cephalopod
ceramicist,ceramic
cercarial,cercaria
cerealist,cereal
cerebralism,cerebral
cerebralist,cerebral
cerecloth,cere
ceremonialism,ceremonial
ceremonialist,ceremonial
ceremoniousness,ceremonious
cerograph,cero
cerography,cero
cerotype,cero
cesser,cess
chadless,chad
chafer,chafe
chaffer,chaff
chafferer,chaffer
chaffing,chaff
chainbrake,chain
chainer,chain
chainfall,chain
chainless,chain
chainlet,chain
chainman,chain
chainplate,chain
chainwork,chain
chairborne,chair
chairperson,chair
chalazal,chalaza
chalcogenide,chalcogen
chaliced,chalice
chalkboard,chalk
chalkface,chalk
chalkland,chalk
chalklike,chalk
chalkpit,chalk
chalkstone,chalk
chalky,chalk
challengeable,challenge
challenger,challenge
chamberer,chamber
chambering,chamber
chamberlainship,chamberlain
chambermaid,chamber
chameleonic,chameleon
chameleonlike,chameleon
chamferer,chamfer
champer,champ
championess,champion
championship,champion
chanceful,chance
chanceless,chance
chancellor,chancel
chancellorship,chancellor
chancer,chance
chancroidal,chancroid
chandeliered,chandelier
chandlering,chandler
chandlerly,chandler
changeability,change
changeable,change
changeableness,changeable
changeful,change
changeless,change
changeling,change
changer,change
channeler,channel
channelisation,channel
channelization,channel
channelize,channel
chantable,chant
chanter,chant
chanting,chant
chapeless,chape
chapelry,chapel
chaperonage,chaperon
chapess,chap
chapfallen,chap
chaplaincy,chaplain
chaplainry,chaplain
chaplainship,chaplain
chapless,chap
chapleted,chaplet
chapmanship,chapman
chappie,chap
chappy,chap
chapstick,chap
characterful,character
characterise,character
characteristic,character
characterize,character
charactery,character
charbroil,char
charbroiler,charbroil
charcoal,char
charcoaly,charcoal
chargeability,charge
chargeable,charge
chargeableness,chargeable
chargeful,charge
chargehand,charge
chargeless,charge
charger,charge
chargesheet,charge
chargrill,char
charioteer,chariot
charitableness,charitable
charlady,char
charlatanic,charlatan
charlatanical,charlatan
charlatanism,charlatan
charlatanry,charlatan
charmer,charm
charmful,charm
charming,charm
charmless,charm
charry,char
chartable,chart
charterer,charter
charthouse,chart
chartism,chart
chartist,chart
chartless,chart
charwoman,char
chaser,chase
chasmal,chasm
chasmed,chasm
chasmic,chasm
chasmy,chasm
chastener,chasten
chasteness,chaste
chastenment,chasten
chastiser,chastise
chatbot,chat
chatline,chat
chatter,chat
chatterbox,chatter
chatterer,chatter
chattery,chatter
chatty,chat
chauvinistic,chauvinist
chavette,chav
chavish,chav
chavtastic,chav
chavvy,chav
chawbacon,chaw
chawer,chaw
cheapen,cheap
cheapener,cheapen
cheapie,cheap
cheapish,cheap
cheapjack,cheap
cheapness,cheap
cheapo,cheap
cheapskate,cheap
cheatable,cheat
cheater,cheat
cheatery,cheat
checkable,check
checkbox,check
checker,check
checkerbloom,checker
checkerboard,checker
checkless,check
checklist,check
checkmark,check
checkpoint,check
checkrein,check
checkroom,check
checkrow,check
checkstop,check
checksum,check
cheddary,cheddar
cheekbone,cheek
cheekful,cheek
cheekless,cheek
cheekpiece,cheek
cheeky,cheek
cheeper,cheep
cheerer,cheer
cheerful,cheer
cheerfulness,cheerful
cheerleader,cheer
cheerless,cheer
cheerly,cheer
cheery,cheer
cheeseboard,cheese
cheeseburger,cheese
cheesecake,cheese
cheesecloth,cheese
cheesehopper,cheese
cheeselike,cheese
cheesemonger,cheese
cheesesteak,cheese
cheesevat,cheese
cheesewood,cheese
chefdom,chef
cheffy,chef
chelaship,chela
chelate,chela
cheliceral,chelicera
chemistry,chemist
chemokinesis,chemo
chemonasty,chemo
chemosphere,chemo
chemostat,chemo
chemsex,chem
chemurgy,chem
chequebook,cheque
chequerwise,chequer
chequerwork,chequer
cherishable,cherish
cherisher,cherish
cherishment,cherish
chernozemic,chernozem
cherrylike,cherry
cherrystone,cherry
cherty,chert
cherubic,cherub
cherubical,cherub
cherublike,cherub
chessboard,chess
chessman,chess
chessplayer,chess
chestful,chest
chesty,chest
chewable,chew
chewer,chew
chewie,chew
chewy,chew
chicken,chick
chickling,chick
chicness,chic
chider,chide
chiefdom,chief
chiefery,chief
chiefess,chief
chiefless,chief
chiefling,chief
chiefry,chief
chiefship,chief
chieftaincy,chieftain
chieftainess,chieftain
chieftainry,chieftain
chieftainship,chieftain
chiffony,chiffon
chignoned,chignon
chilblained,chilblain
childbearing,child
childbed,child
childbirth,child
childcare,child
childhood,child
childish,child
childishness,childish
childless,child
childlessness,childless
childlike,child
childly,child
childness,child
childproof,child
childrenswear,children
chiliastic,chiliast
chiller,chill
chilling,chill
chillness,chill
chilly,chill
chimer,chime
chimneylike,chimney
chimneypiece,chimney
chinaberry,china
chinaman,china
chinaware,china
chinky,chink
chinless,chin
chinstrap,chin
chintzy,chintz
chipboard,chip
chipmaker,chip
chippable,chip
chipper,chip
chippie,chip
chipping,chip
chippy,chip
chipset,chip
chirographer,chiro
chirography,chiro
chirology,chiro
chiromancy,chiro
chiromantic,chiro
chirper,chirp
chirpy,chirp
chirruper,chirrup
chirrupy,chirrup
chirurgeonly,chirurgeon
chiseler,chisel
chitinoid,chitin
chitinous,chitin
chittering,chitter
chitty,chit
chlamydial,chlamydia
chloralosed,chloralose
chloroformer,chloroform
chloroformist,chloroform
chlorophylloid,chlorophyll
chlorophyllous,chlorophyll
chloroplastal,chloroplast
chloroplastic,chloroplast
chockablock,chock
chockstone,chock
choiceful,choice
choiceness,choice
choirboy,choir
choirgirl,choir
choirlike,choir
choirman,choir
choirmaster,choir
choirstall,choir
chokeberry,choke
chokebore,choke
chokecherry,choke
chokecoil,choke
chokedamp,choke
chokehold,choke
choker,choke
chokerman,choker
chokey,choke
cholecystectomy,cholecyst
cholecystitis,cholecyst
choleraic,cholera
choleric,choler
cholesterolemia,cholesterol
choliambic,choliamb
cholinergic,choline
cholinesterase,choline
chomper,chomp
chookie,chook
chooser,choose
chophouse,chop
choplogic,chop
chopper,chop
choppy,chop
choralist,choral
chordal,chord
chordlike,chord
chordwise,chord
choreal,chorea
choreatic,chorea
choreboy,chore
choreman,chore
choreographer,choreograph
chorionic,chorion
choroidal,choroid
choroiditis,choroid
chortler,chortle
chorusmaster,chorus
chouser,chouse
chowderheaded,chowder
chowhound,chow
chowtime,chow
chrismation,chrism
christener,christen
christening,christen
chromakey,chroma
chromatic,chroma
chromaticism,chromatic
chromaticity,chromatic
chromaticness,chromatic
chromatics,chromatic
chromatinic,chromatin
chromogen,chromo
chromogenic,chromo
chromomere,chromo
chromophobe,chromo
chromophore,chromo
chromoplast,chromo
chromotype,chromo
chromous,chromo
chronicity,chronic
chronicler,chronicle
chronographic,chronograph
chronometrical,chronometric
chubby,chub
chucker,chuck
chuckhole,chuck
chuckle,chuck
chucklehead,chuckle
chuckleheaded,chuckle
chuckler,chuckle
chucklesome,chuckle
chucky,chuck
chuffy,chuff
chugger,chug
chummage,chum
chummy,chum
chumship,chum
chunderous,chunder
chunky,chunk
churchgoer,church
churchgoing,church
churchism,church
churchless,church
churchly,church
churchman,church
churchmanly,churchman
churchmanship,churchman
churchward,church
churchwards,church
churchway,church
churchwoman,church
churchy,church
churchyard,church
churlish,churl
churlishness,churlish
churner,churn
ciderkin,cider
cidery,cider
cigarette,cigar
cigarlike,cigar
ciggie,cig
cinchonaceous,cinchona
cinderous,cinder
cindery,cinder
cinemagoer,cinema
cinematic,cinema
cinematographer,cinematograph
cinematographic,cinematograph
cinematography,cinema
cineplex,cine
cinnabaric,cinnabar
cinnamonic,cinnamon
cinnamony,cinnamon
cipherer,cipher
ciphertext,cipher
circler,circle
circuital,circuit
circuiteer,circuit
circuitous,circuit
circuitry,circuit
circuity,circuit
circularise,circular
circulariser,circularise
circularity,circular
circularization,circular
circularizer,circularize
circularness,circular
circumciser,circumcise
circumduction,circumduct
circumscriber,circumscribe
circumspectness,circumspect
circumvention,circumvent
circumventive,circumvent
circusy,circus
cissoid,cis
cisternal,cistern
cistron,cis
cistronic,cistron
citational,citation
citer,cite
citess,cit
citizeness,citizen
citizenise,citizen
citizenize,citizen
citizenly,citizen
citizenry,citizen
citizenship,citizen
citrusy,citrus
cityscape,city
cityward,city
citywide,city
civetlike,civet
civicism,civic
civilian,civil
civilianise,civilian
civilianization,civilian
civilianize,civilian
civilisation,civil
civilisational,civilisation
civilise,civil
civility,civil
civilization,civil
civilizational,civilization
civilize,civil
civilizer,civilize
civilness,civil
clacker,clack
cladder,clad
cladding,clad
claggy,clag
claimable,claim
claimant,claim
claimer,claim
clambake,clam
clamberer,clamber
clamlike,clam
clammer,clam
clamorer,clamor
clamorous,clamor
clamourer,clamour
clamper,clamp
clamshell,clam
clandestineness,clandestine
clanger,clang
clangorous,clangor
clanky,clank
clannish,clan
clannishness,clannish
clanship,clan
clansman,clan
clanswoman,clan
clapboard,clap
clapbread,clap
clapometer,clap
clapper,clap
clapperboard,clapper
clapping,clap
claptrappery,claptrap
clarinetist,clarinet
clarinettist,clarinet
clarionet,clarion
clarty,clart
clasher,clash
clasper,clasp
classable,class
classer,class
classic,class
classical,class
classicalism,classical
classicalist,classical
classicality,classical
classicise,classic
classicism,classic
classicist,classic
classicistic,classicist
classicize,classic
classify,class
classism,class
classist,class
classless,class
classman,class
classmate,class
classroom,class
classwork,class
classy,class
clatterer,clatter
clattery,clatter
clavecinist,clavecin
clavichordist,clavichord
clavierist,clavier
clavieristic,clavier
clavigerous,claviger
clawer,claw
clawless,claw
clawlike,claw
clayey,clay
clayish,clay
claylike,clay
claypan,clay
claystone,clay
clayware,clay
cleanability,clean
cleanable,clean
cleaner,clean
cleanish,clean
cleanly,clean
cleanness,clean
cleanser,cleanse
cleanskin,clean
cleantech,clean
clearable,clear
clearage,clear
clearance,clear
clearcutting,clear
clearer,clear
cleareyed,clear
clearheaded,clear
clearing,clear
clearness,clear
clearskin,clear
clearway,clear
clearweed,clear
cleaver,cleave
clencher,clench
clergyable,clergy
clergyman,clergy
clergywoman,clergy
clericalism,clerical
clericalist,clerical
clericate,cleric
clericity,cleric
clerkdom,clerk
clerkess,clerk
clerkish,clerk
clerklike,clerk
clerkling,clerk
clerkly,clerk
clerkship,clerk
cleverality,clever
cleverish,clever
cleverness,clever
clickable,click
clickbait,click
clicker,click
clickless,click
clickstream,click
clickwrap,click
clientage,client
cliental,client
clientless,client
clientship,client
cliffed,cliff
cliffhanger,cliff
clifflike,cliff
cliffside,cliff
clifftop,cliff
cliffy,cliff
clifted,clift
clifty,clift
climaxless,climax
climbable,climb
climbdown,climb
climber,climb
climbing,climb
clincher,clinch
clinger,cling
clingfilm,cling
clingfish,cling
clingingness,clinging
clingstone,cling
clingwrap,cling
clingy,cling
clinical,clinic
clinician,clinic
clinker,clink
clinkstone,clink
clipboard,clip
clippable,clip
clipper,clip
clippie,clip
clipping,clip
clipsheet,clip
cliquey,clique
cliquishness,cliquish
cliticize,clitic
cloacal,cloaca
cloakroom,cloak
clocker,clock
clocklike,clock
clockmaker,clock
clockwise,clock
clockwork,clock
cloddish,clod
cloddishness,cloddish
cloddy,clod
clodhopper,clod
clodpate,clod
clodpated,clod
clodpole,clod
clogger,clog
cloggy,clog
clogmaker,clog
cloisterer,cloister
cloner,clone
clonicity,clonic
closeable,close
closefisted,close
closemouthed,close
closeness,close
closer,close
closestool,close
closetful,closet
clothbound,cloth
clotheshorse,clothes
clothier,cloth
clothlike,cloth
clottish,clot
clotty,clot
cloudage,cloud
cloudberry,cloud
cloudburst,cloud
cloudland,cloud
cloudless,cloud
cloudlet,cloud
cloudlike,cloud
cloudscape,cloud
cloudy,cloud
clouter,clout
clouterly,clouter
clovered,clover
cloverleaf,clover
cloverlike,clover
clovery,clover
clownery,clown
clownfish,clown
clownish,clown
clownishness,clownish
cloyless,cloy
cloyment,cloy
cloysome,cloy
clubable,club
clubbable,club
clubber,club
clubbish,club
clubbism,club
clubbist,club
clubby,club
clubface,club
clubfoot,club
clubfooted,club
clubhand,club
clubhaul,club
clubhead,club
clubhouse,club
clubland,club
clublike,club
clubman,club
clubmanship,clubman
clubmaster,club
clubmate,club
clubroom,club
clubroot,club
clubrush,club
clubwoman,club
clucker,cluck
clucky,cluck
clueless,clue
cluey,clue
clumper,clump
clumpish,clump
clumplike,clump
clumpy,clump
clunker,clunk
clunky,clunk
clustery,cluster
clutchy,clutch
cluttery,clutter
coachable,coach
coachbuilder,coach
coachbuilding,coach
coachbuilt,coach
coachdog,coach
coachee,coach
coacher,coach
coachline,coach
coachload,coach
coachman,coach
coachwood,coach
coachwork,coach
coachy,coach
coadjutorship,coadjutor
coalbin,coal
coalbox,coal
coaldust,coal
coaler,coal
coalescence,coalesce
coalescent,coalesce
coalface,coal
coalfield,coal
coalfish,coal
coalhouse,coal
coalification,coal
coalify,coal
coalitional,coalition
coalitioner,coalition
coalitionism,coalition
coalitionist,coalition
coalless,coal
coalman,coal
coalmaster,coal
coalminer,coal
coalpit,coal
coalsack,coal
coalshed,coal
coaly,coal
coalyard,coal
coaptation,coapt
coarsen,coarse
coarseness,coarse
coastal,coast
coaster,coast
coastguard,coast
coastguardman,coastguard
coastguardsman,coastguard
coastland,coast
coastline,coast
coastward,coast
coastwards,coast
coastwise,coast
coatdress,coat
coatee,coat
coater,coat
coatless,coat
coatlike,coat
coatrack,coat
coatroom,coat
coatstand,coat
coattail,coat
coaxer,coax
cobaltic,cobalt
cobaltiferous,cobalt
cobaltite,cobalt
cobaltous,cobalt
cobble,cob
cobbler,cobble
cobblestone,cobble
cobby,cob
cobweb,cob
cobwebbery,cobweb
cobwebby,cobweb
cocaine,coca
coccidian,coccidia
cochlear,cochlea
cochleariform,cochlear
cochleated,cochleate
cockaded,cockade
cockbird,cock
cockchafer,cock
cockcrowing,cock
cockerel,cock
cockeye,cock
cockeyed,cock
cockeyedness,cockeyed
cockfight,cock
cockfighting,cock
cockish,cock
cocklebur,cockle
cockleman,cockle
cockler,cockle
cockleshell,cockle
cocklike,cock
cockling,cock
cockloft,cock
cockmatch,cock
cockneyfication,cockney
cockneyfy,cockney
cockscomb,cock
cocksfoot,cock
cockshot,cock
cockshy,cock
cocksman,cock
cocksure,cock
cocksureness,cocksure
cockteaser,cock
cocky,cock
cocoanut,cocoa
cocomat,coco
coconutty,coconut
cocooner,cocoon
cocoonery,cocoon
cocoyam,coco
codder,cod
coddler,coddle
codebook,code
codebreaker,code
codeless,code
coder,code
codesign,code
codeword,code
codfish,cod
codicillary,codicil
codling,cod
codology,cod
codswallop,cod
coeducational,coeducation
coelomate,coelom
coelomic,coelom
coequalness,coequal
coercer,coerce
coercionist,coercion
coerciveness,coercive
coessentiality,coessential
coevality,coeval
coffeehouse,coffee
coffeemaker,coffee
cofferdam,coffer
coffinite,coffin
coggle,cog
cognateness,cognate
cogniser,cognise
cognitional,cognition
cognizer,cognize
cohabitee,cohabit
cohabiter,cohabit
cohabitor,cohabit
coherence,cohere
coherent,cohere
coherer,cohere
cohesionless,cohesion
cohesiveness,cohesive
coilability,coil
coiler,coil
coinable,coin
coinage,coin
coincidence,coincide
coiner,coin
coitional,coition
cokehead,coke
cokelike,coke
coldcock,cold
coldhouse,cold
coldie,cold
coldish,cold
coldness,cold
colectomy,col
coleseed,cole
colewort,cole
colicky,colic
colicroot,colic
colicweed,colic
colitis,col
collagenase,collagen
collagenic,collagen
collagenous,collagen
collarbone,collar
collarless,collar
collateralise,collateral
collaterality,collateral
collateralize,collateral
colleagueship,colleague
collectable,collect
collectedness,collected
collectible,collect
collecting,collect
collection,collect
collectiveness,collective
collectivistic,collectivist
collectorate,collector
collectorship,collector
colleger,college
collegialism,collegial
collegiality,collegial
collider,collide
colliery,collier
collinearity,collinear
collisional,collision
collocational,collocation
colloidal,colloid
colloidality,colloidal
colluder,collude
cologned,cologne
colonelcy,colonel
colonelship,colonel
colonialise,colonial
colonialism,colonial
colonialist,colonial
colonialistic,colonialist
colonialize,colonial
colonialness,colonial
colonic,colon
coloniser,colonise
colonitis,colon
colonizationist,colonization
colonizer,colonize
colonnaded,colonnade
colorability,color
colorable,color
colorant,color
colorbreed,color
colorcast,color
colored,color
colorer,color
colorful,color
colorfulness,colorful
colorimeter,color
colorimetric,color
colorimetry,color
colorise,color
colorism,color
colorist,color
coloristic,color
colorization,color
colorize,color
colorizer,colorize
colorless,color
colorman,color
colorway,color
colourability,colour
colourable,colour
colourant,colour
colourer,colour
colourfast,colour
colourful,colour
colourfulness,colourful
colourisation,colour
colourise,colour
colourism,colour
colourist,colour
colouristic,colour
colourize,colour
colourman,colour
colourpoint,colour
colourwash,colour
colourway,colour
coloury,colour
colthood,colt
coltish,colt
coltishness,coltish
coltsfoot,colt
columellar,columella
columnal,column
columnar,column
columnarity,columnar
columned,column
columnist,column
comatose,coma
combatable,combat
combatant,combat
combater,combat
combative,combat
combativeness,combative
comber,comb
combinational,combination
combiner,combine
combless,comb
comblike,comb
combover,comb
combustible,combust
combustibleness,combustible
combustion,combust
combustive,combust
combwise,comb
comby,comb
comedogenic,comedo
comer,come
cometary,comet
cometic,comet
cometography,comet
cometology,comet
comfortable,comfort
comfortableness,comfortable
comfortless,comfort
comical,comic
comicality,comical
comicalness,comical
commandable,command
commandantship,commandant
commander,command
commandership,commander
commemorational,commemoration
commencement,commence
commencer,commence
commendatory,commend
commender,commend
commensalism,commensal
commensality,commensal
commentate,comment
commentator,comment
commenter,comment
commercialese,commercial
commercialise,commercial
commercialism,commercial
commercialist,commercial
commercialistic,commercialist
commerciality,commercial
commercialize,commercial
commissaryship,commissary
commissional,commission
commissionary,commission
commissioner,commission
commitment,commit
committable,commit
committal,commit
committee,commit
committeeman,committee
committeeship,committee
committeewoman,committee
committer,commit
commodiousness,commodious
commonable,common
commonality,common
commoner,common
commonhold,common
commonness,common
commonplaceness,commonplace
commonwealth,common
communalise,communal
communalism,communal
communalistic,communal
communality,communal
communalize,communal
communer,commune
communicatee,communicate
communicational,communication
communional,communion
commutableness,commutable
commuter,commute
comorbidity,comorbid
compactedness,compacted
compacter,compact
compactible,compact
compactify,compact
compactness,compact
companionable,companion
companionate,companion
companionhood,companion
companionless,companion
companionship,companion
companionway,companion
comparer,compare
compassable,compass
compassing,compass
compassionable,compassion
compassionate,compassion
compassionless,compassion
compatibleness,compatible
compatriotic,compatriot
compatriotism,compatriot
compearance,compear
compeller,compel
compendiousness,compendious
compensational,compensation
comper,comp
compilement,compile
compiler,compile
complainer,complain
complemental,complement
complementary,complement
completedness,completed
completeness,complete
completer,complete
complexation,complex
complexedness,complexed
complexify,complex
complexional,complexion
complexioned,complexion
complexionless,complexion
complexity,complex
complexness,complex
complexometric,complex
complexone,complex
complicatedness,complicated
complimental,compliment
complimentary,compliment
complimenter,compliment
complotter,complot
componental,component
componential,component
comportment,comport
composedness,composed
composer,compose
compositional,composition
compositorial,compositor
compostable,compost
composter,compost
composture,compost
compoundable,compound
compounder,compound
comprehendible,comprehend
compressibility,compress
compressible,compress
compression,compress
compressional,compression
compressive,compress
compressor,compress
compressure,compress
compromiser,compromise
comptible,compt
comptrollership,comptroller
compurgatorial,compurgator
computational,computation
computerdom,computer
computerese,computer
computerisation,computer
computerise,computer
computerist,computer
computeritis,computer
computerize,computer
computerless,computer
computerlike,computer
computernik,computer
computerphobe,computer
computerphobia,computer
computerphobic,computer
comradely,comrade
comradery,comrade
comradeship,comrade
conacreism,conacre
conational,conation
concaveness,concave
concealable,conceal
concealer,conceal
concealment,conceal
conceder,concede
conceited,conceit
conceitedness,conceited
conceitful,conceit
conceitless,conceit
conceiver,conceive
concentricity,concentric
conceptious,concept
concernedness,concerned
concernment,concern
concertedness,concerted
concertgoer,concert
concertgoing,concert
concertina,concert
concertize,concert
concertmistress,concert
concessional,concession
concessionary,concession
concessioner,concession
concessionist,concession
conchal,concha
conchate,conch
conchiform,conch
conchoid,conch
conchoidal,conchoid
conciseness,concise
concluder,conclude
conclusionary,conclusion
conclusiveness,conclusive
concocter,concoct
concordal,concord
concreteness,concrete
concretionary,concretion
concussion,concuss
concussive,concuss
condemnable,condemn
condemner,condemn
condensational,condensation
condenser,condense
condensery,condense
conder,cond
condignness,condign
condimental,condiment
conditionable,condition
conditional,condition
conditionality,conditional
conditioner,condition
condolement,condole
condolence,condole
condoler,condole
condoner,condone
conducement,conduce
conducer,conduce
conduciveness,conducive
conductance,conduct
conductible,conduct
conduction,conduct
conductional,conduction
conductive,conduct
conductorial,conductor
conductorship,conductor
condylomatous,condyloma
coneflower,cone
coneless,cone
conelike,cone
conenose,cone
confection,confect
confectionary,confection
confectionery,confectioner
conferee,confer
conferment,confer
conferrable,confer
conferral,confer
conferrer,confer
confessable,confess
confessant,confess
confession,confess
confessional,confession
confessionalism,confessional
confessionalist,confessional
confessor,confess
confessoress,confessor
confessorship,confessor
confidence,confide
confidentiality,confidential
confider,confide
confidingness,confiding
configurational,configuration
confinedness,confined
confineless,confine
confinement,confine
confiner,confine
confirmability,confirm
confirmable,confirm
confirmation,confirm
confirmational,confirmation
confirmative,confirm
confirmedness,confirmed
confirmee,confirm
confirmer,confirm
conflictful,conflict
conflictive,conflict
conflictory,conflict
conflictual,conflict
conformability,conform
conformal,conform
conformation,conform
conformational,conformation
conformer,conform
conformist,conform
conformity,conform
confoundable,confound
confoundedness,confounded
confounder,confound
confrontal,confront
confrontation,confront
confrontational,confrontation
confronter,confront
confrontment,confront
confusedness,confused
confusional,confusion
confutement,confute
confuter,confute
congeneric,congener
congeniality,congenial
congenialness,congenial
congenitalness,congenital
congestible,congest
congestive,congest
congregational,congregation
congressman,congress
congressperson,congress
congresswoman,congress
conical,conic
conicity,conic
coniferous,conifer
conjecturer,conjecture
conjoiner,conjoin
conjugality,conjugal
conjugational,conjugation
conjunctional,conjunction
conjunctival,conjunctiva
conjunctiveness,conjunctive
conjurement,conjure
conjurer,conjure
conky,conk
conlanger,conlang
conman,con
connateness,connate
connaturality,connatural
connaturalness,connatural
connectable,connect
connectedness,connected
connecter,connect
connectible,connect
connection,connect
connectional,connection
connectionism,connection
connector,connect
connexional,connexion
conniver,connive
connivery,connive
connoisseurship,connoisseur
connotational,connotation
connubialism,connubial
connubiality,connubial
conoidal,conoid
conoidic,conoid
conquerable,conquer
conquerer,conquer
conqueress,conquer
conqueror,conquer
conscienceless,conscience
conscientious,conscient
conscientize,conscient
consciousness,conscious
conscriptional,conscription
consecratedness,consecrated
consecutiveness,consecutive
consenter,consent
consequential,consequent
conservational,conservation
conservationist,conservation
conservatorship,conservator
conserver,conserve
considerable,consider
consideration,consider
considerer,consider
consideringly,considering
consignable,consign
consignee,consign
consigner,consign
consignment,consign
consignor,consign
consistence,consist
consistency,consist
consistent,consist
consistory,consist
consociational,consociation
consolement,console
consoler,console
consonantal,consonant
consortable,consort
consorter,consort
consortism,consort
conspirational,conspiration
conspiratorial,conspirator
conspirer,conspire
constableship,constable
constablewick,constable
constellational,constellation
constituter,constitute
constitutional,constitution
constitutionist,constitution
constructable,construct
constructible,construct
construction,construct
constructional,construction
constructionism,construction
constructionist,construction
constructive,construct
constructor,construct
construer,construe
consulage,consul
consular,consul
consulate,consul
consulship,consul
consultable,consult
consultancy,consult
consultantship,consultant
consultation,consult
consultative,consult
consultee,consult
consulter,consult
consultive,consult
consumedly,consumed
consumeristic,consumerist
contactable,contact
contactee,contact
contactless,contact
contactor,contact
contactual,contact
contagionist,contagion
contagiousness,contagious
containable,contain
container,contain
containerboard,container
containerize,container
containerless,container
containership,container
containment,contain
contemner,contemn
contemnible,contemn
contemnor,contemn
contemptible,contempt
contender,contend
contentedness,contented
contentless,content
contentment,content
contestability,contest
contestable,contest
contestation,contest
contester,contest
contextless,context
contextual,context
contextualize,contextual
continental,continent
continentalism,continental
continentalist,continental
continuality,continual
continuedness,continued
continuer,continue
contortedness,contorted
contortionate,contortion
contortionism,contortion
contortionist,contortion
contortionistic,contortionist
contortive,contort
contrabandism,contraband
contrabandist,contraband
contrabassist,contrabass
contractability,contract
contractable,contract
contractedness,contracted
contractible,contract
contraction,contract
contractional,contraction
contractionary,contraction
contractive,contract
contractual,contract
contradictable,contradict
contradicter,contradict
contradictive,contradict
contradictory,contradict
contraplex,contra
contrastable,contrast
contrastingly,contrasting
contrastive,contrast
contrasty,contrast
contravener,contravene
contriteness,contrite
contrivement,contrive
contriver,contrive
controllable,control
controller,control
controllership,controller
controlment,control
controverter,controvert
controvertible,controvert
controvertist,controvert
contusioned,contusion
convection,convect
convectional,convection
convective,convect
convector,convect
convener,convene
convenership,convener
convenorship,convenor
conventicler,conventicle
conventional,convention
conventionalise,conventional
conventionalism,conventional
conventionalist,conventional
conventionality,conventional
conventionalize,conventional
conventionary,convention
conventioneer,convention
conventioner,convention
conventionist,convention
convergence,converge
conversableness,conversable
conversational,conversation
conversationism,conversation
conversationist,conversation
converser,converse
conversional,conversion
converter,convert
convertible,convert
convertibleness,convertible
convertor,convert
convexity,convex
convexness,convex
conveyable,convey
conveyal,convey
conveyance,convey
conveyancer,conveyance
conveyer,convey
conveyor,convey
conveyorise,conveyor
conveyorization,conveyor
conveyorize,conveyor
convictable,convict
conviction,convict
convictional,conviction
convictism,convict
convincement,convince
convincer,convince
convincingness,convincing
convivialist,convivial
conviviality,convivial
convocational,convocation
convocationist,convocation
convoker,convoke
convulsional,convulsion
convulsionary,convulsion
convulsionist,convulsion
conwoman,con
cooer,coo
cooingly,cooing
cookable,cook
cookbook,cook
cookery,cook
cookhouse,cook
cookie,cook
cooking,cook
cookless,cook
cookmaid,cook
cookout,cook
cookroom,cook
cookshack,cook
cookshop,cook
cookstove,cook
cooktop,cook
cookware,cook
coolant,cool
cooler,cool
coolheaded,cool
coolhouse,cool
cooling,cool
coolish,cool
coolness,cool
coolth,cool
coondog,coon
coonhound,coon
coonshit,coon
coonskin,coon
cooper,coop
cooperage,cooper
cooperationist,cooperation
coopery,cooper
cooptation,coopt
cooption,coopt
copartnership,copartner
copemate,cope
coper,cope
copiousness,copious
coplanarity,coplanar
copper,cop
copperhead,copper
copperish,copper
copperplate,copper
copperskin,copper
coppersmith,copper
copperwork,copper
copperworm,copper
coppery,copper
copple,cop
coppy,cop
coprolaliac,coprolalia
copsewood,copse
copular,copula
copybook,copy
copyboy,copy
copycat,copy
copygirl,copy
copygraph,copy
copyholder,copy
copyism,copy
copyist,copy
copyread,copy
copyreader,copy
copyright,copy
copyrightable,copyright
copyrighter,copyright
copytaker,copy
copywriter,copy
coralberry,coral
corallaceous,coral
coralliferous,coral
coralliform,coral
coralligenous,coral
coralline,coral
corallite,coral
coralloid,coral
coralroot,coral
coralwort,coral
corbelling,corbel
cordate,cor
cordectomy,cord
corder,cord
cordgrass,cord
cordialise,cordial
cordiality,cordial
cordialize,cordial
cordialness,cordial
cordilleran,cordillera
cording,cord
cordite,cord
cordless,cord
cordlike,cord
cordocentesis,cord
cordotomy,cord
corduroy,cord
cordwood,cord
coreless,core
corer,core
corkage,cork
corker,cork
corklike,cork
corkscrew,cork
corkwing,cork
corkwood,cork
corky,cork
cormel,corm
cormlet,corm
cormlike,corm
cormoid,corm
cormous,corm
cornball,corn
corncake,corn
corncob,corn
corncockle,corn
corncrake,corn
corneal,cornea
corner,corn
cornerback,corner
cornerman,corner
cornerways,corner
cornerwise,corner
cornetcy,cornet
cornetist,cornet
cornettist,cornett
cornfed,corn
cornfield,corn
cornflake,corn
cornflour,corn
cornflower,corn
cornhusk,corn
cornhusker,corn
cornhusking,corn
cornify,corn
cornland,corn
cornloft,corn
cornmeal,corn
cornmill,corn
cornpone,corn
cornsilk,corn
cornstalk,corn
cornstarch,corn
cornstone,corn
cornucopian,cornucopia
cornworm,corn
corny,corn
corollaceous,corolla
corollate,corolla
coronagraph,corona
coronavirus,corona
coronership,coroner
corporality,corporal
corporalship,corporal
corporealise,corporeal
corporealism,corporeal
corporealist,corporeal
corporeality,corporeal
corporealize,corporeal
corporealness,corporeal
corpselike,corpse
corpsman,corps
corpuscularian,corpuscular
correctable,correct
correctional,correction
correctioner,correction
correctitude,correct
corrective,correct
correctness,correct
corrector,correct
correctory,correct
correlational,correlation
correlativeness,correlative
correspondence,correspond
correspondency,correspond
corresponding,correspond
corrivalship,corrival
corroder,corrode
corrupter,corrupt
corruption,corrupt
corruptionist,corruption
corruptive,corrupt
corruptness,corrupt
corset,corse
corsetier,corset
corsetry,corset
corybantic,corybant
corybantism,corybant
corymbed,corymb
corymbous,corymb
coryzal,coryza
cosherer,cosher
cosigner,cosign
cosmeticise,cosmetic
cosmeticism,cosmetic
cosmeticize,cosmetic
cosmeticology,cosmetic
cosmographical,cosmographic
cosmopolitanism,cosmopolitan
costal,costa
costally,costal
costardmonger,costard
costate,costa
costiveness,costive
costless,cost
costly,cost
costumer,costume
costumery,costume
costumey,costume
cotland,cot
cottager,cottage
cottagey,cottage
cotter,cot
cotterless,cotter
cottierism,cottier
cottonocracy,cotton
cottonseed,cotton
cottontail,cotton
cottonweed,cotton
cottonwood,cotton
cottony,cotton
cotyledonal,cotyledon
cotyledonary,cotyledon
cotyledonoid,cotyledon
cotyledonous,cotyledon
coucher,couch
couching,couch
cougher,cough
couldest,could
coulombic,coulomb
coulombmeter,coulomb
councillor,council
councillorship,councillor
councilman,council
councilmanic,councilman
councilwoman,council
counselee,counsel
counsellable,counsel
counsellee,counsel
counsellorship,counsellor
counselorship,counselor
countability,count
countable,count
countback,count
countenancer,countenance
counter,count
counterbidder,counterbid
counterfeiter,counterfeit
counterman,counter
countermandable,countermand
counterplayer,counterplay
counterpuncher,counterpunch
counterreformer,counterreform
countertop,counter
countervailable,countervail
counterworker,counter
countess,count
countless,count
countline,count
countryish,country
countryman,country
countryside,country
countrywide,country
countrywoman,country
countship,count
couper,coup
coupledom,couple
coupler,couple
couponing,coupon
courageousness,courageous
coursebook,course
courser,course
courseware,course
courtcraft,court
courteous,court
courteousness,courteous
courter,court
courtesy,court
courthouse,court
courtier,court
courtierism,courtier
courtierlike,courtier
courtierly,courtier
courtlet,court
courtlike,court
courtling,court
courtly,court
courtroom,court
courtship,court
courtside,court
courtyard,court
cousinage,cousin
cousinhood,cousin
cousinly,cousin
cousinry,cousin
cousinship,cousin
couthie,couth
covelet,cove
covenantal,covenant
covenantee,covenant
covenanter,covenant
covenantor,covenant
coverable,cover
coverage,cover
coverall,cover
coveralled,coverall
coverer,cover
covering,cover
coverless,cover
covermount,cover
coverslip,cover
covertness,covert
covetable,covet
coveter,covet
covetousness,covetous
covey,cove
cowardly,coward
cowardry,coward
cowardship,coward
cowbane,cow
cowbell,cow
cowberry,cow
cowbird,cow
cowboy,cow
cowcatcher,cow
cowfish,cow
cowgirl,cow
cowhand,cow
cowheel,cow
cowherb,cow
cowherd,cow
cowhide,cow
cowhouse,cow
cowish,cow
cowlike,cow
cowling,cow
cowlstaff,cowl
cowman,cow
cowpat,cow
cowpea,cow
cowpie,cow
cowplop,cow
cowpoke,cow
cowpox,cow
cowpuncher,cow
cowshed,cow
cowskin,cow
cowtown,cow
cowy,cow
coxcombic,coxcomb
coxcombical,coxcomb
coxcombicality,coxcombical
coxcombry,coxcomb
coxless,cox
coyish,coy
coyishness,coyish
coyness,coy
cozenage,cozen
cozener,cozen
crabapple,crab
crabbedness,crabbed
crabber,crab
crabby,crab
crabeater,crab
crabgrass,crab
crablike,crab
crabmeat,crab
crabwise,crab
crackback,crack
crackbrain,crack
cracker,crack
crackerjack,crack
crackhead,crack
crackie,crack
crackjaw,crack
crackle,crack
crackleware,crackle
crackpot,crack
cracksman,crack
cracky,crack
cradler,cradle
crafter,craft
craftless,craft
craftsman,craft
craftsmanlike,craftsman
craftsmanly,craftsman
craftsmanship,craftsman
craftsperson,craft
craftswoman,craft
craftwork,craft
crafty,craft
cragfast,crag
cragged,crag
craggedness,cragged
cragger,crag
craggy,crag
cragsman,crag
crakeberry,crake
crammable,cram
crammer,cram
crampbark,cramp
cramper,cramp
crampet,cramp
crampfish,cramp
crampy,cramp
cranelike,crane
cranesbill,crane
crankbait,crank
crankcase,crank
crankish,crank
crankle,crank
crankness,crank
crankshaft,crank
cranky,crank
crapehanger,crape
crapehanging,crape
crapelike,crape
crapola,crap
crapper,crap
crappy,crap
crapshoot,crap
crapshooter,crap
crasher,crash
crashworthy,crash
crassness,crass
crateful,crate
craterless,crater
craterlet,crater
craterlike,crater
craterous,crater
cratonic,craton
cravenness,craven
craver,crave
crawler,crawl
crawlway,crawl
crawly,crawl
crayonist,crayon
crazyweed,crazy
creaky,creak
creamcups,cream
creamer,cream
creamery,cream
creamlaid,cream
creamlike,cream
creamware,cream
creamy,cream
creaseless,crease
creaser,crease
creational,creation
creationism,creation
creationist,creation
creationistic,creationist
creativeness,creative
creatorship,creator
creaturehood,creature
creaturely,creature
creatureship,creature
credentialism,credential
credibleness,credible
creditable,credit
creditableness,creditable
creditless,credit
creditorship,creditor
creditworthy,credit
credulousness,credulous
creedal,creed
creekside,creek
creeky,creek
creepage,creep
creeper,creep
creepered,creeper
creepie,creep
creepmouse,creep
creepy,creep
cremationism,cremation
cremationist,cremation
crepehanger,crepe
crepehanging,crepe
crepelike,crepe
crepey,crepe
crescentic,crescent
cressy,cress
crestal,crest
crestfallen,crest
crestless,crest
cresylic,cresyl
cretinism,cretin
cretinize,cretin
cretinoid,cretin
cretinous,cretin
creviced,crevice
crewelwork,crewel
crewless,crew
crewman,crew
crewmate,crew
crewneck,crew
cribbage,crib
cribber,crib
cribwork,crib
cricketer,cricket
cricky,crick
crimeful,crime
crimeless,crime
crimewave,crime
criminalese,criminal
criminalisation,criminal
criminalise,criminal
criminalist,criminal
criminality,criminal
criminalization,criminal
criminalize,criminal
crimper,crimp
crimple,crimp
crimpy,crimp
crimsonness,crimson
cringeling,cringe
cringer,cringe
cringeworthy,cringe
cringey,cringe
crinkleroot,crinkle
crinoidal,crinoid
crinolined,crinoline
crippledom,cripple
crippler,cripple
crippleware,cripple
crispbread,crisp
crispen,crisp
crisper,crisp
crisphead,crisp
crispness,crisp
crispy,crisp
criticality,critical
criticalness,critical
criticaster,critic
criticise,critic
criticiser,criticise
criticism,critic
criticize,critic
criticizer,criticize
croaker,croak
croaky,croak
crocheter,crochet
crocketed,crocket
crockpot,crock
crofter,croft
crofting,croft
cronyism,crony
crookback,crook
crookbacked,crook
crookedness,crooked
crookery,crook
crookneck,crook
crooner,croon
croony,croon
cropbound,crop
cropduster,crop
cropful,crop
cropfull,crop
cropland,crop
cropless,crop
cropper,crop
croppie,crop
croppy,crop
cropsick,crop
crosiered,crosier
crossable,cross
crossarm,cross
crossbeam,cross
crossbencher,crossbench
crossbill,cross
crossbite,cross
crossbow,cross
crossbower,crossbow
crossbowman,crossbow
crosser,cross
crossfish,cross
crosshair,cross
crosshead,cross
crossing,cross
crossish,cross
crosslet,cross
crosslight,cross
crosslike,cross
crossness,cross
crosspatch,cross
crossroad,cross
crosstree,cross
crosswalk,cross
crossway,cross
crosswire,cross
crosswise,cross
crossword,cross
crosswort,cross
crotched,crotch
crotcheteer,crotchet
crotchety,crotchet
crotonaldehyde,croton
crotonic,croton
croupous,croup
croupy,croup
crowbait,crow
crowbar,crow
crowberry,crow
crowdedness,crowded
crowder,crowd
crowdfund,crowd
crowdfunding,crowd
crowdsource,crowd
crowdsourcing,crowd
crowdy,crowd
crower,crow
crowfoot,crow
crowkeeper,crow
crowlike,crow
crowner,crown
crowning,crown
crownless,crown
crownlet,crown
crownlike,crown
crownpiece,crown
crownwork,crown
crowsfoot,crow
crowstep,crow
crowstepped,crowstep
cruciferous,crucifer
cruddy,crud
crudeness,crude
cruelness,cruel
cruelty,cruel
cruiser,cruise
cruiserweight,cruiser
cruiseway,cruise
cruisewear,cruise
cruisey,cruise
crumbcloth,crumb
crumber,crumb
crumble,crumb
crumple,crump
crumpy,crump
crunchable,crunch
cruncher,crunch
crunchy,crunch
crusader,crusade
crushability,crush
crushable,crush
crusher,crush
crushing,crush
crushproof,crush
crustal,crust
crustation,crust
crustless,crust
crustlike,crust
crusty,crust
crybaby,cry
crying,cry
cryogenics,cryogen
cryptal,crypt
cryptobiont,crypto
cryptobiosis,crypto
cryptogamian,cryptogam
cryptogamic,cryptogam
cryptogamist,cryptogam
cryptogamous,crypto
cryptogenic,crypto
cryptogram,crypto
cryptograph,crypto
cryptographer,crypto
cryptographist,cryptograph
cryptologist,crypto
cryptology,crypto
cryptonym,crypto
cryptonymous,cryptonym
cryptophyte,crypto
cryptorchidism,cryptorchid
crystalline,crystal
crystallise,crystal
crystalliser,crystallise
crystallite,crystal
crystallization,crystal
crystallize,crystal
crystallizer,crystallize
crystallography,crystal
crystalloid,crystal
crystalloidal,crystalloid
cubbish,cub
cubbyhole,cubby
cubelike,cube
cuber,cube
cubhood,cub
cubicalness,cubical
cubicity,cubic
cubistic,cubist
cubital,cubit
cubless,cub
cuboidal,cuboid
cuckoldly,cuckold
cuckoldom,cuckold
cuckoldry,cuckold
cuckooflower,cuckoo
cuddler,cuddle
cuddlesome,cuddle
cudgeler,cudgel
cudweed,cud
cueist,cue
cuffable,cuff
cuffless,cuff
cufflink,cuff
culler,cull
cullionly,cullion
cullyism,cully
culmiferous,culm
culpableness,culpable
cultic,cult
cultish,cult
cultishness,cultish
cultism,cult
cultist,cult
cultlike,cult
cultrated,cultrate
culty,cult
culverineer,culverin
culvertailed,culver
cumberer,cumber
cumberless,cumber
cumberment,cumber
cumbersome,cumber
cumbrousness,cumbrous
cummer,cum
cuneated,cuneate
cunningness,cunning
cupbearer,cup
cupboard,cup
cupcake,cup
cupel,cup
cupeller,cupel
cupful,cup
cuphead,cup
cupholder,cup
cuplike,cup
cupman,cup
cupolar,cupola
cupper,cup
cupping,cup
cuppy,cup
cupule,cup
curableness,curable
curateship,curate
curativeness,curative
curatorial,curator
curatorship,curator
curbable,curb
curber,curb
curbless,curb
curbside,curb
curbstone,curb
curdle,curd
curdler,curdle
curdy,curd
cureless,cure
curer,cure
curialism,curial
curialist,curial
curietherapy,curie
curiousness,curious
curler,curl
curlpaper,curl
curly,curl
curmudgeonly,curmudgeon
curranty,currant
currentness,current
currish,cur
currishness,currish
currycomb,curry
cursed,curse
cursedness,cursed
curser,curse
cursiveness,cursive
curstness,curst
curtailer,curtail
curtailment,curtail
curtainless,curtain
curtness,curt
curvaceousness,curvaceous
curveball,curve
curvedness,curved
curvesome,curve
curvey,curve
curvilinearity,curvilinear
cushionless,cushion
cushiony,cushion
cuspal,cusp
cuspate,cusp
cusped,cusp
cusplike,cusp
cuspy,cusp
cussedness,cussed
cusser,cuss
custardy,custard
custodianship,custodian
customable,custom
customary,custom
customer,custom
customize,custom
customizer,customize
customshouse,customs
cutbank,cut
cuteness,cute
cutesy,cute
cutey,cute
cutgrass,cut
cuticular,cuticula
cutinise,cutin
cutinization,cutin
cutinize,cutin
cutlet,cut
cutline,cut
cutover,cut
cutpurse,cut
cuttable,cut
cuttage,cut
cutter,cut
cutthroat,cut
cutting,cut
cuttlebone,cuttle
cuttlefish,cuttle
cutty,cut
cutwater,cut
cutwork,cut
cutworm,cut
cyanic,cyan
cyanide,cyan
cyanin,cyan
cyanine,cyan
cyanise,cyan
cyanogen,cyano
cyanogenesis,cyano
cyanometer,cyano
cyanophyte,cyano
cyanosis,cyano
cyanotype,cyano
cyberchondriac,cyberchondria
cybernaut,cyber
cybernetician,cybernetic
cyberneticist,cybernetic
cyberphobia,cyber
cyberphobic,cyber
cyberpunk,cyber
cycadophyte,cycad
cycasin,cycas
cyclecar,cycle
cycler,cycle
cycleway,cycle
cyclical,cyclic
cyclicality,cyclical
cyclicism,cyclic
cyclicity,cyclic
cyclogenesis,cyclo
cyclograph,cyclo
cyclographic,cyclograph
cycloid,cyclo
cycloidal,cycloid
cyclometer,cyclo
cyclometry,cyclo
cycloolefinic,cycloolefin
cycloplegia,cyclo
cyclosis,cyclo
cylindricality,cylindrical
cylindricity,cylindric
cymagraph,cyma
cymbalist,cymbal
cynical,cynic
cynicalness,cynical
cynicism,cynic
cystectomy,cyst
cystiform,cyst
cystitis,cyst
cystoid,cyst
cytoplasmic,cytoplasm
cytoplastic,cytoplast
cytosolic,cytosol
czardom,czar
czarist,czar
dabber,dab
dabble,dab
dabbler,dabble
dabchick,dab
dacoitage,dacoit
dacoity,dacoit
dactylar,dactyl
dactylic,dactyl
dactylist,dactyl
dadaistic,dadaist
daddy,dad
daffing,daff
daffodilly,daffodil
daffy,daff
daftie,daft
daftness,daft
daggerboard,dagger
daggerlike,dagger
daggle,dag
daggy,dag
daglock,dag
daguerreotyper,daguerreotype
daimonic,daimon
dairying,dairy
dairyman,dairy
daisylike,daisy
dalesman,dale
damageability,damage
damageable,damage
damager,damage
damehood,dame
damewort,dame
dammer,dam
damnability,damn
damnable,damn
damnableness,damnable
damnatory,damn
damnedest,damned
damner,damn
damnest,damn
dampen,damp
dampener,dampen
damper,damp
dampish,damp
dampishness,dampish
dampness,damp
dampy,damp
damselfish,damsel
damselfly,damsel
danceable,dance
dancecore,dance
dancehall,dance
dancelike,dance
dancer,dance
dancewear,dance
dandler,dandle
dandruffy,dandruff
dandyish,dandy
dandyism,dandy
dangerless,danger
dangerous,danger
dangler,dangle
dankish,dank
dankness,dank
dapperling,dapper
dapperness,dapper
daredevil,dare
daredevilry,daredevil
dareful,dare
darer,dare
daresay,dare
daringness,daring
darken,dark
darkener,darken
darkey,dark
darkfield,dark
darkie,dark
darkish,dark
darkle,dark
darkling,dark
darkmans,dark
darkness,dark
darknet,dark
darkroom,dark
darksome,dark
darky,dark
darlingness,darling
darnedest,darned
darner,darn
darter,dart
dartle,dart
dashboard,dash
dasher,dash
dashing,dash
dashpot,dash
dashy,dash
dastardly,dastard
dastardness,dastard
dastardy,dastard
databank,data
database,data
datagram,data
dateable,date
datebook,date
datedness,dated
dateless,date
dateline,date
dater,date
dauber,daub
daubery,daub
dauby,daub
daughterboard,daughter
daughterhood,daughter
daughterless,daughter
daughterling,daughter
daughterly,daughter
daunter,daunt
dauntless,daunt
dauphine,dauphin
dauphiness,dauphin
dawdler,dawdle
dawish,daw
dawnlike,dawn
daybed,day
dayboat,day
daycare,day
daydreamer,daydream
daydreamlike,daydream
daydreamy,daydream
dayflower,day
dayfly,day
dayglow,day
daylight,day
daylily,day
daylong,day
daymare,day
daymark,day
daypack,day
dayroom,day
daysack,day
daysail,day
daysailer,day
daysailor,day
dayside,day
daysman,day
dayspring,day
daystar,day
daytime,day
daywear,day
daywork,day
dayworker,day
dazedness,dazed
dazzlement,dazzle
dazzler,dazzle
deacidify,de
deaconess,deacon
deaconhood,deacon
deaconry,deacon
deaconship,deacon
deadbolt,dead
deaden,dead
deadener,deaden
deader,dead
deadeye,dead
deadfall,dead
deadhouse,dead
deadlift,dead
deadlight,dead
deadlock,dead
deadly,dead
deadman,dead
deadness,dead
deadpan,dead
deadpanner,deadpan
deadstock,dead
deadwood,dead
deafblind,deaf
deafen,deaf
deafish,deaf
deafness,deaf
dealer,deal
dealership,dealer
dealing,deal
dealmaker,deal
deaminase,de
deanery,dean
deanship,dean
dearie,dear
dearness,dear
dearth,dear
deary,dear
deathbed,death
deathblow,death
deathcare,death
deathful,death
deathless,death
deathlike,death
deathly,death
deathsman,death
deathtrap,death
deathward,death
deathwards,death
deathwatch,death
deathy,death
debarker,debark
debarment,debar
debasedness,debased
debasement,debase
debaser,debase
debateable,debate
debateful,debate
debater,debate
debauchedness,debauched
debaucher,debauch
debauchery,debauch
debauchment,debauch
debby,deb
debentured,debenture
debitor,debit
debonairness,debonair
deboner,debone
debouchment,debouch
debriefer,debrief
debted,debt
debtee,debt
debtless,debt
debtor,debt
debugger,debug
debunker,debunk
debutant,debut
debutante,debut
decampment,decamp
decantation,decant
decanter,decant
decarbonizer,decarbonize
decarboxylase,de
decayable,decay
decayer,decay
decayless,decay
deceased,decease
deceitful,deceit
deceitfulness,deceitful
deceivableness,deceivable
deceiver,deceive
decemvirate,decemvir
decentness,decent
decentralist,de
deceptional,deception
deceptiveness,deceptive
decidedness,decided
decider,decide
decidual,decidua
deciduate,decidua
deciduousness,deciduous
decillionth,decillion
decimalise,decimal
decimalism,decimal
decimalist,decimal
decimalization,decimal
decimalize,decimal
decipherability,decipher
decipherable,decipher
decipherer,decipher
decipherment,decipher
decisional,decision
decisiveness,decisive
decitizenize,de
decker,deck
deckhand,deck
deckhouse,deck
deckled,deckle
deckless,deck
declaimer,declaim
declarer,declare
declensional,declension
declinational,declination
decliner,decline
decoctible,decoct
decoctive,decoct
decoder,decode
decoloriser,decolorise
decolorize,de
decolorizer,decolorize
decolourization,de
decommissioner,decommission
decomposer,decompose
decompoundable,decompound
decompressor,decompress
deconstruction,deconstruct
deconstructor,deconstruct
decorousness,decorous
decoupler,decouple
decoy,de
decoyer,decoy
decreeable,decree
decreer,decree
decremental,decrement
decrepitness,decrepit
decretalist,decretal
decurionate,decurion
dedicatee,dedicate
dedicational,dedication
deducement,deduce
deducibleness,deducible
deductible,deduct
deduction,deduct
deductive,deduct
deedful,deed
deedless,deed
deedy,deed
deemster,deem
deepen,deep
deepener,deepen
deepfelt,deep
deepie,deep
deepmost,deep
deepness,deep
deerberry,deer
deerfly,deer
deergrass,deer
deerhorn,deer
deerhound,deer
deerlet,deer
deerlike,deer
deerskin,deer
deerstalker,deer
defaceable,deface
defacement,deface
defacer,deface
defamer,defame
defaulter,default
defeasanced,defeasance
defeater,defeat
defeatism,defeat
defeatist,defeat
defeature,defeat
defectionist,defection
defenceless,defence
defenceman,defence
defender,defend
defenseless,defense
defensibleness,defensible
deference,defer
deferment,defer
deferrable,defer
deferral,defer
deferrer,defer
defeudalize,de
defiantness,defiant
defibrinize,de
defilement,defile
defiler,defile
definement,define
definer,define
definiteness,definite
definitional,definition
definitiveness,definitive
deflater,deflate
deflationary,deflation
deflationist,deflation
deflectable,deflect
deflection,deflect
deflective,deflect
deflector,deflect
deflexional,deflexion
deflowerer,deflower
defoamer,defoam
defogger,defog
deforcer,deforce
deforestation,deforest
deforester,deforest
deformability,deform
deformable,deform
deformation,deform
deformational,deformation
deformedness,deformed
deformer,deform
defragger,defrag
defrauder,defraud
defrayable,defray
defrayal,defray
defrayer,defray
defrayment,defray
defroster,defrost
deftness,deft
defunctness,defunct
defuser,defuse
degasser,degas
degausser,degauss
degenerateness,degenerate
degenerationist,degeneration
degrader,degrade
degradingness,degrading
degreaser,degrease
degreed,degree
degreeless,degree
dehiscence,dehisce
dehorner,dehorn
dehorter,dehort
dehydrater,dehydrate
deicer,deice
deionizer,deionize
deistic,deist
dejectedness,dejected
dejection,deject
delayable,delay
delayer,delay
delegatee,delegate
deliberateness,deliberate
delicateness,delicate
deliciousness,delicious
delightedness,delighted
delighter,delight
delightful,delight
delightless,delight
delightsome,delight
delimitative,delimit
delimiter,delimit
deliquescence,deliquesce
deliquescent,deliquesce
deliverability,deliver
deliverable,deliver
deliverance,deliver
deliverer,deliver
deliveryman,delivery
delly,dell
delouser,delouse
deltaic,delta
deltoideus,deltoid
deluder,delude
delusional,delusion
delusionary,delusion
delusionist,delusion
delusiveness,delusive
delustrant,de
delver,delve
demagnetizer,demagnetize
demagogical,demagogic
demagoguery,demagogue
demandable,demand
demander,demand
demandingness,demanding
dementedness,demented
demeritorious,demerit
demineralizer,demineralize
demirepdom,demirep
demissive,demiss
demister,demist
demiurgeous,demiurge
democratic,democrat
democratisation,democrat
democratise,democrat
democratiser,democratise
democratizer,democratize
demographer,demo
demography,demo
demolisher,demolish
demolishment,demolish
demolitionist,demolition
demology,demo
demoness,demon
demoniacism,demoniac
demonian,demon
demonianism,demonian
demonic,demon
demonical,demon
demonisation,demon
demonise,demon
demonism,demon
demonist,demon
demonization,demon
demonize,demon
demonry,demon
demonstrational,demonstration
demoraliser,demoralise
demoralizer,demoralize
demoscene,demo
demoticist,demotic
demountable,demount
demureness,demure
demurrable,demur
demurrage,demur
demurral,demur
demurrer,demur
demyelination,de
demyship,demy
demythologizer,demythologize
denazify,de
denialist,denial
denimed,denim
denizenship,denizen
denominational,denomination
denotement,denote
denouncement,denounce
denouncer,denounce
denseness,dense
dentiled,dentil
dentinal,dentin
dentistry,dentist
denudement,denude
denuder,denude
deodorise,de
deodoriser,deodorise
deodorize,de
deodorizer,deodorize
deoxidizer,deoxidize
departee,depart
departer,depart
departmental,department
departmentalism,departmental
departmentalize,departmental
departure,depart
dependability,depend
dependable,depend
dependance,depend
dependancy,depend
dependence,depend
dependency,depend
dependent,depend
depicter,depict
depiction,depict
depictive,depict
depictor,depict
depleter,deplete
deplorableness,deplorable
deplorer,deplore
deployable,deploy
deployer,deploy
depolariser,depolarise
depolarizer,depolarize
deportable,deport
deportation,deport
deportee,deport
deporter,deport
deportment,deport
deposer,depose
depositional,deposition
depositor,deposit
depository,deposit
depravedness,depraved
depravement,deprave
depraver,deprave
depressant,depress
depressible,depress
depression,depress
depressive,depress
depressor,depress
deprivement,deprive
depriver,deprive
deprogrammer,deprogram
depthless,depth
derailer,derail
derangement,derange
deranger,derange
dereligionise,de
derider,deride
derisiveness,derisive
derivational,derivation
derivationist,derivation
deriver,derive
dermal,derm
dermatome,derma
dermic,derm
dermography,derm
dermoid,derm
dernful,dern
dernly,dern
derogately,derogate
desalter,desalt
descaler,descale
descanter,descant
descendable,descend
descender,descend
descendible,descend
descending,descend
descensional,descension
descrambler,descramble
describer,describe
desecrater,desecrate
deseeder,deseed
desensitizer,desensitize
deserter,desert
desertic,desert
desertification,desert
desertify,desert
desertization,desert
desertless,desert
deservedness,deserved
deserver,deserve
designable,design
designation,design
designer,design
designful,design
designless,design
designment,design
desilverize,de
desirableness,desirable
desireless,desire
desirer,desire
desirousness,desirous
desistance,desist
deskbound,desk
deskman,desk
desktop,desk
desolateness,desolate
desolater,desolate
desorber,desorb
despairer,despair
despairful,despair
despatcher,despatch
desperateness,desperate
despicableness,despicable
despisedness,despised
despisement,despise
despiser,despise
despiteful,despite
despoiler,despoil
despoilment,despoil
despondence,despond
despotat,despot
despotate,despot
despotic,despot
despotical,despot
despoticalness,despotical
despotism,despot
despotocracy,despot
dessertspoon,dessert
dessertspoonful,dessertspoon
destabilizer,destabilize
destituteness,destitute
destroyable,destroy
destroyer,destroy
destructible,destruct
destructional,destruction
destructionist,destruction
destructiveness,destructive
destructor,destruct
desulfuration,de
desulfurizer,desulfurize
detachability,detach
detachable,detach
detachedness,detached
detacher,detach
detachment,detach
detailedness,detailed
detailer,detail
detainable,detain
detainee,detain
detainer,detain
detainment,detain
detangler,detangle
detectability,detect
detectable,detect
detecter,detect
detectible,detect
detection,detect
detective,detect
detectivelike,detective
detector,detect
detectorist,detector
deterger,deterge
determent,deter
determinantal,determinant
determinateness,determinate
determinedness,determined
determiner,determine
deterministic,determinist
deterrability,deter
deterrable,deter
deterrer,deter
detestability,detest
detestable,detest
detestableness,detestable
detester,detest
dethronement,dethrone
dethroner,dethrone
detractive,detract
detrainment,detrain
deucedly,deuced
deutoplasmic,deutoplasm
developable,develop
developer,develop
development,develop
developmental,development
deverbal,de
deviationism,deviation
deviationist,deviation
deviceful,device
devildom,devil
deviless,devil
devilet,devil
deviling,devil
devilish,devil
devilishness,devilish
devilism,devil
devilkin,devil
devilment,devil
devilry,devil
devilship,devil
devilwood,devil
deviousness,devious
devisee,devise
deviser,devise
devolutionary,devolution
devolutionist,devolution
devotedness,devoted
devotee,devote
devotement,devote
devotional,devotion
devotionalist,devotional
devotionality,devotional
devourer,devour
devourment,devour
devoutness,devout
dewaterer,dewater
dewberry,dew
dewdrop,dew
dewfall,dew
dewlapped,dewlap
dewlapt,dewlap
dewless,dew
dewormer,deworm
dewy,dew
dexterous,dexter
dexterousness,dexterous
dexterwise,dexter
dextrality,dextral
dextranase,dextran
dextrogyre,dextro
dextrose,dextro
dextrousness,dextrous
diabolical,diabolic
diacritical,diacritic
diagonalisation,diagonal
diagonalize,diagonal
dialectal,dialect
dialectic,dialect
dialectical,dialect
dialectician,dialectic
dialecticism,dialect
dialectology,dialect
dialer,dial
dialist,dial
diallist,dial
dialogic,dialog
dialogical,dialog
dialogism,dialog
dialogist,dialog
dialogistic,dialog
dialogize,dialog
dialoguer,dialogue
dialyser,dialyse
dialyzer,dialyze
diamine,di
diamondback,diamond
diamondiferous,diamond
diandrous,di
diandry,di
diapasonal,diapason
diaphragmal,diaphragm
diaphragmitis,diaphragm
diapiric,diapir
diapirism,diapir
diarch,di
diarchy,di
diaristic,diarist
diarrheal,diarrhea
diarrhoeal,diarrhoea
diastereomeric,diastereomer
diatomaceous,diatom
diatomic,diatom
diatomicity,diatomic
diatomist,diatom
diatomite,diatom
diatonicism,diatonic
diazotization,di
dibasicity,dibasic
dibber,dib
dibble,dib
dibbler,dibble
dicelike,dice
dicer,dice
dicey,dice
dichroscope,di
dickerer,dicker
dickhead,dick
dicky,dick
dicotyledonous,dicotyledon
dictational,dictation
dictatorial,dictator
dictatorship,dictator
dictional,diction
dictionary,diction
dicynodont,di
didactic,didact
didactical,didactic
didacticism,didactic
didactics,didact
didactyl,di
diddler,diddle
diemaker,die
dieselisation,diesel
dieselise,diesel
dieselization,diesel
dieselize,diesel
diesinker,die
diestock,die
dieter,diet
diethylamide,diethyl
dietist,diet
dietitian,diet
differ,diff
difference,differ
differentiation,differ
difficulty,difficult
diffractometer,diffract
diffractometry,diffract
diffusedness,diffused
diffuseness,diffuse
diffuser,diffuse
diffusibleness,diffusible
diffusional,diffusion
diffusionism,diffusion
diffusionist,diffusion
diffusiveness,diffusive
digenesis,di
digestant,digest
digestedly,digested
digester,digest
digestible,digest
digestibleness,digestible
digestional,digestion
digestor,digest
diggable,dig
digger,dig
digital,digit
digitalise,digital
digitalism,digital
digitalization,digital
digitalize,digital
digitiform,digit
digitiser,digitise
digitize,digit
digitizer,digitize
diglot,di
digraphic,digraph
digressional,digression
digressionary,digression
digressive,digress
dihedral,di
dihedron,di
diker,dike
dilatational,dilatation
dilater,dilate
dilettanteism,dilettante
dillweed,dill
dilly,dill
dilutee,dilute
diluteness,dilute
diluter,dilute
dilutionary,dilution
diluvialism,diluvial
diluvialist,diluvial
dimensionality,dimension
dimer,di
dimeric,dimer
dimerise,dimer
dimerization,dimer
dimerize,dimer
dimerous,di
dimeter,di
diminishable,diminish
diminishment,diminish
diminutiveness,diminutive
dimmable,dim
dimmer,dim
dimmish,dim
dimness,dim
dimorph,di
dimorphic,di
dimorphism,di
dimplement,dimple
dindle,din
diner,dine
dinette,dine
dinful,din
dinger,ding
dingy,ding
dinnerless,dinner
dinnertime,dinner
dinnerware,dinner
dinomania,dino
dinosaurian,dinosaur
dinosauric,dinosaur
dintless,dint
diode,di
dioecious,di
diol,di
diphenylenimine,di
diphenylketone,diphenyl
diphtherial,diphtheria
diphthongal,diphthong
diphthongic,diphthong
diphthongize,diphthong
diplex,di
diplexer,diplex
diploidy,diploid
diplomate,diploma
diplomatese,diplomat
diplomatic,diplomat
diplomatical,diplomat
diplomatize,diplomat
diplontic,diplont
dippable,dip
dipper,dip
dipperful,dipper
dippy,dip
dipsomaniac,dipso
dipstick,dip
dipterocarpous,dipterocarp
directedness,directed
direction,direct
directional,direction
directionality,directional
directionless,direction
directness,direct
director,direct
directorate,director
directorial,director
directorship,director
directory,direct
directrix,direct
direful,dire
direfulness,direful
direness,dire
dirgeful,dirge
dirgelike,dirge
dirtbag,dirt
dirtball,dirt
dirty,dirt
disablement,disable
disabler,disable
disadvantageous,disadvantage
disaffectedness,disaffected
disaffirmation,disaffirm
disagreement,disagree
disallowable,disallow
disallowance,disallow
disannuller,disannul
disappearance,disappear
disappointment,disappoint
disapprover,disapprove
disarmament,dis
disarmer,disarm
disassembler,disassemble
disavowable,disavow
disavowal,disavow
disavower,disavow
disbandment,disband
disbarment,disbar
disbeliever,disbelieve
disbodied,dis
disburdenment,disburden
disburse,dis
disbursement,disburse
disburser,disburse
discardable,discard
discarder,discard
discardment,discard
discernable,discern
discerner,discern
discernible,discern
discernment,discern
discerpible,discerp
dischargeable,discharge
dischargee,discharge
discharger,discharge
discipleship,disciple
discipliner,discipline
disclaimer,disclaim
discless,disc
disclike,disc
disclose,dis
discloser,disclose
discoer,disco
discography,disco
discoid,disc
discoidal,discoid
discoloration,discolor
discolorment,discolor
discolouration,discolour
discolourment,discolour
discomfortable,discomfort
disconcertment,disconcert
discontentful,discontent
discontinuer,discontinue
discophile,disc
discordance,discord
discordant,discord
discordful,discord
discountable,discount
discounter,discount
discourageable,discourage
discouragement,discourage
discourager,discourage
discourser,discourse
discoverable,discover
discoverer,discover
discovery,discover
discreditable,discredit
discreetness,discreet
discreteness,discrete
discretional,discretion
discretionary,discretion
discussable,discuss
discussant,discuss
discusser,discuss
discussible,discuss
discussion,discuss
discussional,discussion
discussive,discuss
disdainful,disdain
diseasedness,diseased
diseaseful,disease
disembarkation,disembark
disembarkment,disembark
disemboguement,disembogue
disembowelment,disembowel
disenchanter,disenchant
disendower,disendow
disengagedness,disengaged
disengagement,dis
disentrainment,disentrain
disentrancement,disentrance
disfavourer,disfavour
disfeaturement,disfeature
disfigurement,disfigure
disfigurer,disfigure
disfurnishment,disfurnish
disgodded,dis
disgorgement,disgorge
disgorger,disgorge
disgraceful,disgrace
disgracer,disgrace
disguisedness,disguised
disguiseless,disguise
disguisement,disguise
disguiser,disguise
disgustedness,disgusted
disgustful,disgust
disgustfulness,disgustful
disgustingness,disgusting
dishclout,dish
disheartenment,dishearten
disheritor,disherit
dishevelment,dishevel
dishful,dish
dishlike,dish
dishmop,dish
dishonesty,dishonest
dishonorer,dishonor
dishonourer,dishonour
dishpan,dish
dishrag,dish
dishtowel,dish
dishware,dish
dishwasher,dish
dishwater,dish
dishy,dish
disillusionize,dis
disillusionment,dis
disimpassioned,dis
disimprisonment,dis
disinfectant,disinfect
disinfector,disinfect
disinheritance,disinherit
disinterested,disinterest
disinterment,disinter
disinvestment,disinvest
disjoinable,disjoin
disjointedness,disjointed
disjuncture,disjunct
diskette,disk
diskless,disk
disklike,disk
dislikeful,dislike
dislikeness,dislike
disliker,dislike
dislodgement,dislodge
dismality,dismal
dismalness,dismal
dismantlement,dismantle
dismantler,dismantle
dismastment,dis
dismayedness,dismayed
dismayful,dismay
dismemberer,dismember
dismemberment,dismember
dismissal,dismiss
dismissible,dismiss
dismission,dismiss
dismissive,dismiss
dismountable,dismount
disobeyer,disobey
disobligement,disoblige
disorderedness,disordered
disorderly,disorder
disorganizer,disorganize
disowner,disown
disownment,disown
disparager,disparage
dispassionate,dispassion
dispatcher,dispatch
dispatchful,dispatch
dispeller,dispel
dispensableness,dispensable
dispensational,dispensation
dispenser,dispense
dispersedness,dispersed
disperser,disperse
dispiritedness,dispirited
displaceable,displace
displacement,displace
displacer,displace
displayable,display
displayer,display
displeasedness,displeased
displenishment,displenish
disponee,dispone
disponer,dispone
disportment,disport
disposer,dispose
dispositional,disposition
dispossessor,dispossess
dispossessory,dispossess
dispraiser,dispraise
disprinced,dis
disprivacied,dis
disprover,disprove
disputableness,disputable
disputer,dispute
disquietedness,disquieted
disquietful,disquiet
disquietive,disquiet
disquietness,disquiet
disquietous,disquiet
disquisitional,disquisition
disquisitionary,disquisition
disregarder,disregard
disrober,disrobe
disrupter,disrupt
disruption,disrupt
disruptive,disrupt
disruptor,disrupt
dissaver,dissave
dissection,dissect
dissective,dissect
dissector,dissect
disseizee,disseize
dissembler,dissemble
dissenter,dissent
dissenterish,dissenter
dissenterism,dissenter
dissentious,dissent
dissepimental,dissepiment
dissertational,dissertation
dissertationist,dissertation
dissimilarity,dissimilar
dissipatedness,dissipated
dissipater,dissipate
dissociality,dissocial
dissolubleness,dissoluble
dissoluteness,dissolute
dissolutionism,dissolution
dissolutionist,dissolution
dissolver,dissolve
dissuader,dissuade
distanceless,distance
distasteful,distaste
distender,distend
disthronize,dis
distichous,distich
distillable,distill
distillate,distill
distiller,distill
distillery,distill
distilment,distil
distinctiveness,distinctive
distinctness,distinct
distinguishable,distinguish
distinguisher,distinguish
distinguishment,distinguish
distortedness,distorted
distorter,distort
distortional,distortion
distortive,distort
distractable,distract
distractedness,distracted
distracter,distract
distractible,distract
distraction,distract
distractive,distract
distractor,distract
distrainable,distrain
distrainee,distrain
distrainment,distrain
distrainor,distrain
distresser,distress
distressful,distress
distributee,distribute
distributer,distribute
distributional,distribution
distributorship,distributor
distruster,distrust
distrustful,distrust
distrustless,distrust
disturbance,disturb
disturbative,disturb
disturber,disturb
distyle,di
disunionist,disunion
disuniter,disunite
ditchdigger,ditch
ditcher,ditch
ditchless,ditch
ditchwater,ditch
ditherer,dither
dithery,dither
dithyrambic,dithyramb
dithyrambist,dithyramb
ditriglyphic,ditriglyph
ditrochean,di
dittology,ditto
diurnalist,diurnal
divebomb,dive
diver,dive
divergement,diverge
divergence,diverge
divergency,diverge
diverseness,diverse
diversional,diversion
diversionary,diversion
diversionist,diversion
diverter,divert
divertive,divert
divestible,divest
divestment,divest
dividedness,divided
dividend,divide
dividendless,dividend
divider,divide
divineness,divine
diviner,divine
divineress,diviner
divisional,division
divisionary,division
divisionism,division
divisionist,division
divisiveness,divisive
divorceable,divorce
divorcee,divorce
divorcement,divorce
divorcer,divorce
divulgater,divulgate
divulger,divulge
dizygous,di
doable,do
dobsonfly,dobson
docibleness,docible
dockage,dock
docker,dock
dockhand,dock
docking,dock
dockisation,dock
dockise,dock
dockization,dock
dockize,dock
dockland,dock
dockmaster,dock
dockside,dock
dockworker,dock
dockyard,dock
doctoral,doctor
doctoress,doctor
doctorial,doctor
doctorless,doctor
doctorly,doctor
doctorship,doctor
doctrinarianism,doctrinarian
documentable,document
documental,document
documentalist,documental
documentarian,document
documentary,document
documentation,document
documentational,documentation
documenter,document
docusoap,docu
dodderer,dodder
doddery,dodder
dodecagonal,dodecagon
dodgeball,dodge
dodger,dodge
dodgery,dodge
dodman,dod
dodoism,dodo
doer,do
doeskin,doe
doff,do
doffer,doff
dogbane,dog
dogbolt,dog
dogcatcher,dog
dogdom,dog
dogedom,doge
dogeship,doge
dogfight,dog
dogfish,dog
dogfood,dog
dogged,dog
doggedness,dogged
dogger,dog
doggerel,dog
doggerman,dogger
doggery,dog
doggess,dog
doggie,dog
doggish,dog
doggishness,doggish
doggo,dog
doggy,dog
doghole,dog
dogleg,dog
doglike,dog
dogman,dog
dogmaticalness,dogmatical
dogmatizer,dogmatize
dognap,dog
dognaper,dognap
dognapper,dognap
dogpile,dog
dogsbody,dog
dogship,dog
dogskin,dog
dogsledder,dog
dogstail,dog
dogtooth,dog
dogtrot,dog
dogvane,dog
dogwatch,dog
doitkin,doit
doleful,dole
dolefulness,doleful
dolesome,dole
dollarisation,dollar
dolldom,doll
dollhood,doll
dollhouse,doll
dollish,doll
dollishness,dollish
dolly,doll
dolmenic,dolmen
dolorousness,dolorous
dolphinarium,dolphin
dolphinet,dolphin
dolphinfish,dolphin
doltish,dolt
doltishness,doltish
domainal,domain
domelike,dome
domesticable,domestic
domesticate,domestic
domesticise,domestic
domesticity,domestic
domesticize,domestic
domineeringness,domineering
doneness,done
doner,done
donkeyman,donkey
donnish,don
donnishness,donnish
donnism,don
donny,don
donorship,donor
donship,don
doobie,doob
doodlebug,doodle
doodler,doodle
doomful,doom
doomsayer,doom
doomsaying,doom
doomsday,doom
doomsdayer,doomsday
doomsman,doom
doomster,doom
doomwatch,doom
doomwatcher,doom
doomy,doom
doorbell,door
doorcase,door
doored,door
doorframe,door
doorjamb,door
doorknob,door
doorknock,door
doorknocker,door
doorless,door
doorlike,door
doorman,door
doormat,door
doornail,door
doorplate,door
doorpost,door
doorsill,door
doorsman,door
doorstep,door
doorstepper,doorstep
doorstone,door
doorstop,door
doorway,door
doorwoman,door
dooryard,door
dopamine,dopa
dopaminergic,dopamine
dopehead,dope
doper,dope
dopester,dope
dopey,dope
dorbeetle,dor
dorhawk,dor
dorkish,dork
dorky,dork
dormer,dorm
dormered,dormer
dormie,dorm
dorsally,dorsal
dorsiventrality,dorsiventral
doryman,dory
dosemeter,dose
doser,dose
dosser,doss
dosshouse,doss
dotardly,dotard
dotcom,dot
doter,dote
dotter,dot
dottle,dot
dotty,dot
doubleness,double
doubler,double
doublespeak,double
doublespeaker,double
doublet,double
doublethink,double
doubleton,double
doubletree,double
doubtable,doubt
doubter,doubt
doubtful,doubt
doubtfulness,doubtful
doubtless,doubt
douceness,douce
doughball,dough
doughboy,dough
doughface,dough
doughlike,dough
doughnut,dough
doughnutlike,doughnut
doughty,dought
doughy,dough
dourness,dour
douser,douse
douter,dout
dovecote,dove
dovekie,dove
dovelet,dove
dovelike,dove
dovetail,dove
dovishness,dovish
dowable,dow
dowdyish,dowdy
dowdyism,dowdy
dowerless,dower
dowfness,dowf
downbound,down
downbow,down
downcomer,down
downer,down
downforce,down
downhearted,down
downhiller,downhill
downland,down
downless,down
downlight,down
downlike,down
downloadable,download
downlooked,down
downmost,down
downpipe,down
downrange,down
downright,down
downshift,down
downshifter,down
downside,down
downsizer,downsize
downslope,down
downspout,down
downstair,down
downstate,down
downstater,downstate
downstroke,down
downthrow,down
downtick,down
downtime,down
downtown,down
downtowner,downtown
downward,down
downwardly,downward
downwardness,downward
downwards,down
downwarp,down
downy,down
downzone,down
dowser,dowse
dozenth,dozen
dozer,doze
drabber,drab
drabbish,drab
drabbler,drabble
drabby,drab
drabness,drab
draconianism,draconian
draffish,draff
draffy,draff
draftable,draft
draftee,draft
drafter,draft
draftsman,draft
draftsmanship,draftsman
draftsperson,draft
draftswoman,draft
drafty,draft
dragger,drag
dragging,drag
draggle,drag
draggy,drag
draghound,drag
dragline,drag
dragnet,drag
dragoness,dragon
dragonet,dragon
dragonfly,dragon
dragonhead,dragon
dragonise,dragon
dragonish,dragon
dragonism,dragon
dragonize,dragon
dragonlike,dragon
dragonnade,dragon
dragonroot,dragon
dragsman,drag
dragster,drag
dragstrip,drag
dragsville,drag
dragway,drag
drainable,drain
drainboard,drain
drainer,drain
drainpipe,drain
dramatics,dramatic
dramatizer,dramatize
dramshop,dram
drapeable,drape
drapet,drap
drapey,drape
draughtboard,draught
draughter,draught
draughtman,draught
draughtproof,draught
draughtsman,draught
draughtsmanship,draughtsman
draughtsperson,draught
draughtswoman,draught
draughty,draught
drawable,draw
drawback,draw
drawbar,draw
drawbore,draw
drawbridge,draw
drawcard,draw
drawcord,draw
drawee,draw
drawer,draw
drawerful,drawer
drawing,draw
drawknife,draw
drawl,draw
drawler,drawl
drawlingness,drawling
drawly,drawl
drawplate,draw
drawshave,draw
drawstring,draw
drawtube,draw
drayage,dray
drayman,dray
dreader,dread
dreadful,dread
dreadfulness,dreadful
dreadless,dread
dreadlessness,dreadless
dreadlocked,dreadlock
dreadly,dread
dreadnought,dread
dreamboat,dream
dreamer,dream
dreamery,dream
dreamful,dream
dreamfulness,dreamful
dreamhole,dream
dreamland,dream
dreamless,dream
dreamlike,dream
dreamy,dream
dreary,drear
dreckish,dreck
drecky,dreck
dredger,dredge
dreggish,dreg
dreggy,dreg
drencher,drench
drenching,drench
dresser,dress
dressing,dress
dressmaker,dress
dressmaking,dress
dressy,dress
dribber,drib
dribble,drib
dribbler,dribble
driftage,drift
drifter,drift
driftless,drift
driftpin,drift
driftwood,drift
drifty,drift
drillability,drill
drillable,drill
driller,drill
drilling,drill
drillmaster,drill
drillship,drill
drillstock,drill
drinkability,drink
drinkable,drink
drinkableness,drinkable
drinker,drink
drinking,drink
dripless,drip
dripper,drip
drippy,drip
dripstone,drip
driveable,drive
driveler,drivel
driveline,drive
driveller,drivel
drivenness,driven
driver,drive
driverless,driver
driveshaft,drive
driveway,drive
drollery,droll
drollish,droll
drollness,droll
droner,drone
dronishness,dronish
droogish,droog
droolworthy,drool
drooly,drool
droopy,droop
dropcloth,drop
drophead,drop
droplet,drop
droplight,drop
droplike,drop
droplock,drop
droppable,drop
dropper,drop
dropperful,dropper
dropping,drop
dropple,drop
dropsonde,drop
dropstone,drop
droptop,drop
dropwise,drop
dropwort,drop
drossy,dross
droughty,drought
drouthy,drouth
drover,drove
drowner,drown
drubber,drub
drubbing,drub
drudger,drudge
drudgery,drudge
drugger,drug
druggie,drug
druggy,drug
drugless,drug
druglord,drug
drugmaker,drug
drugster,drug
drugstore,drug
druidess,druid
druidic,druid
druidism,druid
drumbeat,drum
drumbeater,drum
drumbeating,drum
drumfire,drum
drumfish,drum
drumhead,drum
drumlike,drum
drummer,drum
drummy,drum
drumstick,drum
drunkalogue,drunk
drunkard,drunk
drunkenness,drunken
drunkish,drunk
drunkometer,drunk
drupelet,drupe
dryable,dry
dryadic,dryad
dryer,dry
drying,dry
dryish,dry
dryland,dry
dryness,dry
drypoint,dry
drysalter,dry
drystone,dry
drysuit,dry
drywall,dry
drywaller,drywall
dualism,dual
dualist,dual
dualistic,dual
duality,dual
dualize,dual
dubber,dub
dubstep,dub
duckbill,duck
ducker,duck
duckie,duck
ducking,duck
duckish,duck
duckling,duck
duckmole,duck
ducktail,duck
duckwalk,duck
ducky,duck
ductal,duct
ductileness,ductile
ductless,duct
ductule,duct
duddy,dud
dudeness,dude
dudette,dude
dueful,due
dueler,duel
duelist,duel
duelsome,duel
dueness,due
duennaship,duenna
duettist,duet
dufferdom,duffer
dufferism,duffer
dukedom,duke
dukeling,duke
dukery,duke
dukeship,duke
dullard,dull
dullish,dull
dullness,dull
dullsville,dull
dully,dull
dumaist,duma
dumbbell,dumb
dumbcane,dumb
dumbfounder,dumbfound
dumbhead,dumb
dumbness,dumb
dumbo,dumb
dumbshit,dumb
dumbstricken,dumb
dumbstruck,dumb
dumbwaiter,dumb
dumpcart,dump
dumpee,dump
dumper,dump
dumpish,dump
dumpishness,dumpish
dumpsite,dump
dumpster,dump
dumpy,dump
duncedom,dunce
duncelike,dunce
duncery,dunce
dunderhead,dunder
dunderheaded,dunder
dunderheadism,dunderhead
dunderpate,dunder
duneland,dune
dunelike,dune
dungareed,dungaree
dungeoner,dungeon
dunger,dung
dungmere,dung
dungy,dung
dunker,dunk
dunness,dun
dunnish,dun
dunnock,dun
dunny,dun
duopoly,duo
duper,dupe
dupery,dupe
duplexer,duplex
duplexity,duplex
durableness,durable
dural,dura
durational,duration
dureful,dure
dusken,dusk
duskish,dusk
duskishness,duskish
duskness,dusk
dusky,dusk
dustball,dust
dustbin,dust
dustcart,dust
dustcloth,dust
dustcoat,dust
dustcover,dust
duster,dust
dustheap,dust
dustless,dust
dustlike,dust
dustman,dust
dustpan,dust
dustproof,dust
dustrag,dust
dustsheet,dust
duststorm,dust
dusty,dust
duteousness,duteous
dutifulness,dutiful
duumvirate,duumvir
dwarfish,dwarf
dwarfishness,dwarfish
dwarfism,dwarf
dwarflike,dwarf
dwarfness,dwarf
dweebish,dweeb
dweeby,dweeb
dweller,dwell
dwelling,dwell
dwindlement,dwindle
dyadic,dyad
dyeability,dye
dyeable,dye
dyer,dye
dyestuff,dye
dyewood,dye
dyeworks,dye
dyingness,dying
dykey,dyke
dynamiter,dynamite
dynamogenesis,dynamo
dynamogeny,dynamo
dynamograph,dynamo
dynamometer,dynamo
dynamometry,dynamo
dynasticism,dynastic
dynein,dyne
dysfunctional,dysfunction
dysmenorrheal,dysmenorrhea
dyspneal,dyspnea
dyspnoeal,dyspnoea
dystocial,dystocia
dystopian,dystopia
eachwhere,each
eagerness,eager
eaglehawk,eagle
eaglestone,eagle
eaglet,eagle
eaglewood,eagle
earache,ear
earbash,ear
earbasher,ear
earbob,ear
eardrop,ear
earflap,ear
earful,ear
earlap,ear
earldom,earl
earless,ear
earlike,ear
earlock,ear
earlship,earl
earlywood,early
earmark,ear
earmuff,ear
earner,earn
earnest,earn
earnestness,earnest
earphone,ear
earpick,ear
earpiece,ear
earplug,ear
earringed,earring
earsplitting,ear
earstone,ear
earthborn,earth
earthbound,earth
earthen,earth
earthenware,earthen
earthfast,earth
earthflax,earth
earthlight,earth
earthlike,earth
earthling,earth
earthly,earth
earthmoving,earth
earthpea,earth
earthquake,earth
earthrise,earth
earthset,earth
earthshaker,earth
earthshaking,earth
earthshine,earth
earthstar,earth
earthward,earth
earthwards,earth
earthwax,earth
earthwolf,earth
earthworm,earth
earthy,earth
earwig,ear
earwiggy,earwig
earwitness,ear
earworm,ear
easeful,ease
easefulness,easeful
easeled,easel
easeless,ease
easer,ease
eastabout,east
eastbound,east
easterly,easter
eastern,east
easterner,eastern
easternmost,eastern
easting,east
eastland,east
eastmost,east
eastward,east
eastwardly,eastward
eastwards,east
easygoing,easy
eatable,eat
eatage,eat
eater,eat
eaterie,eat
eatery,eat
eathly,eath
eavesdrip,eaves
eavesdrop,eaves
eavesdropper,eavesdrop
eavesdropping,eavesdrop
ebbless,ebb
ecclesial,ecclesia
ecclesiast,ecclesia
ecclesiastic,ecclesiast
ecclesiastical,ecclesiast
ecclesiasticism,ecclesiastic
echinodermal,echinoderm
echoer,echo
echoey,echo
echogram,echo
echograph,echo
echoic,echo
echoise,echo
echoism,echo
echoist,echo
echoize,echo
echoless,echo
eclecticism,eclectic
eclipser,eclipse
ecocide,eco
ecologic,eco
ecologist,eco
economical,economic
economics,economic
economiser,economise
economizer,economize
ecophobia,eco
ectoblastic,ectoblast
ectodermic,ectoderm
ectomorphic,ectomorph
ectoplasmic,ectoplasm
ectothermic,ectotherm
ecumenical,ecumenic
ecumenicalism,ecumenical
ecumenicism,ecumenic
ecumenicist,ecumenic
ecumenicity,ecumenic
edaciousness,edacious
eddish,ed
edgeless,edge
edger,edge
edgeways,edge
edgewise,edge
edibleness,edible
edictal,edict
editable,edit
editorial,editor
editorialise,editorial
editorialist,editorial
editorialize,editorial
editorializer,editorialize
editorship,editor
editrix,edit
educatedness,educated
educational,education
educationalist,educational
educationese,education
educationist,education
educement,educe
eelfare,eel
eelgrass,eel
eellike,eel
eelpout,eel
eelworm,eel
eely,eel
effable,eff
effaceable,efface
effacer,efface
effecter,effect
effectible,effect
effective,effect
effectless,effect
effectuality,effectual
effectualness,effectual
effeminateness,effeminate
effeteness,effete
effing,eff
efflorescence,effloresce
efflorescent,effloresce
effluxion,efflux
effortful,effort
effortless,effort
effusiveness,effusive
eftsoons,eft
egalitarianism,egalitarian
egally,egal
egestive,egest
eggbeater,egg
eggcup,egg
egger,egg
eggery,egg
eggfruit,egg
egghead,egg
eggheaded,egg
eggheadedness,eggheaded
eggless,egg
egglike,egg
eggmass,egg
eggnog,egg
eggshell,egg
eggy,egg
egocentric,ego
egocentricity,egocentric
egoism,ego
egoist,ego
egoistic,egoist
egoistical,egoistic
egoity,ego
egoless,ego
egomania,ego
egomaniac,ego
egomaniacal,egomaniac
egotheism,ego
egotistic,egotist
egotistical,egotistic
egregiousness,egregious
eiderdown,eider
eighteen,eight
eighteenth,eighteen
eightfold,eight
eighth,eight
eighty,eight
einsteinium,einstein
eisteddfodic,eisteddfod
ejectable,eject
ejective,eject
ejectment,eject
ejector,eject
ekistician,ekistic
elasticate,elastic
elasticise,elastic
elasticize,elastic
elasticness,elastic
elastomeric,elastomer
elatedness,elated
elater,elate
elbowroom,elbow
eldercare,elder
elderflower,elder
elderly,elder
eldership,elder
electability,elect
electable,elect
electee,elect
election,elect
electioneer,election
electioneerer,electioneer
elective,elect
electiveness,elective
elector,elect
electoral,elector
electorate,elector
electoress,elector
electorship,elector
electrical,electric
electrician,electric
electricity,electric
electrifyingly,electrifying
electrocyte,electro
electrogenesis,electro
electrogenic,electro
electrogram,electro
electrograph,electro
electrography,electro
electroless,electro
electrolysis,electro
electrolyzer,electrolyze
electromagnetic,electromagnet
electromeric,electromer
electrometer,electro
electrometric,electro
electrometry,electro
electronic,electron
electronica,electronic
electronics,electron
electrophile,electro
electrophilic,electro
electrophone,electro
electrophoresis,electro
electroplater,electroplate
electrothermy,electro
electrotyper,electrotype
electrovalent,electro
elemental,element
elementalism,elemental
elementary,element
elenchic,elench
elephantine,elephant
elephantoid,elephant
eleventh,eleven
elfhood,elf
elfin,elf
elfish,elf
elfishness,elfish
elflike,elf
elflock,elf
elicitable,elicit
elicitation,elicit
elicitor,elicit
elkhorn,elk
ellipsoidal,ellipsoid
elliptical,elliptic
ellipticity,elliptic
ellwand,ell
elmen,elm
elmwood,elm
elmy,elm
elocutionary,elocution
elocutionist,elocution
eloinment,eloin
elopement,elope
eloper,elope
elsewise,else
eluder,elude
elusiveness,elusive
elvanite,elvan
elver,el
emacsen,emacs
emailer,email
emanational,emanation
emancipationist,emancipation
embalmer,embalm
embalmment,embalm
embanker,embank
embankment,embank
embarkation,embark
embase,em
embasement,embase
embathe,em
embattlement,embattle
embayment,em
embedding,embed
embedment,embed
embellisher,embellish
embellishment,embellish
embezzlement,embezzle
embezzler,embezzle
embitterer,embitter
embitterment,embitter
emblaze,em
emblazer,emblaze
emblazoner,emblazon
emblazonment,emblazon
emblazonry,emblazon
emblematical,emblematic
emblemize,emblem
embloom,em
emblossom,em
emboil,em
emboldener,embolden
embolismal,embolism
embosk,em
embossable,emboss
embosser,emboss
embossment,emboss
embow,em
embowel,em
embowerment,embower
embowment,embow
embox,em
embraceable,embrace
embracement,embrace
embraceor,embrace
embracer,embrace
embraid,em
embranglement,embrangle
embrasured,embrasure
embrittlement,embrittle
embroiderer,embroider
embroidery,embroider
embroiler,embroil
embroilment,embroil
embryogenesis,embryo
embryogenetic,embryo
embryogenic,embryo
embryogeny,embryo
embryoid,embryo
embryology,embryo
embryotomy,embryo
embus,em
embusy,em
emendation,emend
emender,emend
emergence,emerge
emergency,emerge
emigrational,emigration
emigrationist,emigration
emirate,emir
emitter,emit
emolumental,emolument
emolumentary,emolument
emotionalise,emotional
emotiveness,emotive
empalement,empale
empeople,em
emperorship,emperor
emphasise,emphasis
emphatical,emphatic
emphaticalness,emphatical
emphysematous,emphysema
empierce,em
empight,em
empirical,empiric
empiricism,empiric
empiricist,empiric
emplace,em
employable,employ
employee,employ
employer,employ
empoisonment,empoison
empowerment,empower
emptional,emption
emulousness,emulous
emulsionize,emulsion
emulsoidal,emulsoid
enablement,enable
enabler,enable
enactable,enact
enaction,enact
enactive,enact
enactment,enact
enacture,enact
enameler,enamel
enamelist,enamel
enameller,enamel
enamelware,enamel
enamelwork,enamel
enantiomeric,enantiomer
enantiomorphous,enantiomorph
encampment,encamp
encasement,encase
encashable,encash
encashment,encash
enchainment,enchain
enchanter,enchant
enchaser,enchase
enchondromatous,enchondroma
encipherer,encipher
encipherment,encipher
encirclement,encircle
encloser,enclose
encodement,encode
encoder,encode
encompass,en
encompassment,encompass
encounterer,encounter
encourage,en
encourager,encourage
encroacher,encroach
encroachment,encroach
encrustment,encrust
encryption,encrypt
encumber,en
encumberment,encumber
encumbrancer,encumbrance
encyclopaedical,encyclopaedic
encyclopedian,encyclopedia
encyclopedical,encyclopedic
encystation,en
encystment,en
endangerer,endanger
endangerment,endanger
endbrain,end
endcap,end
endearingness,endearing
endearment,endear
endeavorer,endeavor
endeavourment,endeavour
endemicity,endemic
ender,end
endergonic,end
endgame,end
endgate,end
ending,end
endleaf,end
endless,end
endlessness,endless
endmost,end
endnote,end
endoblastic,endoblast
endocarpal,endocarp
endodermal,endoderm
endodermic,endoderm
endolymphatic,endolymph
endomorphic,endomorph
endoplasmic,endoplasm
endorsee,endorse
endorsement,endorse
endorser,endorse
endospermic,endosperm
endower,endow
endowment,endow
endpaper,end
endplate,end
endplay,end
endpoint,end
endurer,endure
enduringness,enduring
endwise,end
energiser,energise
energizer,energize
enfeeblement,enfeeble
enfeebler,enfeeble
enfeoffment,enfeoff
enfolder,enfold
enfoldment,enfold
enforceability,enforce
enforceable,enforce
enforcement,enforce
enforcer,enforce
enframement,enframe
enfranchisement,enfranchise
enfranchiser,enfranchise
engagement,engage
engager,engage
engagingness,engaging
engenderer,engender
engenderment,engender
engineer,engine
engineering,engineer
enginer,engine
enginery,engine
engorgement,engorge
engraftation,engraft
engraftment,engraft
engrailment,engrail
engrammic,engram
engraver,engrave
engravery,engrave
engrosser,engross
engrossment,engross
engulfment,engulf
enhancement,enhance
enhancer,enhance
enhearten,en
enigmatic,enigma
enjoiner,enjoin
enjoinment,enjoin
enjoyable,enjoy
enjoyer,enjoy
enjoyment,enjoy
enkindler,enkindle
enlacement,enlace
enlargeable,enlarge
enlargedness,enlarged
enlargement,enlarge
enlarger,enlarge
enlighten,en
enlightener,enlighten
enlightenment,enlighten
enlistee,enlist
enlister,enlist
enlistment,enlist
enlivener,enliven
enlivenment,enliven
enmeshment,enmesh
enmity,en
enmossed,en
ennage,en
enneadic,ennead
enneagonal,enneagon
ennoblement,ennoble
ennobler,ennoble
enolase,enol
enolic,enol
enormousness,enormous
enouncement,enounce
enquirer,enquire
enragement,enrage
enricher,enrich
enrichment,enrich
enrober,enrobe
enrollee,enroll
enroller,enroll
enrollment,enroll
enrolment,enrol
enserfment,enserf
enshrinee,enshrine
enshrinement,enshrine
ensigncy,ensign
ensignship,ensign
enslavement,enslave
enslaver,enslave
ensnarement,ensnare
ensnarer,ensnare
ensorcellment,ensorcell
ensoulment,ensoul
ensurer,ensure
enswathement,enswathe
entailer,entail
entailment,entail
enterable,enter
enterer,enter
enteritis,enter
enterpriser,enterprise
entertainer,entertain
entertaining,entertain
entertainment,entertain
enthrall,en
enthraller,enthral
enthrallment,enthrall
enthralment,enthral
enthronement,enthrone
enthusiastical,enthusiastic
enticeable,entice
enticer,entice
enticingness,enticing
entirely,entire
entireness,entire
entitlement,entitle
entodermal,entoderm
entombment,entomb
entrainer,entrain
entrainment,entrain
entrancement,entrance
entranceway,entrance
entrancingly,entrancing
entrapment,entrap
entrapper,entrap
entreatable,entreat
entreative,entreat
entreatment,entreat
entreaty,entreat
entrencher,entrench
entrenchment,entrench
entrepreneurial,entrepreneur
entrustment,entrust
entryism,entry
entryist,entry
entryway,entry
entwinement,entwine
enurement,enure
enveloper,envelop
enviableness,enviable
enviousness,envious
environment,en
environmental,environment
envisagement,envisage
envoyship,envoy
enwrapment,enwrap
eosinic,eosin
eosinophil,eosin
eosinophilia,eosin
eosinophilic,eosin
eparchate,eparch
epauleted,epaulet
epeeist,epee
ependymal,ependyma
ephemerality,ephemeral
ephoral,ephor
ephorate,ephor
epical,epic
epicism,epic
epicist,epic
epiclike,epic
epicycloidal,epicycloid
epidemicity,epidemic
epifaunal,epifauna
epigenesist,epigenesis
epigeneticist,epigenetic
epigrammatizer,epigrammatize
epigrapher,epigraph
epigraphic,epigraph
epigraphy,epigraph
epimerase,epimer
epimeric,epimer
epimerize,epimer
episcopalian,episcopal
epistler,epistle
epitapher,epitaph
epitaphian,epitaph
epitaphic,epitaph
epitaphist,epitaph
epithelialise,epithelial
epithelialize,epithelial
epithetic,epithet
epitomizer,epitomize
epochal,epoch
eponymic,eponym
eponymy,eponym
epsilonic,epsilon
equableness,equable
equalisation,equal
equalise,equal
equaliser,equalise
equalitarianism,equalitarian
equality,equal
equalize,equal
equalizer,equalize
equally,equal
equalness,equal
equational,equation
equatorward,equator
equestrianism,equestrian
equipment,equip
equipper,equip
equitableness,equitable
equivocality,equivocal
equivocalness,equivocal
erasement,erase
eraser,er
erectable,erect
erecter,er
erectile,erect
erective,erect
erectness,erect
erector,erect
erelong,ere
eremitical,eremitic
erethismic,erethism
erewhile,ere
ergastoplasmic,ergastoplasm
ergodic,ergo
ergodicity,ergodic
ergogenic,ergo
ergogram,ergo
ergograph,ergo
ergomania,ergo
ergomaniac,ergo
ergometric,ergo
ergometry,ergo
ergonomics,ergo
ergophobia,ergo
ergotamine,ergot
ergotic,ergot
ergotism,ergot
ergotize,ergot
ermined,ermine
erosional,erosion
erosiveness,erosive
erotica,erotic
erotical,erotic
eroticisation,erotic
eroticise,erotic
eroticism,erotic
eroticist,erotic
eroticization,erotic
eroticize,erotic
errable,err
errantry,errant
erraticism,erratic
error,err
errorist,error
errorless,error
erstwhile,erst
eruditeness,erudite
eruptible,erupt
eruptional,eruption
eruptive,erupt
eruptiveness,eruptive
erythemal,erythema
erythrismal,erythrism
erythroblastic,erythroblast
escalader,escalade
escapee,escape
escapeless,escape
escapement,escape
escaper,escape
escheatable,escheat
escheatage,escheat
escheatment,escheat
escheator,escheat
eschewal,eschew
eschewer,eschew
escutcheoned,escutcheon
esotericism,esoteric
esotericist,esoteric
espouser,espouse
esquiress,esquire
essayer,essay
essayette,essay
essayish,essay
essayist,essay
essayistic,essayist
essentialism,essential
essentialist,essential
essentiality,essential
essentialize,essential
essoiner,essoin
establishable,establish
establisher,establish
establishment,establish
estatesman,estate
esterase,ester
esterification,ester
esterify,ester
esthetical,esthetic
esthetician,esthetic
estheticism,esthetic
estimableness,estimable
estrangedness,estranged
estrangement,estrange
estranger,estrange
etacism,eta
etchant,etch
etcher,etch
eternalist,eternal
eternality,eternal
eternalize,eternal
eternalness,eternal
etherealisation,ethereal
etherealise,ethereal
ethereality,ethereal
etherealization,ethereal
etherealize,ethereal
etherealness,ethereal
etherial,ether
etheric,ether
etherical,ether
etherification,ether
etherify,ether
etherise,ether
etherish,ether
etherism,ether
etherist,ether
etherization,ether
etherize,ether
etherizer,etherize
etheromania,ether
etheromaniac,ether
ethical,ethic
ethicality,ethical
ethicalness,ethical
ethician,ethic
ethicism,ethic
ethicize,ethic
ethmoidal,ethmoid
ethnicism,ethnic
ethnicity,ethnic
ethylamine,ethyl
ethylate,ethyl
ethylation,ethyl
ethylbenzene,ethyl
ethylic,ethyl
eudaemonistic,eudaemon
eugenical,eugenic
eugenicist,eugenic
eugenics,eugenic
eughen,eugh
euhemeristic,euhemerist
eulogizer,eulogize
eunuchism,eunuch
eunuchize,eunuch
eunuchoid,eunuch
eunuchoidism,eunuchoid
euphemiser,euphemise
euphemizer,euphemize
euphonical,euphonic
euphuistical,euphuistic
euroland,euro
europhile,euro
europhilia,euro
eurozone,euro
evader,evade
evangelical,evangelic
evangelicalism,evangelical
evangelicalness,evangelical
evangelicism,evangelic
evangelise,evangel
evangeliser,evangelise
evangelism,evangel
evangelist,evangel
evangelistic,evangelist
evangelize,evangel
evangelizer,evangelize
evanishment,evanish
evasional,evasion
evasiveness,evasive
evectional,evection
evejar,eve
evenfall,even
evening,even
evenness,even
evensong,even
eventer,event
eventful,event
eventfulness,eventful
eventide,even
eventing,event
eventive,event
eventless,event
eventual,event
eventualise,eventual
eventuality,eventual
everblooming,ever
everduring,ever
evergreen,ever
everlasting,ever
everlastingness,everlasting
evermore,ever
everwhere,ever
everwhich,ever
every,ever
everybody,every
everydayness,everyday
everyone,every
everywhen,every
everywhence,every
everywhere,every
everywoman,every
evictee,evict
evictor,evict
evildoer,evil
evildoing,evil
evilness,evil
evincement,evince
evoker,evoke
evolutional,evolution
evolutionary,evolution
evolutionism,evolution
evolutionist,evolution
evolutionistic,evolution
evolvement,evolve
evolver,evolve
exactable,exact
exacter,exact
exactingness,exacting
exactment,exact
exactness,exact
exactor,exact
exaggeratedness,exaggerated
exaltation,exalt
exaltedness,exalted
exalter,exalt
examinational,examination
examinee,examine
examiner,examine
examinership,examiner
exarchal,exarch
exarchate,exarch
exarchist,exarch
exasperater,exasperate
excavational,excavation
exceedable,exceed
exceeder,exceed
excellent,excel
excentric,ex
exception,except
exceptive,except
exceptless,except
excerptor,excerpt
excessive,excess
exchangeability,exchange
exchangeable,exchange
exchanger,exchange
exciseman,excise
excisional,excision
excitedness,excited
excitement,excite
exciter,excite
excitonic,exciton
exclaimer,exclaim
exclamational,exclamation
excludee,exclude
excluder,exclude
exclusionary,exclusion
exclusionism,exclusion
exclusionist,exclusion
exclusiveness,exclusive
excremental,excrement
excrementitious,excrement
excreter,excrete
excursionist,excursion
excursionize,excursion
excuser,excuse
executioner,execution
executorship,executor
exemption,exempt
exerciser,exercise
exertive,exert
exhaustedly,exhausted
exhauster,exhaust
exhaustingly,exhausting
exhaustion,exhaust
exhibiter,exhibit
exhibition,exhibit
exhibitioner,exhibition
exhibitionism,exhibition
exhibitionist,exhibition
exhibitionistic,exhibition
exhibitive,exhibit
exhibitor,exhibit
exhortation,exhort
exhortative,exhort
exhortatory,exhort
exhorter,exhort
exhumer,exhume
exiguousness,exiguous
exiler,exile
existence,exist
existent,exist
existentialism,existential
existentialist,existential
exocarp,exo
exocentric,exo
exocytosis,exo
exogamous,exo
exogamy,exo
exogen,exo
exogenic,exo
exogenous,exo
exonic,exon
exopeptidase,exo
exorciser,exorcise
exorcistical,exorcist
exorcizer,exorcize
exosphere,exo
exotericism,exoteric
exothermicity,exothermic
exoticise,exotic
exoticism,exotic
exoticist,exotic
exoticize,exotic
exoticness,exotic
expandability,expand
expandable,expand
expander,expand
expansional,expansion
expansionary,expansion
expansionism,expansion
expansionist,expansion
expansionistic,expansionist
expectable,expect
expectancy,expect
expectation,expect
expectational,expectation
expectative,expect
expectedness,expected
expecter,expect
expediter,expedite
expeditionary,expedition
expellable,expel
expellee,expel
expeller,expel
expendability,expend
expendable,expend
expender,expend
experienceable,experience
experienceless,experience
experiencer,experience
experientialism,experiential
experientialist,experiential
experimental,experiment
experimentalise,experimental
experimentalism,experimental
experimentalist,experimental
experimentalize,experimental
experimentation,experiment
experimenter,experiment
experimentist,experiment
expertism,expert
expertize,expert
expertness,expert
expirer,expire
explainable,explain
explainer,explain
explantation,explant
explicitness,explicit
exploder,explode
exploitable,exploit
exploitation,exploit
exploitative,exploit
exploiter,exploit
exploitive,exploit
explorational,exploration
explorationist,exploration
explorer,explore
exponential,exponent
exponentiation,exponent
exportability,export
exportable,export
exportation,export
exporter,export
exposedness,exposed
exposer,expose
expositional,exposition
expounder,expound
expressage,express
expresser,express
expressible,express
expression,express
expressional,expression
expressionism,expression
expressionist,expression
expressionistic,expressionist
expressionless,expression
expressman,express
expressness,express
expunger,expunge
exquisiteness,exquisite
exsanguineous,ex
exsertile,exsert
extemporiser,extemporise
extemporizer,extemporize
extendability,extend
extendable,extend
extendedness,extended
extender,extend
extendible,extend
extensibleness,extensible
extensional,extension
extensionalism,extensional
extensionality,extensional
extensionist,extension
extensiveness,extensive
exteriorisation,exterior
exteriorise,exterior
exteriority,exterior
exteriorization,exterior
exteriorize,exterior
externalism,external
externalist,external
externality,external
externalize,external
extinctive,extinct
extincture,extinct
extinguishable,extinguish
extinguishant,extinguish
extinguisher,extinguish
extinguishment,extinguish
extirpable,extirp
extoller,extol
extolment,extol
extorter,extort
extortion,extort
extortionary,extortion
extortionate,extortion
extortioner,extortion
extortionist,extortion
extortive,extort
extractability,extract
extractable,extract
extractant,extract
extractible,extract
extractive,extract
extravasate,extra
extremeness,extreme
extrinsicality,extrinsical
extruder,extrude
exurbanite,exurban
exurbia,exurb
eyeable,eye
eyeball,eye
eyebar,eye
eyebath,eye
eyebeam,eye
eyeblink,eye
eyebolt,eye
eyebrow,eye
eyebrowless,eyebrow
eyecup,eye
eyedness,eyed
eyedropper,eye
eyeful,eye
eyeglass,eye
eyehole,eye
eyehook,eye
eyelash,eye
eyeless,eye
eyeleteer,eyelet
eyelift,eye
eyelike,eye
eyeline,eye
eyepiece,eye
eyepoint,eye
eyer,eye
eyeshade,eye
eyeshadow,eye
eyeshine,eye
eyeshot,eye
eyesight,eye
eyesome,eye
eyesore,eye
eyespot,eye
eyestalk,eye
eyestone,eye
eyestrain,eye
eyetooth,eye
eyewash,eye
eyewater,eye
eyewear,eye
eyewink,eye
fabby,fab
fabler,fable
fabulistic,fabulist
fabulousness,fabulous
faceable,face
facebook,face
facecloth,face
faceless,face
facelessness,faceless
facelift,face
facemail,face
facemask,face
facepalm,face
faceplant,face
faceprint,face
facer,face
faceup,face
faceworker,face
facialist,facial
facially,facial
facileness,facile
factful,fact
facticity,fact
factional,faction
factionalise,factional
factionalism,factional
factionalist,factional
factionalize,factional
factionist,faction
factiousness,factious
factive,fact
factoid,fact
factorability,factor
factorable,factor
factorage,factor
factorial,factor
factorize,factor
factorship,factor
factory,factor
factorylike,factory
factual,fact
factualism,factual
factualist,factual
factuality,factual
factualness,factual
facular,facula
faddish,fad
faddishness,faddish
faddism,fad
faddist,fad
faddy,fad
fadedness,faded
fadeless,fade
fader,fade
fadlike,fad
faggery,fag
faggotry,faggot
faggoty,faggot
faggy,fag
fagoter,fagot
failure,fail
fainness,fain
fainter,faint
fainting,faint
faintish,faint
faintishness,faintish
faintness,faint
fainty,faint
fairgoer,fair
fairground,fair
fairish,fair
fairlead,fair
fairleader,fair
fairness,fair
fairway,fair
fairydom,fairy
fairyhood,fairy
fairyism,fairy
fairyland,fairy
fairylike,fairy
faithful,faith
faithfulness,faithful
faithing,faith
faithless,faith
faithworthy,faith
fakement,fake
faker,fake
fakery,fake
fakey,fake
fakirism,fakir
falconet,falcon
falconine,falcon
fallalery,fallal
fallboard,fall
faller,fall
fallibleness,fallible
fallout,fall
fallowness,fallow
falseface,false
falsehood,false
falseness,false
falsework,false
falterer,falter
faltering,falter
fameless,fame
familiarisation,familiar
familiarise,familiar
familiarity,familiar
familiarization,familiar
familiarize,familiar
familiarizer,familiarize
familiarness,familiar
famishment,famish
famousness,famous
fanaticism,fanatic
fanaticize,fanatic
fanboy,fan
fancifulness,fanciful
fancywork,fancy
fanfare,fan
fanfold,fan
fangirl,fan
fangless,fang
fanglike,fang
fanjet,fan
fankle,fank
fanlight,fan
fanlike,fan
fanner,fan
fansite,fan
fantail,fan
fantailed,fan
fantasiser,fantasise
fantasizer,fantasize
fantastical,fantastic
fantasticate,fantastic
fantastication,fantastic
fanwise,fan
fanwort,fan
faradizer,faradize
farawayness,faraway
farcicality,farcical
farcicalness,farcical
farebox,fare
farer,fare
farewell,fare
farinaceous,farina
farmable,farm
farmer,farm
farmeress,farmer
farmerette,farmer
farmery,farm
farmhouse,farm
farming,farm
farmland,farm
farmost,far
farmwife,farm
farmwork,farm
farmworker,farm
farmyard,farm
farness,far
farriery,farrier
farseeing,far
farsighted,far
farsightedness,farsighted
farthermost,farther
farthingless,farthing
farthingsworth,farthing
fascial,fascia
fasciate,fascia
fascicled,fascicle
fascistic,fascist
fashery,fash
fashionable,fashion
fashionableness,fashionable
fashioner,fashion
fashionist,fashion
fashionmonger,fashion
fashiony,fashion
fastball,fast
fastballer,fastball
fasten,fast
fastener,fasten
fastening,fasten
faster,fast
fasting,fast
fastish,fast
fastly,fast
fastness,fast
fatalism,fatal
fatalist,fatal
fatalistic,fatalist
fatality,fatal
fatalness,fatal
fatback,fat
fatberg,fat
fateful,fate
fatefulness,fateful
fathead,fat
fatheaded,fat
fatherhood,father
fatherless,father
fatherlessness,fatherless
fatherlike,father
fatherly,father
fathership,father
fathomable,fathom
fathomer,fathom
fathometer,fathom
fathomless,fathom
fatigueless,fatigue
fatless,fat
fatlike,fat
fatling,fat
fatness,fat
fatso,fats
fatstock,fat
fatten,fat
fattenable,fatten
fattener,fatten
fattish,fat
fattism,fat
fattist,fat
fatty,fat
fatuousness,fatuous
fatwood,fat
faucetry,faucet
faultfinder,fault
faultfinding,fault
faultful,fault
faultless,fault
faulty,fault
faunal,fauna
faunlike,faun
favorable,favor
favoredness,favored
favorer,favor
favourable,favour
favouredness,favoured
favourer,favour
favourless,favour
fawner,fawn
fawningness,fawning
fawnlike,fawn
fawny,fawn
faxable,fax
fearer,fear
fearful,fear
fearfulness,fearful
fearless,fear
fearlessness,fearless
fearmonger,fear
fearnaught,fear
fearsomeness,fearsome
feasibleness,feasible
feaster,feast
feastful,feast
feastless,feast
featherbed,feather
featherhead,feather
featherless,feather
featherstitch,feather
featherweight,feather
feathery,feather
featly,feat
featureless,feature
featurely,feature
featurette,feature
fecklessness,feckless
feckly,feck
fecundate,fecund
fecundation,fecund
fecundity,fecund
federalisation,federal
federalise,federal
federalism,federal
feebleness,feeble
feedable,feed
feedback,feed
feedbag,feed
feedbox,feed
feeder,feed
feedgrain,feed
feedhole,feed
feeding,feed
feedingstuff,feeding
feedlot,feed
feedstock,feed
feedstuff,feed
feedthrough,feed
feedwater,feed
feedyard,feed
feeler,feel
feeless,fee
feeling,feel
feelingless,feeling
feelingness,feeling
feetfirst,feet
feetless,feet
feignedness,feigned
feigner,feign
feisty,feist
feldspathose,feldspath
felineness,feline
feller,fell
fellfield,fell
fellmonger,fell
fellness,fell
fellowly,fellow
fellowship,fellow
fellwalker,fell
felly,fell
felonry,felon
felony,felon
feltlike,felt
felty,felt
femaleness,female
feminality,feminal
feminineness,feminine
feministic,feminist
fenceless,fence
fencelike,fence
fenceline,fence
fencer,fence
fencerow,fence
fender,fend
fendered,fender
fenderless,fender
fenman,fen
fennelflower,fennel
fennish,fen
fenny,fen
feoffee,feoff
fermentability,ferment
fermentable,ferment
fermentation,ferment
fermentative,ferment
fermenter,ferment
fermentor,ferment
fermion,fermi
fermionic,fermion
fermium,fermi
fernbird,fern
fernery,fern
ferning,fern
fernless,fern
fernlike,fern
fernshaw,fern
ferny,fern
ferreter,ferret
ferrety,ferret
ferryboat,ferry
ferryman,ferry
fertileness,fertile
fertilizer,fertilize
ferventness,fervent
fervidity,fervid
fervidness,fervid
fervorous,fervor
fesswise,fess
festivalgoer,festival
festiveness,festive
festoonery,festoon
festschrift,fest
fetcher,fetch
fetching,fetch
fetichism,fetich
fetichist,fetich
fetichize,fetich
fetidity,fetid
fetidness,fetid
fetishisation,fetish
fetishise,fetish
fetishism,fetish
fetishist,fetish
fetishistic,fetish
fetishization,fetish
fetishize,fetish
fetlocked,fetlock
fetterer,fetter
fetterless,fetter
fetterlock,fetter
fettler,fettle
feuar,feu
feudal,feud
feudalism,feudal
feudalist,feudal
feudalistic,feudal
feudalization,feudal
feudalize,feudal
feudist,feud
feuilletonism,feuilleton
feuilletonist,feuilleton
feverish,fever
feverishness,feverish
feverless,fever
feverous,fever
feverroot,fever
feverweed,fever
feverwort,fever
fewness,few
feyness,fey
fezzed,fez
fibber,fib
fibbery,fib
fiberboard,fiber
fibered,fiber
fiberfill,fiber
fiberise,fiber
fiberize,fiber
fiberless,fiber
fiberlike,fiber
fiberscope,fiber
fibreboard,fibre
fibred,fibre
fibrefill,fibre
fibreless,fibre
fibrelike,fibre
fibrescope,fibre
fibrillar,fibril
fibrillary,fibril
fibrillation,fibrilla
fibrillin,fibril
fibrinogen,fibrin
fibrinogenic,fibrin
fibrinogenous,fibrin
fibrinoid,fibrin
fibrinopeptide,fibrin
fibrinous,fibrin
fibroblast,fibro
fibroblastic,fibroblast
fibrocyte,fibro
fibroid,fibro
fibrolite,fibro
fibroma,fibro
fibromyalgia,fibro
fibrosis,fibro
fibrousness,fibrous
fibster,fib
fibular,fibula
fickleness,fickle
fictional,fiction
fictioneering,fictioneer
fictionise,fiction
fictiveness,fictive
fiddleback,fiddle
fiddlehead,fiddle
fiddleneck,fiddle
fiddler,fiddle
fiddlestick,fiddle
fiddlewood,fiddle
fideistic,fideist
fidget,fidge
fidgeter,fidget
fidgety,fidget
fiefdom,fief
fieldboot,field
fieldcraft,field
fielder,field
fieldfare,field
fieldpiece,field
fieldsman,field
fieldstone,field
fieldward,field
fieldwards,field
fieldwork,field
fieldworker,field
fiendish,fiend
fiendishness,fiendish
fiendlike,fiend
fierceness,fierce
fifer,fife
fifteenth,fifteen
fifthly,fifth
fiftyfold,fifty
fiftyish,fifty
figgery,fig
figgy,fig
fightable,fight
fightback,fight
fighter,fight
fighting,fight
figlike,fig
figurehead,figure
figureless,figure
figurer,figure
figurework,figure
figwort,fig
filarial,filaria
filariasis,filaria
filcher,filch
filching,filch
fileable,file
filefish,file
filename,file
filer,file
filibusterer,filibuster
filibusterism,filibuster
filibusterous,filibuster
fillable,fill
filler,fill
filleter,fillet
filmable,film
filmcard,film
filmdom,film
filmer,film
filmgoer,film
filmgoing,film
filmic,film
filmish,film
filmland,film
filmless,film
filmlike,film
filmmaker,film
filmmaking,film
filmography,film
filmset,film
filmsetter,film
filmstrip,film
filmy,film
filterability,filter
filterable,filter
filterer,filter
filthy,filth
fimbrial,fimbria
finagler,finagle
finalise,final
finalism,final
finalist,final
finality,final
finalize,final
finalizer,finalize
financialist,financial
finback,fin
finchlike,finch
findable,find
finder,find
finding,find
fineable,fine
fineish,fine
fineless,fine
fineness,fine
finespun,fine
finesser,finesse
finfish,fin
finfoot,fin
fingerboard,finger
fingerbreadth,finger
fingerer,finger
fingerguard,finger
fingerhold,finger
fingerhole,finger
fingerless,finger
fingerlike,finger
fingerling,finger
fingermark,finger
fingerpick,finger
fingerplate,finger
fingerpost,finger
fingerprint,finger
fingertip,finger
finicality,finical
finicalness,finical
finis,fini
finisher,finish
finitely,finite
finiteness,finite
finless,fin
finlike,fin
finner,fin
finny,fin
firearm,fire
fireback,fire
fireball,fire
fireballer,fireball
fireballing,fireball
firebase,fire
fireboard,fire
fireboat,fire
firebomb,fire
firebomber,firebomb
firebox,fire
firebrand,fire
firebrat,fire
firebreak,fire
firebrick,fire
firebug,fire
firecracker,fire
firecrest,fire
firedamp,fire
firedragon,fire
firedrake,fire
firefight,fire
firefighter,fire
firefighting,fire
firefloat,fire
fireguard,fire
firehouse,fire
fireless,fire
firelight,fire
firelighter,fire
firelit,fire
firelock,fire
fireman,fire
firemanic,fireman
firepan,fire
firepink,fire
firepit,fire
fireplace,fire
fireplaced,fireplace
fireplug,fire
firepot,fire
firepower,fire
fireproof,fire
firer,fire
fireroom,fire
firescreen,fire
fireship,fire
fireside,fire
firestone,fire
firestorm,fire
firetrap,fire
firetruck,fire
firewall,fire
firewarden,fire
firewater,fire
fireweed,fire
firewoman,fire
fireworm,fire
firmamental,firmament
firmer,firm
firmless,firm
firmness,firm
firmware,firm
firry,fir
firstfruits,first
firsthand,first
firstling,first
firstness,first
fiscalist,fiscal
fishability,fish
fishable,fish
fishball,fish
fishboat,fish
fishbolt,fish
fishbone,fish
fishbowl,fish
fishburger,fish
fishcake,fish
fisher,fish
fisherfolk,fisher
fisherman,fisher
fisherwoman,fisher
fishery,fish
fisheye,fish
fishful,fish
fishhook,fish
fishify,fish
fishing,fish
fishkill,fish
fishless,fish
fishlike,fish
fishline,fish
fishmeal,fish
fishmonger,fish
fishnet,fish
fishplate,fish
fishpole,fish
fishpond,fish
fishway,fish
fishwife,fish
fishwifely,fishwife
fishworm,fish
fishy,fish
fissionability,fission
fissionable,fission
fissional,fission
fistfight,fist
fistful,fist
fistiana,fist
fistic,fist
fistical,fist
fisticuff,fist
fistnote,fist
fistular,fistula
fisty,fist
fitful,fit
fitfulness,fitful
fitly,fit
fitment,fit
fitness,fit
fittable,fit
fitter,fit
fitting,fit
fittingness,fitting
fivefold,five
fivepence,five
fiver,five
fixable,fix
fixate,fix
fixation,fix
fixedness,fixed
fixer,fix
fixity,fix
fixive,fix
fixtureless,fixture
fizzenless,fizzen
fizzer,fizz
fizzy,fizz
fjordic,fjord
flaccidity,flaccid
flaccidness,flaccid
flacker,flack
flackery,flack
flagellantism,flagellant
flagger,flag
flaggy,flag
flagless,flag
flagman,flag
flagpole,flag
flagship,flag
flagstaff,flag
flagstick,flag
flagstone,flag
flaker,flake
flameless,flame
flamelet,flame
flamelike,flame
flameproof,flame
flameproofer,flameproof
flamer,flame
flamethrower,flame
flanching,flanch
flangeless,flange
flanger,flange
flanker,flank
flannelboard,flannel
flannelette,flannel
flannelgraph,flannel
flannelly,flannel
flapjack,flap
flapless,flap
flaplike,flap
flappable,flap
flapper,flap
flapperhood,flapper
flapperish,flapper
flappy,flap
flaptrack,flap
flareback,flare
flashback,flash
flashbulb,flash
flashcard,flash
flasher,flash
flashgun,flash
flashing,flash
flashlamp,flash
flashlight,flash
flashtube,flash
flashy,flash
flatback,flat
flatbed,flat
flatbread,flat
flatcar,flat
flatette,flat
flatfish,flat
flatfoot,flat
flathead,flat
flatiron,flat
flatland,flat
flatlander,flatland
flatlet,flat
flatline,flat
flatliner,flatline
flatling,flat
flatlings,flat
flatmate,flat
flatness,flat
flatpack,flat
flatscreen,flat
flatshare,flat
flatten,flat
flattener,flatten
flatter,flat
flatterable,flatter
flatterer,flatter
flatterous,flatter
flattery,flatter
flattie,flat
flatting,flat
flattish,flat
flattop,flat
flatty,flat
flatware,flat
flatwash,flat
flatwater,flat
flatwise,flat
flatwork,flat
flatworm,flat
flaunter,flaunt
flaunty,flaunt
flavorer,flavor
flavorful,flavor
flavorist,flavor
flavorless,flavor
flavorsome,flavor
flavory,flavor
flavourer,flavour
flavourist,flavour
flavoursome,flavour
flavoury,flavour
flawless,flaw
flawlessness,flawless
flawy,flaw
flaxen,flax
flaxlike,flax
flaxseed,flax
flaxy,flax
flayer,flay
flaysome,flay
fleabag,flea
fleabane,flea
fleabite,flea
fleasome,flea
fleawort,flea
flecker,fleck
fleckless,fleck
flecky,fleck
flectional,flection
flectionless,flection
fleeceless,fleece
fleecer,fleece
fleechment,fleech
fleer,flee
fleerer,fleer
fleeting,fleet
fleetingness,fleeting
fleetness,fleet
flesher,flesh
fleshhood,flesh
fleshless,flesh
fleshling,flesh
fleshly,flesh
fleshment,flesh
fleshmonger,flesh
fleshpot,flesh
fleshworm,flesh
fleshy,flesh
fletcher,fletch
flewed,flew
flexibility,flex
flexible,flex
flexibleness,flexible
flexion,flex
flexional,flexion
flexionless,flexion
flexography,flex
flexure,flex
flexwing,flex
flickable,flick
flicker,flick
flickertail,flicker
flickery,flicker
flightless,flight
flighty,flight
flimflammer,flimflam
flimflammery,flimflam
flincher,flinch
flinger,fling
flinthead,flint
flintify,flint
flintlike,flint
flintlock,flint
flinty,flint
flipboard,flip
flippantness,flippant
flipper,flip
flippy,flip
flipside,flip
flirtation,flirt
flirter,flirt
flirtish,flirt
flirty,flirt
flisky,flisk
flitter,flit
flittermouse,flitter
flitting,flit
floatability,float
floatable,float
floatant,float
floater,float
floating,float
floatplane,float
floaty,float
flockless,flock
flocky,flock
floggable,flog
flogger,flog
floodable,flood
flooder,flood
floodgate,flood
floodless,flood
floodlight,flood
floodmark,flood
floodwall,flood
floodwater,flood
floodway,flood
floorage,floor
floorboard,floor
floorcloth,floor
floorer,floor
floorhead,floor
floorless,floor
floorpan,floor
floorshow,floor
flophouse,flop
flopper,flop
floppy,flop
floridity,florid
floridness,florid
floristry,florist
flosser,floss
flossy,floss
flourisher,flourish
flourishy,flourish
flourless,flour
floury,flour
flouter,flout
flowable,flow
flowage,flow
flowcharting,flowchart
flower,flow
flowerage,flower
flowerbed,flower
flowerer,flower
floweret,flower
flowerful,flower
flowerhorn,flower
flowerless,flower
flowerlike,flower
flowerpot,flower
flowery,flower
flowingness,flowing
flowmeter,flow
flowstone,flow
flubber,flub
fluctuational,fluctuation
flued,flue
fluentness,fluent
fluework,flue
fluey,flu
fluffball,fluff
fluffer,fluff
fluffy,fluff
flugelhornist,flugelhorn
fluidal,fluid
fluidic,fluid
fluidics,fluidic
fluidify,fluid
fluidisation,fluid
fluidise,fluid
fluidize,fluid
fluidizer,fluidize
fluidlike,fluid
fluidness,fluid
fluish,flu
flukey,fluke
flunker,flunk
flunkeydom,flunkey
flunkeyism,flunkey
flunkyism,flunky
fluoresceine,fluoresce
fluorosis,fluor
flushable,flush
flusher,flush
flushing,flush
flushness,flush
flushwork,flush
flushy,flush
flusterment,fluster
flustery,fluster
flutelike,flute
flutemouth,flute
fluter,flute
flutey,flute
flutterboard,flutter
flutterer,flutter
fluttery,flutter
fluvialist,fluvial
fluxgate,flux
fluxional,fluxion
fluxionary,fluxion
fluxionist,fluxion
fluxive,flux
flyable,fly
flyaway,fly
flyback,fly
flybane,fly
flyblow,fly
flyboat,fly
flybook,fly
flyboy,fly
flybridge,fly
flycatcher,fly
flyer,fly
flyfisher,fly
flying,fly
flyleaf,fly
flyless,fly
flymaker,fly
flyman,fly
flyoff,fly
flypaper,fly
flypast,fly
flyscreen,fly
flysheet,fly
flyspeck,fly
flystrike,fly
flyswatter,fly
flytrap,fly
flyway,fly
flyweight,fly
foalfoot,foal
foamable,foam
foamer,foam
foamflower,foam
foamless,foam
foamlike,foam
foamy,foam
focalization,focal
focalize,focal
focusable,focus
focuser,focus
focusless,focus
fodderer,fodder
foeman,foe
foetidness,foetid
fogbound,fog
fogdog,fog
fogey,fog
fogeydom,fogey
fogeyish,fogey
fogeyism,fogey
fogfruit,fog
foggage,fog
fogger,fog
foggy,fog
foghorn,fog
fogless,fog
fogman,fog
fogydom,fogy
fogyish,fogy
fogyism,fogy
foilable,foil
foilist,foil
foilsman,foil
foister,foist
foldable,fold
foldaway,fold
foldback,fold
foldboat,fold
folder,fold
folding,fold
foliaged,foliage
foliate,folia
folkie,folk
folkish,folk
folkishness,folkish
folkland,folk
folklife,folk
folklike,folk
folklore,folk
folkmoot,folk
folksinger,folk
folksinging,folk
folksy,folk
folktale,folk
folkway,folk
folky,folk
followable,follow
follower,follow
followership,follower
following,follow
fomentation,foment
fomenter,foment
fond,fon
fondle,fond
fondler,fondle
fondling,fond
fondness,fond
fonly,fon
fontal,font
fontanelle,font
fontlet,font
foodborne,food
foodery,food
foodful,food
foodie,food
foodism,food
foodless,food
foodlessness,foodless
foodshed,food
foody,food
foolery,fool
foolhardy,fool
foolish,fool
foolishness,foolish
foolproof,fool
footage,foot
footbag,foot
footballene,football
footballer,football
footballing,football
footballist,football
footbar,foot
footbath,foot
footbed,foot
footboard,foot
footboy,foot
footbreadth,foot
footcloth,foot
footdragger,foot
footer,foot
footfall,foot
footfault,foot
footgear,foot
foothill,foot
foothold,foot
footing,foot
footler,footle
footless,foot
footlessness,footless
footlight,foot
footlike,foot
footling,foot
footlocker,foot
footlong,foot
footloose,foot
footman,foot
footmark,foot
footmuff,foot
footnote,foot
footpace,foot
footpage,foot
footpath,foot
footplate,foot
footplateman,footplate
footpost,foot
footprint,foot
footrace,foot
footrest,foot
footrope,foot
footrule,foot
footsie,foot
footslog,foot
footslogger,foot
footsore,foot
footsoreness,footsore
footstalk,foot
footstall,foot
footstep,foot
footstone,foot
footstool,foot
footstooled,footstool
footwall,foot
footway,foot
footwear,foot
footwell,foot
footwork,foot
footworn,foot
foozler,foozle
fopling,fop
foppery,fop
foppish,fop
foppishness,foppish
forager,forage
foraminiferal,foraminifer
forasmuch,for
forayer,foray
forbearance,forbear
forbearant,forbear
forbearer,forbear
forbiddal,forbid
forbiddance,forbid
forbiddenly,forbidden
forbidder,forbid
forbidding,forbid
forbiddingness,forbidding
forceable,force
forcedness,forced
forceful,force
forcefulness,forceful
forceless,force
forcemeat,force
forceout,force
forcepslike,forceps
forcer,force
forcibleness,forcible
fordable,ford
fordless,ford
foreanent,fore
forebitter,forebitt
forebodement,forebode
foreboder,forebode
foreboding,fore
forebodingness,foreboding
forecastable,forecast
forecaster,forecast
forecasting,forecast
forecheck,fore
forechecker,forecheck
forefatherly,forefather
foregoer,forego
foregoneness,foregone
forehandedly,forehanded
forehandedness,forehanded
foreigner,foreign
foreignism,foreign
foreignness,foreign
foreknowable,foreknow
foreman,fore
foremanship,foreman
foremast,fore
foremastman,foremast
foremost,fore
forerunner,forerun
foreseeability,foresee
foreseeable,foresee
foreseer,foresee
foreshadower,foreshadow
foreshadowing,foreshadow
foresighted,fore
foresightedness,foresighted
foresightful,foresight
foresightless,foresight
forestage,forest
forestal,forest
forestaller,forestall
forestalling,forestall
forestallment,forestall
forestalment,forestal
forestation,forest
forestaysail,forestay
forester,forest
forestial,forest
forestine,forest
forestland,forest
forestless,forest
foreteller,foretell
forethinker,forethink
forethoughtful,forethought
foretokening,foretoken
foretopman,foretop
forever,for
foreverness,forever
foreward,fore
forewarner,forewarn
forewarning,forewarn
forfeitable,forfeit
forfeiter,forfeit
forgeability,forge
forgeable,forge
forgeman,forge
forger,forge
forgery,forge
forgetful,forget
forgetfulness,forgetful
forgettable,forget
forgetter,forget
forgiveness,forgive
forgiver,forgive
forgivingness,forgiving
forgoer,forgo
forgottenness,forgotten
forkball,fork
forkedness,forked
forker,fork
forkful,fork
forkhead,fork
forkless,fork
forklift,fork
forklike,fork
forktail,fork
forky,fork
forlornness,forlorn
formability,form
formable,form
formal,form
formalise,formal
formalism,formal
formalist,formal
formalistic,formalist
formality,formal
formalization,formal
formalize,formal
formalizer,formalize
formalness,formal
formation,form
formational,formation
formative,form
formatter,format
former,form
formerly,former
formful,form
formidableness,formidable
formless,form
formlessness,formless
formulaic,formula
formular,formula
formularise,formular
formularization,formular
formularizer,formularize
formulary,formula
formulate,formula
formwork,form
forsakenness,forsaken
forsaker,forsake
forsooth,for
forswearer,forswear
forswornness,forsworn
forthcomingness,forthcoming
forthrightness,forthright
fortification,fort
fortlet,fort
fortnightly,fortnight
fortresslike,fortress
fortunateness,fortunate
fortuneless,fortune
forty,fort
fortyfold,forty
forwarder,forward
forwardness,forward
forwhy,for
fossed,fosse
fossicker,fossick
fossiliferous,fossil
fossilization,fossil
fossilize,fossil
fosterage,foster
fosterer,foster
fosterling,foster
foughten,fought
foulbrood,foul
foulmouthed,foul
foulness,foul
foundational,foundation
foundationary,foundation
foundationer,foundation
foundationless,foundation
founder,found
founderous,founder
foundling,found
foundry,found
fountainhead,fountain
fountainless,fountain
fountful,fount
fourball,four
fourfold,four
fourfoldness,fourfold
fourgon,four
fourpence,four
fourplay,four
fourplex,four
fourscore,four
foursome,four
foursquare,four
fourteen,four
fourteener,fourteen
fourteenth,fourteen
fourth,four
fourthly,fourth
foveate,fovea
foveolar,foveola
foveolate,foveola
fowler,fowl
fowlpox,fowl
foxberry,fox
foxfire,fox
foxfish,fox
foxglove,fox
foxhound,fox
foxhunt,fox
foxhunter,fox
foxie,fox
foxlike,fox
foxship,fox
foxskin,fox
foxtail,fox
foxtrot,fox
foxy,fox
fracker,frack
fracking,frack
fractality,fractal
fractional,fraction
fractionalism,fractional
fractionalist,fractional
fractionalize,fractional
fractionary,fraction
fractionate,fraction
fractionation,fraction
fractionise,fraction
fractionization,fraction
fractionize,fraction
fragileness,fragile
fragmental,fragment
fragmentary,fragment
fragmentation,fragment
fragmentize,fragment
fragrantness,fragrant
frailish,frail
frailness,frail
frailty,frail
frameable,frame
frameless,frame
framer,frame
frameshift,frame
framework,frame
franchisee,franchise
franchiser,franchise
frankable,frank
franker,frank
franklinite,franklin
frankness,frank
franticly,frantic
franticness,frantic
fratchety,fratch
fratchy,fratch
fraternalism,fraternal
fraternizer,fraternize
fratery,frater
fraudful,fraud
fraudsman,fraud
fraudster,fraud
fraughtage,fraught
freakery,freak
freakful,freak
freakish,freak
freakishness,freakish
freakout,freak
freaky,freak
freebase,free
freebaser,freebase
freebie,free
freebooter,free
freeborn,free
freediving,free
freedman,freed
freedom,free
freedwoman,freed
freefall,free
freeganism,freegan
freehand,free
freehanded,free
freehearted,free
freeholder,freehold
freelance,free
freelancer,freelance
freeloader,free
freeloading,freeload
freeman,free
freemason,free
freemasonry,freemason
freeness,free
freephone,free
freepost,free
freesheet,free
freestanding,free
freestone,free
freestyle,free
freestyler,freestyle
freethinker,free
freethinking,free
freety,freet
freeware,free
freeway,free
freewoman,free
freewriting,free
freezer,freeze
freightage,freight
freighter,freight
freightless,freight
frenchify,french
freneticism,frenetic
frequentable,frequent
frequentation,frequent
frequentative,frequent
frequenter,frequent
frequentness,frequent
frescoer,fresco
frescoist,fresco
freshen,fresh
freshener,freshen
fresher,fresh
fresherdom,fresher
freshie,fresh
freshish,fresh
freshman,fresh
freshmanship,freshman
freshness,fresh
freshwater,fresh
fretboard,fret
fretful,fret
fretfulness,fretful
fretless,fret
fretsome,fret
fretter,fret
fretty,fret
fretwork,fret
friableness,friable
friarbird,friar
friarly,friar
friary,friar
fribbler,fribble
frictional,friction
frictionless,friction
friedcake,fried
friendless,friend
friendly,friend
friendship,friend
friezelike,frieze
frigger,frig
frighten,fright
frightener,frighten
frightful,fright
frightfulness,frightful
frightsome,fright
frigidness,frigid
friller,frill
frillery,frill
frilly,frill
fringeless,fringe
fringelike,fringe
frisker,frisk
friskful,frisk
frisky,frisk
frithstool,frith
fritterer,fritter
frivoler,frivol
frizzle,frizz
frizzler,frizzle
frizzy,frizz
frockless,frock
frogbit,frog
frogfish,frog
froggery,frog
froggy,frog
froghopper,frog
froglet,frog
froglike,frog
frogling,frog
frogmarch,frog
frogmouth,frog
frogspawn,frog
frolicker,frolic
frolicky,frolic
frolicsome,frolic
frondage,frond
fronded,frond
frondiferous,frond
frondless,frond
frondous,frond
frontage,front
frontager,frontage
frontal,front
frontality,frontal
frontcourt,front
frontiersman,frontier
frontierswoman,frontier
frontless,front
frontline,front
frontlist,front
frontman,front
frontogenesis,front
frontogenetic,front
frontolysis,front
frontrunner,front
frontward,front
frontwards,front
frontways,front
frontwise,front
frostbite,frost
frostbound,frost
frosted,frost
frostfish,frost
frosting,frost
frostless,frost
frostlike,frost
frostnip,frost
frostwork,frost
frosty,frost
frother,froth
frothery,froth
frothless,froth
frothy,froth
froward,fro
frowardness,froward
frowner,frown
frowny,frown
frowster,frowst
frozenness,frozen
frugalist,frugal
frugalista,frugal
frugality,frugal
frugalness,frugal
fruitage,fruit
fruitarian,fruit
fruitarianism,fruitarian
fruiter,fruit
fruitery,fruit
fruitful,fruit
fruitfulness,fruitful
fruition,fruit
fruitless,fruit
fruitlet,fruit
fruitlike,fruit
fruitwood,fruit
fruity,fruit
frumpish,frump
frumpishness,frumpish
frustrater,frustrate
fryable,fry
frybread,fry
fryer,fry
frypan,fry
fubbery,fub
fubby,fub
fucker,fuck
fuckface,fuck
fuckhead,fuck
fucking,fuck
fuckwit,fuck
fucoidal,fucoid
fuddler,fuddle
fueler,fuel
fuelwood,fuel
fugaciousness,fugacious
fuggy,fug
fugitiveness,fugitive
fuguelike,fugue
fulfiller,fulfill
fullage,full
fullback,full
fuller,full
fullerite,fuller
fullish,full
fullness,full
fulsomeness,fulsome
fumbler,fumble
fumblingness,fumbling
fumeless,fume
fumelike,fume
funboard,fun
functional,function
functionalism,functional
functionalist,functional
functionalistic,functional
functionality,functional
functionary,function
functionate,function
functionless,function
fundable,fund
fundamentalism,fundamental
fundamentalist,fundamental
fundamentality,fundamental
funder,fund
fundholder,fund
fundholding,fund
fundless,fund
fundraise,fund
fundraiser,fund
funfair,fun
funfest,fun
fungicidal,fungi
fungicide,fungi
fungistatic,fungi
funhouse,fun
funker,funk
funkhole,funk
funkster,funk
funky,funk
funnelform,funnel
funny,fun
funnyman,funny
funplex,fun
funster,fun
furanose,furan
furball,fur
furbisher,furbish
furiousness,furious
furkid,fur
furlable,furl
furler,furl
furless,fur
furlike,fur
furnisher,furnish
furnishment,furnish
furrower,furrow
furrowless,furrow
furrowy,furrow
furry,fur
furtherance,further
furtherer,further
furthermore,further
furthermost,further
furthersome,further
furtiveness,furtive
fusee,fuse
fuseless,fuse
fuselike,fuse
fusibleness,fusible
fusional,fusion
fusionism,fusion
fusionist,fusion
fusionless,fusion
fussbudgety,fussbudget
fusser,fuss
fusspot,fuss
fussy,fuss
fustianist,fustian
fustianize,fustian
fusty,fust
futileness,futile
futilitarianism,futilitarian
futureless,future
fuzeless,fuze
fuzzball,fuzz
fuzztone,fuzz
fuzzy,fuzz
gabber,gab
gabble,gab
gabblement,gabble
gabbler,gabble
gabbroic,gabbro
gabbroid,gabbro
gabby,gab
gabfest,gab
gabionage,gabion
gabioned,gabion
gablelike,gable
gablet,gable
gadder,gad
gadfly,gad
gadgeteer,gadget
gadgetry,gadget
gadgety,gadget
gadling,gad
gadrooning,gadroon
gadsman,gad
gaffer,gaff
gaffsail,gaff
gager,gage
gagger,gag
gaggery,gag
gagman,gag
gagster,gag
gainable,gain
gainer,gain
gainful,gain
gainfulness,gainful
gainless,gain
gainlessness,gainless
gainly,gain
gainsayer,gainsay
gainsaying,gainsay
gainsharing,gain
gaitered,gaiter
gaiterless,gaiter
galactosemia,galactose
gallantness,gallant
gallantry,gallant
gallbladder,gall
gallerygoer,gallery
galleryite,gallery
gallfly,gall
gallic,gall
gallicize,gallic
gallonage,gallon
gallooned,galloon
galloper,gallop
gallowsness,gallows
gallsickness,gall
gallstone,gall
gallused,gallus
gally,gal
galumpher,galumph
galvaniser,galvanise
galvanizer,galvanize
gambler,gamble
gamebag,game
gamebook,game
gamecock,game
gamefish,game
gamefowl,game
gamekeeping,game
gamelike,game
gameness,game
gameplay,game
gamer,game
gamesman,games
gamesmanship,game
gamesome,game
gamesomeness,gamesome
gamester,game
gamesy,games
gamey,game
gameyness,gamey
gaminesque,gamin
gammoner,gammon
gammoning,gammon
ganderism,gander
gangbanger,gangbang
gangboard,gang
gangbuster,gang
gangbusting,gang
ganger,gang
gangland,gang
gangling,gang
ganglionic,ganglion
gangplank,gang
gangplow,gang
gangrel,gang
gangshag,gang
gangsman,gang
gangster,gang
gangsterdom,gangster
gangsterish,gangster
gangsterism,gangster
gangsterland,gangster
gangway,gang
gannetry,gannet
gaolbird,gaol
gaoler,gaol
gaoleress,gaoler
gaolless,gaol
gaper,gape
gapeworm,gape
gapless,gap
gapper,gap
gappy,gap
garageman,garage
garagey,garage
garbageman,garbage
garbagey,garbage
garbler,garble
garbless,garb
gardenful,garden
gardening,garden
gardenless,garden
gargety,garget
gargler,gargle
gargoyled,gargoyle
garishness,garish
garlandage,garland
garlandless,garland
garlandry,garland
garlicky,garlic
garmentless,garment
garmenture,garment
garnetiferous,garnet
garnishee,garnish
garnisheement,garnishee
garnisher,garnish
garnishment,garnish
garnishor,garnish
garnishry,garnish
garotter,garotte
garreted,garret
garreteer,garret
garroter,garrote
garrotter,garrotte
gasbag,gas
gasconade,gascon
gasconader,gasconade
gaseous,gas
gaseousness,gaseous
gashful,gash
gasholder,gas
gashouse,gas
gasification,gas
gasiform,gas
gasify,gas
gasketed,gasket
gasless,gas
gaslight,gas
gaslit,gas
gasman,gas
gasogene,gas
gasoline,gas
gasper,gasp
gaspy,gasp
gasser,gas
gassy,gas
gastight,gas
gastightness,gastight
gastropodous,gastropod
gastrular,gastrula
gastrulate,gastrula
gasworks,gas
gatecrash,gate
gatefold,gate
gatehouse,gate
gateleg,gate
gateless,gate
gatelike,gate
gateman,gate
gatepost,gate
gater,gate
gateway,gate
gatherable,gather
gatherer,gather
gathering,gather
gaucheness,gauche
gaudy,gaud
gaugeable,gauge
gauger,gauge
gaulter,gault
gaumy,gaum
gauntness,gaunt
gauzelike,gauze
gavelkind,gavel
gawk,gaw
gawker,gawk
gawkish,gawk
gawkishness,gawkish
gawky,gawk
gawper,gawp
gaydar,gay
gayness,gay
gaysome,gay
gaywings,gay
gazeful,gaze
gazehound,gaze
gazement,gaze
gazer,gaze
gazetteer,gazette
gazetteerish,gazetteer
gazillionaire,gazillion
gazumper,gazump
gearbox,gear
gearhead,gear
gearless,gear
gearstick,gear
geekdom,geek
geekery,geek
geekish,geek
geekism,geek
geekspeak,geek
geeky,geek
geepound,gee
gelatinate,gelatin
gelatination,gelatin
gelatinisation,gelatin
gelatinise,gelatin
gelatinization,gelatin
gelatinize,gelatin
gelatinizer,gelatinize
gelatinoid,gelatin
gelatinous,gelatin
gelder,geld
gelding,geld
gelidity,gelid
gelidness,gelid
gemfish,gem
gemlike,gem
gemmation,gemma
gemmery,gem
gemmy,gem
gemology,gem
gemstone,gem
genderize,gender
genderless,gender
genderqueer,gender
generalcy,general
generalise,general
generaliser,generalise
generalism,general
generalist,general
generality,general
generalization,general
generalize,general
generalizer,generalize
generalness,general
generalship,general
generational,generation
generationism,generation
genericness,generic
generousness,generous
genet,gene
genethliacal,genethliac
genetic,gene
genetical,genetic
geneticist,genetic
geniality,genial
genialize,genial
genialness,genial
genitalic,genital
genteelish,genteel
genteelism,genteel
genteelize,genteel
genteelness,genteel
gentlefolk,gentle
gentlehood,gentle
gentleman,gentle
gentlemanhood,gentleman
gentlemanlike,gentleman
gentlemanly,gentleman
gentlemanship,gentleman
gentleness,gentle
gentleperson,gentle
gentlewoman,gentle
gentlewomanly,gentlewoman
genuineness,genuine
geocacher,geocache
geodesy,geode
geogeny,geo
geogony,geo
geoid,geo
geoidal,geoid
geolatry,geo
geologer,geo
geology,geo
geometrical,geometric
geometrician,geometric
geomorphic,geo
geophagia,geo
geophagous,geo
geophilic,geo
geophilous,geo
geophone,geo
geophyte,geo
geosphere,geo
geotherm,geo
geotropic,geo
geotropism,geo
geriatrician,geriatric
germaneness,germane
germicide,germ
germlike,germ
germproof,germ
germy,germ
gerrymanderer,gerrymander
gerrymandering,gerrymander
gerundial,gerund
gerundive,gerund
gessoed,gesso
gestaltism,gestalt
gestaltist,gestalt
gestational,gestation
gestic,gest
gesturer,gesture
gettable,get
getter,get
getup,get
gewgawed,gewgaw
geyserite,geyser
ghastful,ghast
ghastness,ghast
ghettoisation,ghetto
ghettoize,ghetto
ghosting,ghost
ghostlike,ghost
ghostly,ghost
ghostwriter,ghost
ghosty,ghost
ghoulie,ghoul
ghoulish,ghoul
ghoulishness,ghoulish
giantess,giant
gianthood,giant
giantism,giant
giantlike,giant
giantly,giant
giantry,giant
giantship,giant
giardiasis,giardia
gibber,gib
gibbousness,gibbous
giber,gibe
giftable,gift
giftedness,gifted
giftee,gift
giftless,gift
giftware,gift
giganticness,gigantic
giggler,giggle
gigglesome,giggle
gigman,gig
gigmanity,gigman
gilden,gild
gilder,gild
giller,gill
gillie,gill
gillnet,gill
gillnetter,gillnet
gilthead,gilt
giltwood,gilt
gimcrackery,gimcrack
gimmickry,gimmick
gimmicky,gimmick
gimpy,gimp
gingerbreaded,gingerbread
gingerbready,gingerbread
ginhouse,gin
ginnel,ginn
ginner,gin
ginnery,gin
ginny,gin
ginshop,gin
gipper,gip
gipsyish,gipsy
gipsyism,gipsy
girder,gird
girdle,gird
girdler,girdle
girdlestead,girdle
girlfriend,girl
girlhood,girl
girlie,girl
girlish,girl
girlishness,girlish
girly,girl
girthline,girth
given,give
givenness,given
giver,give
gizmology,gizmo
glabellar,glabella
glabrousness,glabrous
glacialist,glacial
glaciered,glacier
gladden,glad
gladdener,gladden
gladelike,glade
gladful,glad
gladfulness,gladful
gladiatorial,gladiator
gladiatorian,gladiator
gladiatorship,gladiator
gladly,glad
gladness,glad
gladsome,glad
gladsomeness,gladsome
glaireous,glair
glairin,glair
glairy,glair
glaived,glaive
glammy,glam
glamorization,glamor
glamorize,glamor
glamorizer,glamorize
glamorous,glamor
glamorousness,glamorous
glamourise,glamour
glamourize,glamour
glamourless,glamour
glamourpuss,glamour
glancer,glance
glandiform,gland
glandless,gland
glandlike,gland
glareless,glare
glaringness,glaring
glasnostian,glasnost
glasnostic,glasnost
glassblower,glass
glassblowing,glass
glasscloth,glass
glasscutter,glass
glassen,glass
glassful,glass
glasshouse,glass
glassify,glass
glassine,glass
glassless,glass
glasslike,glass
glassmaker,glass
glassmaking,glass
glassman,glass
glasspaper,glass
glassware,glass
glasswork,glass
glassworker,glass
glasswort,glass
glassy,glass
glassyheaded,glassy
glaucousness,glaucous
glaury,glaur
glazer,glaze
gleamer,gleam
gleamy,gleam
gleanable,glean
gleaner,glean
glebeless,glebe
gleeful,glee
gleefulness,gleeful
gleemaiden,glee
gleeman,glee
gleesome,glee
gleety,gleet
glegness,gleg
glenlike,glen
glial,glia
glibness,glib
gliddery,glidder
glider,glide
glimmer,glim
glimmery,glimmer
glimpser,glimpse
glinty,glint
gliomatosis,glioma
gliomatous,glioma
glissader,glissade
glitchy,glitch
glittery,glitter
gloater,gloat
globalisation,global
globalise,global
globalism,global
globalist,global
globalize,global
globby,glob
globefish,globe
globeflower,globe
globelike,globe
globetrot,globe
globetrotter,globe
globoseness,globose
globularity,globular
globularness,globular
globulet,globule
gloomful,gloom
gloomless,gloom
gloomster,gloom
gloomy,gloom
gloopy,gloop
gloppy,glop
gloriousness,glorious
glossectomy,gloss
glosseme,gloss
glosser,gloss
glossist,gloss
glossless,gloss
glossography,gloss
glossy,gloss
gloveless,glove
glovelike,glove
glover,glove
glower,glow
glowlamp,glow
glowworm,glow
glueball,glue
gluelike,glue
gluepot,glue
gluer,glue
gluey,glue
glueyness,gluey
gluggable,glug
glumelike,glume
glumness,glum
glutenin,gluten
glutinousness,glutinous
gluttonise,glutton
gluttonish,glutton
gluttonize,glutton
gluttonous,glutton
gluttony,glutton
glycogenic,glycogen
glycogenolysis,glycogen
glycogenolytic,glycogen
glycolic,glycol
glycosylate,glycosyl
glyphography,glyph
gnarly,gnarl
gnasher,gnash
gnatcatcher,gnat
gnatlike,gnat
gnatling,gnat
gnatty,gnat
gnatwren,gnat
gnawable,gnaw
gnawer,gnaw
gnawing,gnaw
gneissic,gneiss
gneissitic,gneiss
gneissoid,gneiss
gneissose,gneiss
gnomelike,gnome
gnostical,gnostic
goadlike,goad
goadster,goad
goalball,goal
goalkeeper,goal
goalkicker,goal
goalkicking,goal
goalless,goal
goalmouth,goal
goalpost,goal
goalscorer,goal
goaltender,goal
goaltending,goal
goalward,goal
goatee,goat
goateed,goatee
goatfish,goat
goatherd,goat
goatish,goat
goatishness,goatish
goatlike,goat
goatling,goat
goatskin,goat
goatsucker,goat
goatweed,goat
goaty,goat
gobbler,gobble
gobby,gob
gobshite,gob
goddamn,god
goddess,god
goddesshood,goddess
godforsaken,god
godhead,god
godhood,god
godless,god
godlessness,godless
godlike,god
godlikeness,godlike
godling,god
godly,god
godsend,god
godship,god
godwards,god
goer,go
goest,go
goey,go
gofer,go
goggler,goggle
going,go
goitred,goitre
goitrogenicity,goitrogenic
goldbrick,gold
goldcrest,gold
golden,gold
goldenberry,golden
goldeneye,golden
goldenness,golden
goldenrod,golden
goldenseal,golden
goldeye,gold
goldfield,gold
goldfish,gold
goldish,gold
goldless,gold
goldminer,gold
goldsmithery,goldsmith
goldtail,gold
goldthread,gold
goldtone,gold
goldwork,gold
goldy,gold
golfer,golf
golfiana,golf
goliardery,goliard
goliardic,goliard
gombeenism,gombeen
gonadal,gonad
gonadectomy,gonad
gonadial,gonad
gonadic,gonad
goneness,gone
goner,gone
gonglike,gong
gongster,gong
gonorrheal,gonorrhea
gonorrhoeal,gonorrhoea
goodbye,good
goodie,good
goodish,good
goodly,good
goodman,good
goodness,good
goodnight,good
goodsire,good
goodwife,good
goodwill,good
goody,good
gooey,goo
gooeyness,gooey
goofy,goof
googlewhack,google
googolplex,googol
gooky,gook
goonery,goon
goony,goon
goopy,goop
gooseberry,goose
goosefish,goose
goosegrass,goose
gooseherd,goose
gooselike,goose
gooseneck,goose
goosery,goose
gorefest,gore
gorehound,gore
gorgeousness,gorgeous
gorger,gorge
gorgeted,gorget
gorgonian,gorgon
gorgonize,gorgon
gorillagram,gorilla
gormandise,gormand
gormandism,gormand
gormandizer,gormandize
gormy,gorm
gospeler,gospel
gospelize,gospel
gospeller,gospel
gospelly,gospel
gossamery,gossamer
gossiper,gossip
gossipmonger,gossip
gossipy,gossip
gotcha,got
gothic,goth
gothy,goth
gouger,gouge
gourdful,gourd
gourdlike,gourd
gourmandise,gourmand
gourmandism,gourmand
goutweed,gout
goutwort,gout
gouty,gout
governable,govern
governableness,governable
governance,govern
governessy,governess
government,govern
governmental,government
governmentalism,governmental
governmentalist,governmental
governmentalize,governmental
governmentese,government
governor,govern
governorate,governor
governorship,governor
gowaned,gowan
gowany,gowan
gownman,gown
gownsman,gown
gowpenful,gowpen
goyish,goy
grabbable,grab
grabber,grab
grabble,grab
grabbler,grabble
grabby,grab
graceful,grace
gracefulness,graceful
graceless,grace
gracileness,gracile
graciousness,gracious
gradational,gradation
gradeless,grade
grader,grade
gradienter,gradient
gradualism,gradual
gradualist,gradual
gradualistic,gradual
graduality,gradual
gradualness,gradual
graduateship,graduate
graffitist,graffiti
graftage,graft
grafter,graft
grainer,grain
grainfield,grain
grainless,grain
grainy,grain
grammage,gram
grammarless,grammar
grammaticality,grammatical
grammaticaster,grammatic
grammaticise,grammatic
grammaticism,grammatic
grammaticize,grammatic
grandeeship,grandee
grandfatherly,grandfather
grandiose,grand
grandmaster,grand
grandmotherly,grandmother
grandness,grand
grandparental,grandparent
grandparenthood,grandparent
grandstand,grand
grandstander,grandstand
grandstanding,grandstand
grangerize,granger
granitelike,granite
graniteware,granite
grannyish,granny
granolithic,granolith
grantable,grant
grantee,grant
grantsman,grant
grantsmanship,grantsman
granularity,granular
granulater,granulate
grapefruit,grape
grapeless,grape
grapelike,grape
grapery,grape
grapeseed,grape
grapeshot,grape
grapestone,grape
grapey,grape
graphemics,graphemic
graphical,graphic
graphicness,graphic
grappler,grapple
graspable,grasp
grasper,grasp
graspingness,grasping
graspless,grasp
grassbird,grass
grasser,grass
grasshook,grass
grasshopper,grass
grassland,grass
grassless,grass
grasslike,grass
grassquit,grass
grassroot,grass
grassy,grass
grateful,grate
gratefulness,grateful
grateless,grate
gratinate,gratin
gravedigger,grave
graveless,grave
gravelike,grave
gravelly,gravel
graveness,grave
graver,grave
graverobber,grave
graveside,grave
gravesite,grave
gravestone,grave
graveward,grave
graveyard,grave
gravidness,gravid
gravimetrical,gravimetric
gravitational,gravitation
grayback,gray
grayhead,gray
grayheaded,gray
grayhound,gray
grayish,gray
grayling,gray
grayness,gray
grayscale,gray
graystone,gray
graywater,gray
grazeable,graze
grazer,graze
greaseband,grease
greaseless,grease
greasepaint,grease
greaseproof,grease
greaser,grease
greasewood,grease
greatcoat,great
greatcoated,greatcoat
greaten,great
greathearted,great
greatness,great
greedhead,greed
greedless,greed
greedsome,greed
greedy,greed
greeking,greek
greenbackism,greenback
greenbottle,green
greenbrier,green
greenery,green
greeneye,green
greenfly,green
greengage,green
greengrocer,green
greengrocery,greengrocer
greenheart,green
greenhorn,green
greenhouse,green
greenie,green
greenish,green
greenishness,greenish
greenkeeper,green
greenlet,green
greenling,green
greenmailer,greenmail
greenness,green
greensand,green
greenshank,green
greensick,green
greenspeak,green
greensward,green
greenth,green
greenwash,green
greenwashing,green
greenweed,green
greenwood,green
greeny,green
greeter,greet
greeting,greet
gregarianism,gregarian
greisenize,greisen
greyback,grey
greybeard,grey
greyhead,grey
greyheaded,grey
greyhound,grey
greyish,grey
greylist,grey
greyness,grey
greyscale,grey
greystone,grey
greywether,grey
gridder,grid
griddlecake,griddle
gridiron,grid
griefer,grief
griefful,grief
griefless,grief
griever,grieve
grievousness,grievous
griffinish,griffin
griffinism,griffin
grifter,grift
griller,grill
grillery,grill
grillroom,grill
grillsteak,grill
grillwork,grill
grimacer,grimace
grimness,grim
grinder,grind
grindery,grind
grindhouse,grind
grinding,grind
grindstone,grind
grinner,grin
griper,gripe
gripey,gripe
gripman,grip
gripper,grip
gripple,grip
grippy,grip
gripsack,grip
grisette,gris
gristle,grist
gristmill,grist
grisy,gris
gritless,grit
gritstone,grit
gritter,grit
gritty,grit
grizzler,grizzle
groaner,groan
groanful,groan
groaning,groan
groatsworth,groat
grocery,grocer
groggery,grog
groggy,grog
groomer,groom
groomsman,groom
grooveless,groove
groovelike,groove
groover,groove
groper,grope
grossness,gross
grotesqueness,grotesque
grotesquerie,grotesque
grotesquery,grotesque
grottoed,grotto
grouchy,grouch
groundage,ground
groundbait,ground
groundbreaker,ground
groundbreaking,ground
groundburst,ground
grounder,ground
groundfish,ground
grounding,ground
groundless,ground
groundling,ground
groundmass,ground
groundnut,ground
groundsel,ground
groundshare,ground
groundsheet,ground
groundsill,ground
groundskeeper,grounds
groundsman,grounds
groundspeed,ground
groundswell,ground
groundwater,ground
groundwood,ground
groundwork,ground
groupable,group
groupage,group
grouper,group
groupie,group
groupist,group
grouplet,group
groupoid,group
groupthink,group
groupware,group
groupwork,group
groupy,group
grouselike,grouse
grouser,grouse
grouter,grout
grouting,grout
grouty,grout
groveler,grovel
groveless,grove
grovellingly,grovelling
grovet,grove
growable,grow
grower,grow
growler,growl
growly,growl
growth,grow
growthist,growth
growthy,growth
grubber,grub
grubble,grub
grubby,grub
grubstake,grub
grubworm,grub
grudgeful,grudge
grudgeless,grudge
grudger,grudge
gruellingly,gruelling
gruesome,grue
gruesomeness,gruesome
gruffish,gruff
gruffness,gruff
gruffy,gruff
grumbler,grumble
grumness,grum
grumphie,grumph
grumpy,grump
grunger,grunge
grungey,grunge
grunter,grunt
grunting,grunt
gruntle,grunt
guardable,guard
guardage,guard
guardedness,guarded
guardee,guard
guarder,guard
guardhouse,guard
guardian,guard
guardianship,guardian
guardless,guard
guardlike,guard
guardrail,guard
guardroom,guard
guardship,guard
guardsman,guard
gucky,guck
guerrillaism,guerrilla
guessable,guess
guesser,guess
guessing,guess
guesswork,guess
guesten,guest
guesthouse,guest
guestwise,guest
guideless,guide
guideline,guide
guidepost,guide
guider,guide
guideship,guide
guideway,guide
guideword,guide
guildhall,guild
guildship,guild
guildsman,guild
guildswoman,guild
guileful,guile
guilefulness,guileful
guileless,guile
guiler,guile
guillotiner,guillotine
guiltless,guilt
guilty,guilt
guiser,guise
guitarfish,guitar
guitarist,guitar
gular,gula
gulflike,gulf
gulfweed,gulf
gulfy,gulf
gullable,gull
guller,gull
gullery,gull
gullible,gull
gullish,gull
gullwing,gull
gulper,gulp
gulpy,gulp
gumball,gum
gumboil,gum
gumboot,gum
gumdrop,gum
gumless,gum
gumlike,gum
gumline,gum
gummatous,gumma
gummer,gum
gummiferous,gum
gummose,gum
gummosis,gum
gummy,gum
gumnut,gum
gumshield,gum
gumshoe,gum
gumweed,gum
gumwood,gum
gunboat,gun
guncotton,gun
gunfight,gun
gunfighter,gun
gunfighting,gun
gunfire,gun
gunflint,gun
gunite,gun
gunky,gunk
gunlayer,gun
gunless,gun
gunlock,gun
gunmaker,gun
gunman,gun
gunmanship,gun
gunmetal,gun
gunnage,gun
gunnel,gun
gunner,gun
gunnership,gunner
gunnery,gun
gunny,gun
gunplay,gun
gunpoint,gun
gunport,gun
gunpowder,gun
gunpowdery,gunpowder
gunroom,gun
gunrunner,gun
gunrunning,gun
gunship,gun
gunshot,gun
gunsight,gun
gunslinger,gun
gunslinging,gun
gunsmith,gun
gunstick,gun
gunstock,gun
gunstone,gun
gunwale,gun
gurly,gurl
gurudom,guru
guruism,guru
guruship,guru
gusher,gush
gushy,gush
gustful,gust
gustless,gust
gusty,gust
gutbucket,gut
gutful,gut
gutless,gut
gutlessness,gutless
gutlike,gut
gutsy,guts
guttate,gutta
gutter,gut
gutterblood,gutter
guttersnipe,gutter
guttery,gutter
guttle,gut
guttler,guttle
gutturalisation,guttural
gutturalise,guttural
gutturalism,guttural
gutturality,guttural
gutturalization,guttural
gutturalize,guttural
gutturalness,guttural
gutty,gut
guyline,guy
guzzler,guzzle
gymnastic,gymnast
gymnastics,gymnast
gymslip,gym
gynocratic,gyno
gynogenesis,gyno
gynophobe,gyno
gynophobic,gyno
gynophore,gyno
gypper,gyp
gypster,gyp
gypsydom,gypsy
gypsyish,gypsy
gypsyism,gypsy
gypsywort,gypsy
gyrational,gyration
gyrocopter,gyro
gyrolite,gyro
gyromancy,gyro
gyroscope,gyro
gyrostat,gyro
haberdashery,haberdasher
habitable,habit
habitant,habit
habitational,habitation
habitual,habit
habitualness,habitual
hackable,hack
hackbuteer,hackbut
hackbutter,hackbut
hackee,hack
hacker,hack
hackery,hack
hackette,hack
hackie,hack
hacking,hack
hackle,hack
hackler,hackle
hackman,hack
hackneyman,hackney
hacksaw,hack
hadronic,hadron
haematoblastic,haematoblast
haemoglobinuria,haemoglobin
haemorrhoidal,haemorrhoid
hafter,haft
hagberry,hag
hagborn,hag
hagbutter,hagbut
hagfish,hag
haggardness,haggard
haggish,hag
haggishness,haggish
haggler,haggle
haglike,hag
hagride,hag
hailer,hail
hailshot,hail
hailstorm,hail
haily,hail
hairball,hair
hairband,hair
hairbrained,hair
hairbreadth,hair
hairbrush,hair
haircap,hair
haircloth,hair
haircut,hair
haircutter,hair
haircutting,hair
hairdo,hair
hairdresser,hair
hairdryer,hair
hairgrip,hair
hairless,hair
hairlessness,hairless
hairlike,hair
hairline,hair
hairlock,hair
hairpiece,hair
hairpin,hair
hairsbreadth,hair
hairsplitter,hair
hairsplitting,hair
hairspring,hair
hairstreak,hair
hairstyle,hair
hairstyling,hair
hairstylist,hair
hairtail,hair
hairwork,hair
hairworm,hair
hairy,hair
hairyback,hairy
haleness,hale
haler,hale
halfback,half
halfbeak,half
halflife,half
halfling,half
halfness,half
halfpace,half
halfpenny,half
halfpennyworth,halfpenny
halfwit,half
hallmark,hall
hallowedness,hallowed
hallstand,hall
hallucinational,hallucination
hallucinogenic,hallucinogen
hallway,hall
halobiont,halo
halobiotic,halo
halocline,halo
halogenate,halogen
halogenation,halogen
halogenic,halogen
halogenous,halogen
haloid,halo
halolike,halo
halophile,halo
halophily,halo
halophobe,halo
halophyte,halo
halter,halt
halterbreak,halter
halterneck,halter
haltingness,halting
haltless,halt
hambone,ham
hamburger,hamburg
hamfat,ham
hamlet,ham
hammerer,hammer
hammerhead,hammer
hammerless,hammer
hammerlock,hammer
hammerman,hammer
hammerstone,hammer
hammy,ham
hamperer,hamper
hamshackle,ham
hamstring,ham
handbag,hand
handbagging,handbag
handball,hand
handballer,handball
handbarrow,hand
handbasket,hand
handbell,hand
handbill,hand
handblown,hand
handbook,hand
handbrake,hand
handcar,hand
handcart,hand
handclap,hand
handclasp,hand
handcraft,hand
handcuff,hand
handedness,handed
hander,hand
handfeed,hand
handful,hand
handgrip,hand
handgun,hand
handhold,hand
handicapper,handicap
handicrafter,handicraft
handicraftsman,handicraft
handism,hand
handiwork,hand
handkerchief,hand
handknit,hand
handle,hand
handleable,handle
handlebar,handle
handleless,handle
handler,handle
handless,hand
handlike,hand
handline,hand
handliner,handline
handloom,hand
handmade,hand
handmaid,hand
handmaiden,hand
handpass,hand
handphone,hand
handpick,hand
handplay,hand
handpress,hand
handprint,hand
handrail,hand
handroll,hand
handsaw,hand
handsbreadth,hand
handset,hand
handsewn,hand
handshake,hand
handsome,hand
handsomeness,handsome
handspike,hand
handspring,hand
handstamp,hand
handstand,hand
handstroke,hand
handsturn,hand
handsy,hands
handwork,hand
handworked,hand
handworker,hand
handwoven,hand
handwringer,hand
handwrit,hand
handwrite,hand
handwrought,hand
handy,hand
handyman,handy
handyperson,handy
hangability,hang
hangable,hang
hangarage,hangar
hangbird,hang
hangdog,hang
hanger,hang
hanging,hang
hangman,hang
hangnail,hang
hangnest,hang
hangover,hang
hangtag,hang
hankerer,hanker
haphazard,hap
haphazardry,haphazard
hapless,hap
haplessness,hapless
haploidic,haploid
haply,hap
happen,hap
happenchance,happen
happy,hap
haptenic,hapten
haranguer,harangue
harasser,harass
harassment,harass
harborage,harbor
harborer,harbor
harborful,harbor
harborless,harbor
harbormaster,harbor
harborside,harbor
harbourage,harbour
harbourer,harbour
harbourful,harbour
harbourless,harbour
harbourside,harbour
hardback,hard
hardbacked,hard
hardbake,hard
hardball,hard
hardbeam,hard
hardboard,hard
hardbody,hard
hardcore,hard
hardcourt,hard
hardcover,hard
harden,hard
hardener,harden
hardface,hard
hardgoods,hard
hardgrass,hard
hardhanded,hard
hardhead,hard
hardheaded,hard
hardhearted,hard
hardish,hard
hardline,hard
hardman,hard
hardness,hard
hardpack,hard
hardpan,hard
hardscape,hard
hardshell,hard
hardship,hard
hardstand,hard
hardstanding,hard
hardtack,hard
hardtail,hard
hardtop,hard
hardware,hard
hardwareman,hardware
hardwood,hard
hardworking,hard
harebell,hare
harebrained,hare
harelike,hare
harelip,hare
harelipped,harelip
harkener,harken
harlotry,harlot
harmdoing,harm
harmer,harm
harmful,harm
harmfulness,harmful
harmless,harm
harmlessness,harmless
harmoniser,harmonise
harmoniumist,harmonium
harmonizer,harmonize
harnesser,harness
harper,harp
harpist,harp
harpooneer,harpoon
harpooner,harpoon
harpsichordist,harpsichord
harpylike,harpy
harrower,harrow
harrowing,harrow
harshen,harsh
harshness,harsh
hartshorn,hart
harvestable,harvest
harvester,harvest
harvestless,harvest
harvestman,harvest
hashhead,hash
hashtag,hash
hashy,hash
hassocky,hassock
hasteful,haste
hasten,haste
hastener,hasten
hatband,hat
hatbox,hat
hatbrush,hat
hatchability,hatch
hatchable,hatch
hatchback,hatch
hatcheck,hat
hatcher,hatch
hatchery,hatch
hatchety,hatchet
hatchling,hatch
hatchway,hatch
hateful,hate
hatefulness,hateful
hateless,hate
hatelessness,hateless
hater,hate
hateworthy,hate
hatful,hat
hatguard,hat
hatless,hat
hatlessness,hatless
hatlike,hat
hatmaker,hat
hatpeg,hat
hatpin,hat
hatrack,hat
hatstand,hat
hatter,hat
hatting,hat
hattock,hat
haulage,haul
hauler,haul
haulier,haul
haulmy,haulm
haulout,haul
haunter,haunt
haven,have
havenless,haven
haver,have
havering,haver
havocker,havoc
hawkbell,hawk
hawkish,hawk
hawkishness,hawkish
hawklike,hawk
hawknose,hawk
hawksbeard,hawk
hawkweed,hawk
hawsehole,hawse
hawsepipe,hawse
hawthorn,haw
hawthorny,hawthorn
hayband,hay
haybox,hay
hayer,hay
hayey,hay
hayfield,hay
hayfork,hay
hayloft,hay
haymaker,hay
haymaking,hay
haymow,hay
hayrack,hay
hayrake,hay
hayrick,hay
hayride,hay
hayseed,hay
haystack,hay
hayward,hay
haywire,hay
hazardable,hazard
hazardous,hazard
hazardry,hazard
hazelly,hazel
hazelnut,hazel
hazelwood,hazel
hazer,haze
headache,head
headage,head
headbang,head
headbanging,head
headboard,head
headcase,head
headchair,head
headcloth,head
headdress,head
headend,head
header,head
headfast,head
headfirst,head
headfish,head
headforemost,head
headframe,head
headfuck,head
headful,head
headgate,head
headgear,head
headguard,head
headhunter,head
heading,head
headlamp,head
headland,head
headlease,head
headless,head
headlessness,headless
headlight,head
headlike,head
headline,head
headliner,head
headlock,head
headmark,head
headmaster,head
headmasterly,headmaster
headmastership,headmaster
headmistressy,headmistress
headmost,head
headnote,head
headphone,head
headpiece,head
headpin,head
headpond,head
headrace,head
headrail,head
headrest,head
headring,head
headroom,head
headrope,head
headsail,head
headscarf,head
headset,head
headshake,head
headship,head
headshot,head
headshrinker,head
headsman,head
headspace,head
headspring,head
headsquare,head
headstall,head
headstand,head
headstick,head
headstock,head
headstone,head
headstrong,head
headstrongness,headstrong
headteacher,head
headwaiter,head
headwall,head
headward,head
headwards,head
headwater,head
headway,head
headword,head
headwork,head
headworker,head
heady,head
healable,heal
healee,heal
healer,heal
healing,heal
healsome,heal
health,heal
healthcare,health
healthful,health
healthfulness,healthful
healthism,health
healthless,health
healthlessness,healthless
healthsome,health
healthy,health
heaper,heap
heapy,heap
hearable,hear
hearer,hear
hearie,hear
hearing,hear
hearkener,hearken
heartache,heart
heartbeat,heart
heartbreak,heart
heartbreaker,heart
heartbreaking,heart
heartbroken,heart
heartburning,heart
hearten,heart
heartener,hearten
heartfelt,heart
hearthrug,hearth
hearthstone,hearth
heartland,heart
heartless,heart
heartlet,heart
heartling,heart
heartly,heart
heartpea,heart
heartrending,heart
heartsease,heart
heartseed,heart
heartsick,heart
heartsome,heart
heartstring,heart
heartthrob,heart
heartwater,heart
heartwood,heart
heartworm,heart
hearty,heart
heatable,heat
heatedness,heated
heater,heat
heathberry,heath
heathen,heath
heathendom,heathen
heathenesse,heathen
heathenise,heathen
heathenish,heathen
heathenishness,heathenish
heathenism,heathen
heathenize,heathen
heathenness,heathen
heathenry,heathen
heathered,heather
heathery,heath
heathland,heath
heathless,heath
heathlike,heath
heathy,heath
heating,heat
heatless,heat
heatproof,heat
heatwave,heat
heavenly,heaven
heavenward,heaven
heavenwards,heaven
heaver,heave
heavyhearted,heavy
heavyish,heavy
heavyset,heavy
heavyweight,heavy
heckler,heckle
hectorer,hector
hectoring,hector
hectorism,hector
hectorly,hector
hectorship,hector
hedgebill,hedge
hedgehop,hedge
hedgehopper,hedge
hedgepig,hedge
hedger,hedge
hedgerow,hedge
hedonistic,hedonist
heeder,heed
heedful,heed
heedfulness,heedful
heedless,heed
heedlessness,heedless
heedy,heed
heelball,heel
heeler,heel
heelless,heel
heelpiece,heel
heelpost,heel
heeltap,heel
hefter,heft
hefty,heft
heighten,height
heightener,heighten
heightism,height
heinousness,heinous
heirdom,heir
heiress,heir
heirless,heir
heirloom,heir
heirship,heir
heister,heist
helicoidal,helicoid
heliocentricism,heliocentric
heliocentricity,heliocentric
heliochrome,helio
heliogram,helio
heliograph,helio
heliography,helio
heliolater,helio
heliolatry,helio
heliology,helio
heliometry,helio
heliopause,helio
heliophilous,helio
heliophobic,helio
heliophyte,helio
helioscope,helio
heliostatic,heliostat
heliotropy,helio
heliotype,helio
hellacious,hell
hellbender,hell
hellbox,hell
hellbroth,hell
hellcat,hell
hellhound,hell
hellish,hell
hellishness,hellish
hellkite,hell
hellscape,hell
hellwards,hell
helmer,helm
helmet,helm
helmetlike,helmet
helminthiasis,helminth
helminthic,helminth
helminthoid,helminth
helminthologist,helminth
helminthology,helminth
helminthous,helminth
helmless,helm
helmsman,helm
helmsmanship,helmsman
helotage,helot
helotism,helot
helotry,helot
helpable,help
helper,help
helpful,help
helpfulness,helpful
helping,help
helpless,help
helplessness,helpless
helpline,help
helpmeet,help
hematinic,hematin
hematological,hematologic
hemistichal,hemistich
hemline,hem
hemmer,hem
hemoglobinuria,hemoglobin
hemorrhoidal,hemorrhoid
hempen,hemp
hempie,hemp
hemplike,hemp
hempseed,hemp
hempweed,hemp
hempy,hemp
hemstitch,hem
henbane,hen
henbit,hen
henceforth,hence
henchwoman,hench
hencoop,hen
henhouse,hen
henlike,hen
hennery,hen
hennish,hen
henny,hen
henotheistic,henotheist
henpeck,hen
henpeckery,henpeck
heparinoid,heparin
hepaticology,hepatic
hepcat,hep
hephthemimeral,hephthemimer
hepster,hep
heptagonal,heptagon
heptane,hept
heraldic,herald
heraldist,herald
heraldry,herald
heraldship,herald
herbaceous,herb
herbage,herb
herbaged,herbage
herbal,herb
herbalism,herbal
herbalist,herbal
herbarian,herb
herbed,herb
herbicide,herb
herbist,herb
herbivore,herb
herbless,herb
herblet,herb
herblike,herb
herbology,herb
herbous,herb
herby,herb
herdboy,herd
herder,herd
herdess,herd
herdlike,herd
herdman,herd
herdsman,herd
hereabout,here
hereabouts,hereabout
hereafter,here
hereat,here
hereaway,here
hereby,here
hereditarianism,hereditarian
hereditarianist,hereditarian
herefrom,here
herein,here
hereinabove,herein
hereinafter,herein
hereinbefore,herein
hereinbelow,herein
hereness,here
hereof,here
heretical,heretic
hereto,here
hereunder,here
hereunto,here
hereupon,here
herewith,here
heriotable,heriot
hermeneutics,hermeneutic
hermeticism,hermetic
hermeticity,hermetic
hermitage,hermit
hermitess,hermit
hermitic,hermit
hermitical,hermitic
hermitism,hermit
hermitry,hermit
hernial,hernia
herniate,hernia
herniation,hernia
heroic,hero
heroical,hero
heroicalness,heroical
heroicize,heroic
heroicly,heroic
heroicness,heroic
heroine,hero
heroinism,heroin
heroism,hero
heroize,hero
heronry,heron
heroship,hero
herpesvirus,herpes
herringbone,herring
herringer,herring
hers,her
herself,her
heteroblastic,hetero
heterocarpous,hetero
heterocystous,heterocyst
heteroecious,hetero
heterogenic,hetero
heterogony,hetero
heterokaryotic,hetero
heterokont,hetero
heteromorphy,hetero
heteronomy,hetero
heteronym,hetero
heteronymous,heteronym
heterophil,hetero
heteroplasia,hetero
heterosexuality,heterosexual
heterosis,hetero
heterostrophy,hetero
heterotopia,hetero
heterotrophy,hetero
hetmanate,hetman
hetmanship,hetman
hewable,hew
hewer,hew
hexad,hex
hexadic,hexad
hexagonal,hexagon
hexangular,hex
hexaploidy,hexaploid
hexathlon,hex
hexene,hex
hexer,hex
hexone,hex
hexylic,hexyl
hiccupy,hiccup
hickish,hick
hidalgoish,hidalgo
hidalgoism,hidalgo
hidden,hid
hiddenite,hidden
hiddenmost,hidden
hiddenness,hidden
hideaway,hide
hidebound,hide
hideless,hide
hideousness,hideous
hideout,hide
hider,hide
hierarchal,hierarch
hierarchic,hierarch
hierarchical,hierarch
hieroglyphical,hieroglyph
hieroglyphist,hieroglyph
hierophantic,hierophant
higgler,higgle
highball,high
highborn,high
highbred,high
highbrow,high
highbrowism,highbrow
highbush,high
highermost,higher
highish,high
highlander,highland
highlife,high
highlight,high
highlighter,highlight
highman,high
highmost,high
highness,high
highspot,high
hightail,high
highth,high
highway,high
highwayman,highway
highwrought,high
hijacker,hijack
hijacking,hijack
hiker,hike
hillbilly,hill
hillcrest,hill
hiller,hill
hillfolk,hill
hilling,hill
hillock,hill
hillocked,hillock
hillocky,hillock
hillside,hill
hillslope,hill
hilltop,hill
hillwalker,hill
hillwalking,hill
hilly,hill
hiltless,hilt
himself,him
hindberry,hind
hindbrain,hind
hinderer,hinder
hindering,hinder
hinderland,hinder
hindermost,hinder
hindfoot,hind
hindgut,hind
hindhead,hind
hindmilk,hind
hindmost,hind
hindquarter,hind
hindsight,hind
hindward,hind
hindwing,hind
hingeless,hinge
hingelike,hinge
hinger,hinge
hinter,hint
hinterland,hinter
hipless,hip
hiplike,hip
hipline,hip
hipness,hip
hippiedom,hippie
hippieness,hippie
hippin,hip
hippology,hippo
hippophagous,hippo
hippophagy,hippo
hippophile,hippo
hippophobe,hippo
hippyish,hippy
hipshot,hip
hipster,hip
hipsterism,hipster
hiree,hire
hireling,hire
hirer,hire
hirsuteness,hirsute
hispidity,hispid
hisself,his
hisser,hiss
hissy,hiss
histaminergic,histamine
historicism,historic
historicist,historic
historicity,historic
historicize,historic
histrionic,histrion
histrionicism,histrionic
histrionics,histrionic
hitcher,hitch
hitchhike,hitch
hitchhiker,hitchhike
hitchy,hitch
hithermost,hither
hitherside,hither
hitherto,hither
hitherward,hither
hitherwards,hither
hitless,hit
hitman,hit
hittable,hit
hitter,hit
hiveless,hive
hivelike,hive
hivemind,hive
hiver,hive
hiveward,hive
hivewards,hive
hoarder,hoard
hoarding,hoard
hoarhead,hoar
hoarsen,hoarse
hoarseness,hoarse
hoary,hoar
hoaxer,hoax
hobbish,hob
hobblebush,hobble
hobbledehoydom,hobbledehoy
hobbledehoyhood,hobbledehoy
hobbledehoyish,hobbledehoy
hobbledehoyism,hobbledehoy
hobbler,hobble
hobbyism,hobby
hobbyist,hobby
hobbyless,hobby
hobgoblin,hob
hobgoblinism,hobgoblin
hobgoblinry,hobgoblin
hobnail,hob
hobnobber,hobnob
hobnobby,hobnob
hobodom,hobo
hoboism,hobo
hocker,hock
hockey,hock
hockshop,hock
hodman,hod
hodographic,hodograph
hoecake,hoe
hoedown,hoe
hoelike,hoe
hoer,hoe
hogback,hog
hogfish,hog
hogger,hog
hoggerel,hog
hoggery,hog
hoggish,hog
hoggishness,hoggish
hoghood,hog
hoglike,hog
hognose,hog
hognut,hog
hogshead,hog
hogward,hog
hogwash,hog
hogweed,hog
hoister,hoist
hoistman,hoist
hoistway,hoist
hokeyness,hokey
holdable,hold
holdback,hold
holdership,holder
holding,hold
holeless,hole
holey,hole
holidayer,holiday
holidaymaker,holiday
hollowness,hollow
hollowware,hollow
holocaustal,holocaust
holocaustic,holocaust
hologram,holo
holograph,holo
holography,holograph
holohedron,holo
holomorphic,holo
holon,holo
holonic,holon
holophyte,holo
holotype,holo
holozoic,holo
holystone,holy
homager,homage
homebird,home
homebody,home
homebound,home
homebred,home
homebrew,home
homebuilt,home
homebuyer,home
homecomer,home
homecoming,home
homecraft,home
homefelt,home
homegirl,home
homegrown,home
homeland,home
homeless,home
homelike,home
homely,home
homemade,home
homemaker,home
homemaking,home
homeothermic,homeotherm
homeowner,home
homeownership,home
homeplace,home
homeport,home
homer,home
homeroom,home
homeschooler,homeschool
homesick,home
homesickness,home
homesite,home
homespun,home
homestall,home
homestand,home
homestay,home
homestead,home
homesteader,homestead
homestyle,home
hometown,home
homeward,home
homewards,home
homeware,home
homework,home
homeworker,home
homeworking,home
homey,home
homeyness,homey
homiletical,homiletic
homoblastic,homo
homochromy,homo
homodont,hom
homodyne,homo
homoeroticism,homoerotic
homogamous,homo
homogeneousness,homogeneous
homogeniser,homogenise
homogenizer,homogenize
homogenous,homo
homograph,homo
homographic,homo
homography,homo
homologizer,homologize
homolysis,homo
homolytic,homo
homomorph,homo
homomorphy,homo
homonymic,homonym
homonymous,homonym
homonymy,homonym
homophile,homo
homophone,homo
homoplasmy,homo
homoplasty,homo
homoplasy,homo
homopolymeric,homopolymer
homosexualism,homosexual
homosexualist,homosexual
homosexuality,homosexual
homosociality,homosocial
homosporous,homo
homotype,homo
honer,hone
honestness,honest
honesty,honest
honewort,hone
honeybee,honey
honeybunch,honey
honeycomb,honey
honeycreeper,honey
honeydew,honey
honeydewed,honeydew
honeyful,honey
honeyguide,honey
honeyless,honey
honeymooner,honeymoon
honeypot,honey
honeysucker,honey
honeysuckle,honey
honeysuckled,honeysuckle
honker,honk
honorability,honor
honorable,honor
honorableness,honorable
honorand,honor
honorary,honor
honoree,honor
honorer,honor
honorific,honor
honorifical,honorific
honorless,honor
honourable,honour
honouree,honour
honourer,honour
honourless,honour
hoodedness,hooded
hoodie,hood
hoodless,hood
hoodlike,hood
hoodlumish,hoodlum
hoodlumism,hoodlum
hoodman,hood
hoodmold,hood
hoodooism,hoodoo
hoodwink,hood
hoodwinker,hoodwink
hoody,hood
hoofbeat,hoof
hoofbound,hoof
hoofer,hoof
hoofless,hoof
hooflike,hoof
hoofprint,hoof
hoofrot,hoof
hookedness,hooked
hooker,hook
hookless,hook
hooklet,hook
hooklike,hook
hooknose,hook
hookworm,hook
hooky,hook
hooliganism,hooligan
hooper,hoop
hoopless,hoop
hooplike,hoop
hoopster,hoop
hooter,hoot
hooty,hoot
hooven,hoove
hopbine,hop
hopeful,hope
hoper,hope
hophead,hop
hopper,hop
hoppy,hop
hopsack,hop
hopsacking,hop
hopscotch,hop
horizonal,horizon
horizonless,horizon
horizontality,horizontal
hormonelike,hormone
hornbag,horn
hornbeam,horn
hornbill,horn
hornbook,horn
hornbug,horn
horndog,horn
hornedness,horned
horner,horn
hornful,horn
horning,horn
hornish,horn
hornist,horn
hornless,horn
hornlessness,hornless
hornlet,horn
hornlike,horn
hornpipe,horn
hornpout,horn
hornstone,horn
horntail,horn
hornwork,horn
hornworm,horn
hornwort,horn
hornwrack,horn
horny,horn
hornyhead,horny
horribleness,horrible
horridness,horrid
horrification,horrific
horseback,horse
horsebox,horse
horsecar,horse
horsefeathers,horse
horseflesh,horse
horsefly,horse
horsehair,horse
horsehead,horse
horsehide,horse
horselaugh,horse
horseless,horse
horselike,horse
horseman,horse
horsemanship,horseman
horsemeat,horse
horsemint,horse
horseplayer,horse
horsepond,horse
horsepower,horse
horsepox,horse
horseshoe,horse
horseshoer,horse
horseway,horse
horseweed,horse
horsewhip,horse
horsewhipper,horsewhip
horsewoman,horse
horsey,horse
hosel,hose
hoselike,hose
hoseman,hose
hosepipe,hose
hoser,hose
hosiery,hosier
hospitableness,hospitable
hospitalise,hospital
hospitalize,hospital
hospitaller,hospital
hosta,host
hosteller,hostel
hostelling,hostel
hostless,host
hostly,host
hotbed,hot
hotbox,hot
hotcake,hot
hoteldom,hotel
hotelling,hotel
hotelman,hotel
hotfoot,hot
hothead,hot
hotheaded,hot
hothouse,hot
hotline,hot
hotliner,hotline
hotlink,hot
hotness,hot
hotplate,hot
hotshot,hot
hotspur,hot
hottie,hot
hotting,hot
hottish,hot
hotty,hot
hounder,hound
houndfish,hound
hourglass,hour
hourlong,hour
hourly,hour
hourplate,hour
houseboat,house
houseboater,houseboat
housebound,house
houseboy,house
housebreak,house
housebreaker,house
housebreaking,house
housecleaning,house
housecoat,house
housecraft,house
housedress,house
housefly,house
housefront,house
houseful,house
houseguest,house
household,house
householder,household
householdership,householder
housekeeper,house
houseleek,house
houseless,house
houselessness,houseless
houselike,house
houseline,house
houseling,house
housemaid,house
houseman,house
housemaster,house
housemate,house
housemistress,house
housepainter,house
houseperson,house
houser,house
houseroom,house
housetop,house
housewarming,house
housewife,house
housewifely,housewife
housewifery,housewife
housewifeship,housewife
housewifey,housewife
housework,house
houseworker,house
housey,house
hoven,hove
hover,hove
hoverboard,hover
hovercraft,hover
hoverer,hover
hoverfly,hover
hoverport,hover
hovertrain,hover
howler,howl
howling,howl
howlround,howl
howso,how
howsoever,how
hoydenhood,hoyden
hoydenish,hoyden
hoydenism,hoyden
hubby,hub
hubcap,hub
hubless,hub
hubristic,hubris
huckster,huck
hucksterage,huckster
hucksteress,huckster
hucksterism,huckster
huddler,huddle
hued,hue
hueless,hue
huer,hue
huffer,huff
huffing,huff
huffish,huff
huffishness,huffish
huffy,huff
hugeness,huge
hugeous,huge
huggable,hug
hugger,hug
huggy,hug
hulky,hulk
huller,hull
hully,hull
humaneness,humane
humanhood,human
humanisation,human
humanise,human
humanism,human
humanistic,humanist
humanitarianism,humanitarian
humanitarianist,humanitarian
humanization,human
humanize,human
humanizer,humanize
humankind,human
humanlike,human
humanness,human
humanoid,human
humble,hum
humblebrag,humble
humbleness,humble
humbler,humble
humbucker,hum
humbuggable,humbug
humbugger,humbug
humbuggery,humbug
humdrumness,humdrum
humdudgeon,hum
humidification,humid
humidify,humid
humidistat,humid
humidity,humid
humidness,humid
hummable,hum
hummer,hum
humming,hum
hummocky,hummock
humoral,humor
humoralism,humoral
humoralist,humoral
humorful,humor
humorist,humor
humoristic,humorist
humorless,humor
humorlessness,humorless
humorous,humor
humorousness,humorous
humorsome,humor
humorsomeness,humorsome
humourful,humour
humourless,humour
humoursome,humour
humpback,hump
humpbacked,hump
humper,hump
humpless,hump
humplike,hump
humpy,hump
humusy,humus
hunchbacked,hunch
hundreder,hundred
hundredfold,hundred
hundredth,hundred
hundredweight,hundred
hungerful,hunger
hungerly,hunger
hunky,hunk
huntable,hunt
hunter,hunt
hunting,hunt
huntsman,hunt
huntsmanship,huntsman
hurdler,hurdle
hurler,hurl
hurriedness,hurried
hurter,hurt
hurtful,hurt
hurtfulness,hurtful
hurtle,hurt
hurtless,hurt
hurtlessness,hurtless
husbandage,husband
husbander,husband
husbandland,husband
husbandless,husband
husbandlike,husband
husbandly,husband
husbandman,husband
husbandry,husband
hushaby,hush
husher,hush
hushful,hush
hushy,hush
husker,husk
husklike,husk
husky,husk
hustler,hustle
hutlike,hut
hutment,hut
hyacinthine,hyacinth
hyalinise,hyalin
hyalinization,hyalin
hybridisation,hybrid
hybridise,hybrid
hybridiser,hybridise
hybridism,hybrid
hybridist,hybrid
hybridity,hybrid
hybridization,hybrid
hybridize,hybrid
hybridizer,hybridize
hybridoma,hybrid
hydatidiform,hydatid
hydraulicking,hydraulic
hydrocolloidal,hydrocolloid
hydrogenase,hydrogen
hydrogenate,hydrogen
hydrogenise,hydrogen
hydrogenize,hydrogen
hydrogenolysis,hydrogen
hydrogenous,hydrogen
hydrograph,hydro
hydroid,hydro
hydrology,hydro
hydrolyser,hydrolyse
hydrolyzer,hydrolyze
hydromancy,hydro
hydromania,hydro
hydromedusan,hydromedusa
hydrometric,hydro
hydrometry,hydro
hydromorphic,hydro
hydronaut,hydro
hydronic,hydro
hydrophile,hydro
hydrophilicity,hydrophilic
hydrophilite,hydro
hydrophilous,hydro
hydrophobia,hydro
hydrophobicity,hydrophobic
hydrophone,hydro
hydrophyte,hydro
hydroscope,hydro
hydrosolic,hydrosol
hydrosomal,hydrosoma
hydrosphere,hydro
hydrostat,hydro
hydrotactic,hydro
hydrotropic,hydro
hydrotropism,hydro
hydroxybutyrate,hydroxy
hydroxylase,hydroxyl
hydroxylate,hydroxyl
hydroxylation,hydroxyl
hydroxylic,hydroxyl
hydroxyproline,hydroxy
hygroscopicity,hygroscopic
hylicism,hylic
hylicist,hylic
hymenal,hymen
hymenoplasty,hymen
hymenopteran,hymenoptera
hymnbook,hymn
hymnic,hymn
hymnist,hymn
hymnless,hymn
hymnlike,hymn
hymnography,hymn
hymnology,hymn
hyoidal,hyoid
hyoidean,hyoid
hypalgia,hyp
hyperboloidal,hyperboloid
hypercalcemia,hyper
hypercalcemic,hyper
hypercapnia,hyper
hyperglycemia,hyper
hyperinsulinism,hyper
hyperlipidaemia,hyper
hyperlipidemia,hyper
hypermodernist,hypermodern
hyperopia,hyper
hyperphagia,hyper
hyperphagic,hyper
hyperploid,hyper
hyperploidy,hyper
hyperpnea,hyper
hyperpnoea,hyper
hypersonics,hypersonic
hyperthermic,hyper
hyperthymia,hyper
hypertonicity,hypertonic
hyperuricaemia,hyper
hyperuricemia,hyper
hypester,hype
hyphal,hypha
hyphenate,hyphen
hyphenation,hyphen
hyphenic,hyphen
hyphenism,hyphen
hyphenize,hyphen
hyphenless,hyphen
hypnoidal,hypnoid
hypnotizer,hypnotize
hypoblast,hypo
hypoblastic,hypoblast
hypocalcemia,hypo
hypocalcemic,hypo
hypochondriacal,hypochondriac
hypocotylous,hypocotyl
hypocycloidal,hypocycloid
hypoderm,hypo
hypoderma,hypo
hypogenic,hypo
hypoglycemia,hypo
hypognathism,hypo
hypognathous,hypo
hypokalemic,hypo
hypomagnesemia,hypo
hypomania,hypo
hypomorph,hypo
hyponasty,hypo
hyponym,hyp
hyponymy,hyponym
hypoplasia,hypo
hypoploid,hypo
hypopnea,hypo
hypostasis,hypo
hypothesise,hypothesis
hypothesist,hypothesis
hypothesizer,hypothesize
hypotonicity,hypotonic
hysterical,hysteric
hystericky,hysteric
iambist,iamb
iatrogenicity,iatrogenic
iceball,ice
iceblink,ice
iceboat,ice
iceboater,iceboat
iceboating,ice
icebound,ice
icebox,ice
icebreaker,ice
icebreaking,ice
icefish,ice
icehouse,ice
iceless,ice
icelike,ice
icemaker,ice
iceman,ice
icer,ice
icescape,ice
icestone,ice
ichorous,ichor
ichthyoidal,ichthyoid
ichthyological,ichthyologic
icicled,icicle
iconical,icon
iconify,icon
iconise,icon
iconize,icon
idant,id
ideaed,idea
ideal,idea
idealess,idea
idealism,ideal
idealist,ideal
idealistic,ideal
ideality,ideal
idealize,ideal
idealizer,idealize
idealless,ideal
idealness,ideal
ideate,idea
ideational,ideation
idempotency,idem
idempotent,idem
identical,identic
identicalness,identical
ideogrammatic,ideogram
ideogrammic,ideogram
idioblastic,idioblast
idiolectal,idiolect
idiolectic,idiolect
idiomatical,idiomatic
idiomaticness,idiomatic
idiotcy,idiot
idiotic,idiot
idiotical,idiotic
idiotish,idiot
idiotism,idiot
idlehood,idle
idleness,idle
idler,idle
idolatry,idol
idolise,idol
idoliser,idolise
idolism,idol
idolist,idol
idolize,idol
idolizer,idolize
idoloclast,idol
idylist,idyl
idyllian,idyll
idyllic,idyll
idyllist,idyll
iffy,if
igniter,ignite
ignobleness,ignoble
ignorantness,ignorant
ignorer,ignore
illegalisation,illegal
illegalise,illegal
illegality,illegal
illegalize,illegal
illiberalise,illiberal
illiberalism,illiberal
illiberality,illiberal
illiberalize,illiberal
illiberalness,illiberal
illicitness,illicit
illiquidity,illiquid
illness,ill
illocutionary,illocution
illth,ill
illuminer,illumine
illusional,illusion
illusionary,illusion
illusioned,illusion
illusionism,illusion
illusionist,illusion
illusionistic,illusion
illusiveness,illusive
illustrational,illustration
illustriousness,illustrious
illy,ill
imageable,image
imageless,image
imager,image
imagery,image
imaginational,imagination
imaginer,imagine
imagistic,imagist
imamate,imam
imbalmer,imbalm
imbiber,imbibe
imbibitional,imbibition
imbruement,imbrue
imbuement,imbue
imitableness,imitable
imitational,imitation
immanentism,immanent
immanentist,immanent
immanentistic,immanent
immaterialism,immaterial
immaterialist,immaterial
immateriality,immaterial
immaterialize,immaterial
immaterialness,immaterial
immatureness,immature
immediateness,immediate
immenseness,immense
immerser,immerse
immersionism,immersion
immersionist,immersion
immigrational,immigration
imminentness,imminent
immobiliser,immobilise
immobilizer,immobilize
immoderateness,immoderate
immodesty,immodest
immoralism,immoral
immoralist,immoral
immortalisation,immortal
immortalise,immortal
immortality,immortal
immortalization,immortal
immortalize,immortal
immortalizer,immortalize
immovableness,immovable
immunizer,immunize
immunoassayable,immunoassay
immunogenicity,immunogenic
immurement,immure
impacter,impact
impactful,impact
impactite,impact
impactive,impact
impairable,impair
impairer,impair
impairment,impair
impalement,impale
impaler,impale
impanelment,impanel
impartable,impart
impartation,impart
imparter,impart
impartialness,impartial
impartible,impart
impartment,impart
impassibleness,impassible
impassionedness,impassioned
impastoed,impasto
impeachable,impeach
impeacher,impeach
impeachment,impeach
impeder,impede
impedimental,impediment
impeller,impel
imperatorship,imperator
imperfectness,imperfect
imperialism,imperial
imperialist,imperial
imperialistic,imperial
imperiality,imperial
imperialize,imperial
imperialness,imperial
imperilment,imperil
impersonalise,impersonal
impersonality,impersonal
impersonalize,impersonal
impingement,impinge
impinger,impinge
impiousness,impious
impish,imp
impishness,impish
implacableness,implacable
implantable,implant
implanter,implant
impleader,implead
implemental,implement
implementation,implement
implementer,implement
implementor,implement
implicitness,implicit
implicity,implicit
implorer,implore
impoliteness,impolite
impoliticness,impolitic
importability,import
importable,import
importance,import
important,import
importation,import
importer,import
importuner,importune
imposer,impose
imposingness,imposing
impotentness,impotent
impoundable,impound
impoundage,impound
impounder,impound
impoundment,impound
impoverisher,impoverish
impoverishment,impoverish
impracticality,impractical
impression,impress
impressionable,impression
imprinter,imprint
imprisonable,imprison
imprisoner,imprison
imprisonment,imprison
improperness,improper
improvement,improve
improver,improv
improvisational,improvisation
improviser,improvise
impudentness,impudent
impugnable,impugn
impugnation,impugn
impugner,impugn
impugnment,impugn
impulsiveness,impulsive
impureness,impure
imputableness,imputable
imputer,impute
inalienableness,inalienable
inaneness,inane
inanimateness,inanimate
inaptness,inapt
inattentiveness,inattentive
inauthenticity,inauthentic
inbound,in
inbox,in
inbreeder,inbreed
inburst,in
incandescence,incandesce
incantational,incantation
incapableness,incapable
incasement,incase
incautiousness,incautious
incensement,incense
incenser,incense
incestuous,incest
incher,inch
inchmeal,inch
inchoateness,inchoate
inchworm,inch
incidental,incident
incisiveness,incisive
incitement,incite
inciter,incite
inclinableness,inclinable
inclinational,inclination
incliner,incline
incloser,inclose
includedness,included
incoherentness,incoherent
incombustible,in
incoming,in
incomparable,in
incompleteness,incomplete
incorporeality,incorporeal
incorrectness,incorrect
incorruptness,incorrupt
increaseful,increase
increaser,increase
incredibleness,incredible
incredulousness,incredulous
incremental,increment
incrementalism,incremental
incrementalist,incremental
incross,in
incrustant,incrust
incrustment,incrust
incubational,incubation
inculpableness,inculpable
incumbrancer,incumbrance
incurableness,incurable
incuriousness,incurious
incurrable,incur
indebtedness,indebted
indecency,in
indecisiveness,indecisive
indecorousness,indecorous
indeed,in
indeedy,indeed
indefiniteness,indefinite
indentation,indent
indenter,indent
indention,indent
indentureship,indenture
indescribable,in
indexable,index
indexal,index
indexer,index
indexical,index
indexless,index
indicational,indication
indictable,indict
indictee,indict
indicter,indict
indictor,indict
indignity,indign
indigoid,indigo
indirection,indirect
indirectness,indirect
indiscernible,in
indisposedness,indisposed
indistinctness,indistinct
inditement,indite
inditer,indite
individualise,individual
individualism,individual
individualist,individual
individualistic,individual
individuality,individual
individualize,individual
individualizer,individualize
indivisibleness,indivisible
indometacin,in
indoors,in
indorsee,indorse
indorsement,indorse
indubitableness,indubitable
inducement,induce
inducer,induce
inductance,induct
inductee,induct
induction,induct
inductional,induction
indulger,indulge
industrialise,industrial
industrialism,industrial
industrialist,industrial
industrywide,industry
indweller,indwell
ineffableness,ineffable
ineffectuality,ineffectual
ineffectualness,ineffectual
ineptitude,inept
ineptness,inept
inerrableness,inerrable
inertial,inertia
inertness,inert
inevitableness,inevitable
inexactness,inexact
inexcusableness,inexcusable
inexorableness,inexorable
inexpertness,inexpert
inexpiableness,inexpiable
inexpressibles,inexpressible
inexpugnable,in
infallibleness,infallible
infamousness,infamous
infanthood,infant
infanticide,infant
infantile,infant
infantryman,infantry
infarcted,infarct
infarction,infarct
infaunal,infauna
infeasibleness,infeasible
infecter,infect
infection,infect
infectious,infect
infectiousness,infectious
infective,infect
infector,infect
inferable,infer
inference,infer
inferiority,inferior
infernality,infernal
inferrable,infer
inferrer,infer
infestation,infest
infester,infest
infidelity,infidel
infielder,infield
infighter,infight
infill,in
infilling,infill
infiniteness,infinite
infirmity,infirm
infirmness,infirm
infixation,infix
infixion,infix
inflamer,inflame
inflammableness,inflammable
inflatedness,inflated
inflater,inflate
inflationary,inflation
inflationism,inflation
inflationist,inflation
inflectable,inflect
inflectedness,inflected
inflectional,inflection
inflectionless,inflection
inflective,inflect
inflexibleness,inflexible
inflexionless,inflexion
inflictable,inflict
inflicter,inflict
infliction,inflict
inflictive,inflict
inflictor,inflict
inflowing,inflow
influenceable,influence
influencer,influence
influenzal,influenza
infomania,info
informality,informal
informant,inform
information,inform
informational,information
informative,inform
informatory,inform
informer,inform
infosphere,info
infotech,info
infralapsarian,infra
infrangibleness,infrangible
infringement,infringe
infringer,infringe
infuser,infuse
infusionism,infusion
infusionist,infusion
infusorial,infusoria
infusorian,infusoria
ingate,in
ingatherer,ingather
ingenious,in
ingeniousness,ingenious
ingenuousness,ingenuous
ingestible,ingest
ingestion,in
ingestive,ingest
inglenook,ingle
ingloriousness,inglorious
ingoing,in
ingrainedness,ingrained
ingrainer,ingrain
ingrateful,ingrate
ingrately,ingrate
ingression,ingress
ingressive,ingress
ingrownness,ingrown
ingulfment,ingulf
inhabitability,inhabit
inhabitable,inhabit
inhabitancy,inhabit
inhabitant,inhabit
inhabitation,inhabit
inhabiter,inhabit
inhabitor,inhabit
inhalational,inhalation
inhaler,inhale
inheritability,inherit
inheritable,inherit
inheritance,inherit
inheritor,inherit
inhibin,in
inhibitable,inhibit
inhibitedly,inhibited
inhibiter,inhibit
inhibition,inhibit
inhibitive,inhibit
inhibitor,inhibit
inhibitory,inhibit
inhumanity,inhuman
inhumanness,inhuman
inhumer,inhume
inimicality,inimical
inimicalness,inimical
initialer,initial
initialism,initial
initialize,initial
initialness,initial
injectable,inject
injection,inject
injector,inject
injudiciousness,injudicious
injurer,injure
injuriousness,injurious
inkberry,ink
inkblot,ink
inker,ink
inkholder,ink
inkhorn,ink
inkjet,ink
inkless,ink
inklike,ink
inkpot,ink
inkspot,ink
inkstain,ink
inkstand,ink
inkstone,ink
inkwood,ink
inky,ink
inlander,inland
inlayer,inlay
inlier,in
inly,in
inmate,in
innage,in
innateness,innate
innerly,inner
innermost,inner
innerness,inner
innerspring,inner
innerwear,inner
innkeeper,inn
innless,inn
innovational,innovation
innovationist,innovation
innyard,inn
inputter,input
inquirer,inquire
inquisitional,inquisition
inquisitionist,inquisition
inquisitiveness,inquisitive
inroad,in
inrun,in
insaneness,insane
insatiableness,insatiable
insatiateness,insatiate
inscape,in
inscriber,inscribe
inscriptional,inscription
inscrutableness,inscrutable
insectan,insect
insectarium,insect
insecticide,insect
insectiform,insect
insectifuge,insect
insectivore,insect
insectivorous,insect
insectology,insect
insecureness,insecure
insensibleness,insensible
inseparableness,inseparable
insertable,insert
inserter,insert
insertion,insert
insertional,insertion
insider,inside
insightful,insight
insipidity,insipid
insipidness,insipid
insistence,insist
insister,insist
insnarer,insnare
insole,in
insoluble,in
insolubleness,insoluble
insomniac,insomnia
insomuch,in
insooth,in
inspan,in
inspect,in
inspectable,inspect
inspection,inspect
inspectional,inspection
inspector,inspect
inspectorate,inspector
inspectorship,inspector
inspirational,inspiration
inspirationism,inspiration
inspirationist,inspiration
inspirer,inspire
inspiriter,inspirit
installation,install
installer,install
installment,install
instantness,instant
instatement,instate
instead,in
instiller,instill
instillment,instill
instilment,instil
instinctive,instinct
instinctual,instinct
instituter,institute
institutional,institution
institutionary,institution
instroke,in
instructible,instruct
instruction,instruct
instructional,instruction
instructive,instruct
instructor,instruct
instructorship,instructor
instrumental,instrument
instrumentalism,instrumental
instrumentalist,instrumental
instrumentality,instrumental
instrumentation,instrument
insularism,insular
insularity,insular
insulin,in
insulinase,insulin
insultable,insult
insulter,insult
insultment,insult
insurancer,insurance
insurer,insure
insurrectional,insurrection
insurrectionary,insurrection
insurrectionism,insurrection
insurrectionist,insurrection
intactness,intact
integrality,integral
integrationist,integration
integumental,integument
integumentary,integument
intellected,intellect
intellectualism,intellectual
intellectualist,intellectual
intellectuality,intellectual
intellectualize,intellectual
intelligencer,intelligence
intemerateness,intemerate
intemperateness,intemperate
intender,intend
intendment,intend
intenseness,intense
intensional,intension
intensionality,intensional
intensiveness,intensive
intention,intent
intentional,intention
intentionality,intentional
intentioned,intention
intentness,intent
interactant,interact
interactional,interaction
interactionism,interaction
interactionist,interaction
interallelic,inter
interceder,intercede
interceptive,intercept
interceptor,intercept
intercessional,intercession
interchangeable,interchange
interchangement,interchange
interchanger,interchange
interdictive,interdict
interdictor,interdict
interdictory,interdict
interestedness,interested
interestingness,interesting
interference,interfere
interferer,interfere
interiority,interior
interiorization,interior
interiorize,interior
interjectional,interjection
interjectionary,interjection
interjector,interject
interjectory,interject
interleukin,in
interliner,interline
interlocker,interlock
intermeddler,intermeddle
interment,inter
intermitter,intermit
internal,intern
internalise,internal
internality,internal
internalization,internal
internalize,internal
internalness,internal
internee,intern
interneuronal,interneuron
internist,intern
internment,intern
internship,intern
interpleader,interplead
interposer,interpose
interpretable,interpret
interpretation,interpret
interpreter,interpret
interpretership,interpreter
interrailer,interrail
interregional,inter
interrogatee,interrogate
interrogational,interrogation
interrupter,interrupt
interruptible,interrupt
interruptive,interrupt
interscribe,inter
intersection,intersect
intersectional,intersection
intersexualism,intersexual
intertwinement,intertwine
intervalometer,interval
intervener,intervene
interventional,intervention
interventionism,intervention
interventionist,intervention
interviewee,interview
interviewer,interview
interweavement,interweave
interweaver,interweave
intimal,intima
intimateness,intimate
intimater,intimate
into,in
intoed,in
intonational,intonation
intoner,intone
intown,in
intoxicate,in
intransigentism,intransigent
intransigentist,intransigent
intrapreneur,intra
intrathecal,intra
intravasation,intra
intrepidity,intrepid
intrepidness,intrepid
intricateness,intricate
intriguer,intrigue
intrinsicality,intrinsical
intrinsicalness,intrinsical
introducer,introduce
intromitter,intromit
intronic,intron
introspection,introspect
introspectional,introspection
intruder,intrude
intrusional,intrusion
intrusionist,intrusion
intuitable,intuit
intuition,intuit
intuitional,intuition
intuitionalism,intuitional
intuitionalist,intuitional
intuitionism,intuition
intuitionist,intuition
inulin,in
inuredness,inured
inurement,inure
inurnment,inurn
invader,invade
invalidate,invalid
invalidhood,invalid
invalidism,invalid
invalidity,invalid
invalidness,invalid
invasiveness,invasive
inveigher,inveigh
inveiglement,inveigle
inveigler,inveigle
inventable,invent
inventer,invent
inventible,invent
invention,invent
inventional,invention
inventor,invent
invertase,invert
inverter,invert
invertible,invert
invertin,in
invertor,invert
investable,invest
investible,invest
investigational,investigation
investment,invest
investor,invest
inveterateness,inveterate
invigorant,in
inviolableness,inviolable
invisibleness,invisible
invitational,invitation
invitee,invite
invitement,invite
inviter,invite
invitingness,inviting
invocational,invocation
invoker,invoke
involucellate,involucel
involutional,involution
involvement,involve
involver,involve
inward,in
inwardness,inward
inwards,in
iodizer,iodize
ionic,ion
ionicity,ionic
ionise,ion
ioniser,ionise
ionize,ion
ionizer,ionize
ionophore,ion
iotacism,iota
iracundity,iracund
irateness,irate
ireful,ire
irefulness,ireful
irenical,irenic
irenicism,irenic
irenics,irenic
iridal,irid
iridic,irid
irisate,iris
irksome,irk
irksomeness,irksome
ironbark,iron
ironbound,iron
ironclad,iron
ironer,iron
ironhanded,iron
ironical,ironic
ironicalness,ironical
ironless,iron
ironlike,iron
ironman,iron
ironmaster,iron
ironmonger,iron
ironness,iron
ironsmith,iron
ironstone,iron
ironware,iron
ironweed,iron
ironwoman,iron
ironwood,iron
ironwork,iron
ironworker,iron
irony,iron
irrationalism,irrational
irrationalist,irrational
irrationalistic,irrational
irrationality,irrational
irrationalize,irrational
irrationalness,irrational
irregularity,irregular
irreligiousness,irreligious
irreparableness,irreparable
irrigational,irrigation
irritableness,irritable
irritatedly,irritated
isallobaric,isallobar
isatinic,isatin
islander,island
isleless,isle
isleman,isle
islesman,isle
islet,isle
isleted,islet
isoantigenic,isoantigen
isobaric,isobar
isobathic,isobath
isobutylene,isobutyl
isochasmic,isochasm
isocheimal,isocheim
isocline,iso
isocracy,iso
isodont,is
isogametic,iso
isogenic,iso
isogenous,iso
isogeny,iso
isoglossal,isogloss
isoglossic,isogloss
isogon,iso
isogonal,isogon
isogonic,isogon
isograph,iso
isohyetal,isohyet
isoimmunization,iso
isokont,iso
isolationism,isolation
isolationist,isolation
isologue,iso
isomer,iso
isomerase,isomer
isomeric,isomer
isomerisation,isomer
isomerism,isomer
isomerization,isomer
isomerize,isomer
isomerous,iso
isometropia,iso
isometry,iso
isomorph,iso
isomorphism,iso
isonomy,iso
isoplethic,isopleth
isopodous,isopod
isothermal,isotherm
isotonicity,isotonic
isotope,iso
isotron,iso
isotropic,iso
isotropy,iso
issueless,issue
issuer,issue
italicise,italic
italicization,italic
italicize,italic
itching,itch
itchweed,itch
itchy,itch
itemise,item
itemiser,itemise
itemization,item
itemize,item
itemizer,itemize
its,it
itself,it
ivorybill,ivory
ivorylike,ivory
ivyleaf,ivy
ivylike,ivy
jabber,jab
jabberer,jabber
jackass,jack
jackassery,jackass
jackdaw,jack
jackeen,jack
jacker,jack
jacketless,jacket
jackfish,jack
jacklight,jack
jackman,jack
jackscrew,jack
jackshaft,jack
jacksmith,jack
jacksnipe,jack
jackstaff,jack
jackstay,jack
jackstone,jack
jadedness,jaded
jadeite,jade
jadelike,jade
jadishness,jadish
jaggedness,jagged
jagger,jag
jagless,jag
jailable,jail
jailbait,jail
jailbird,jail
jailbreak,jail
jailbreaker,jailbreak
jailer,jail
jaileress,jailer
jailhouse,jail
jailless,jail
jailor,jail
jailoress,jailor
jalapin,jalap
jalousied,jalousie
jamlike,jam
jammable,jam
jammer,jam
jammy,jam
jampot,jam
jangler,jangle
janitorial,janitor
janitorship,janitor
japanner,japan
japer,jape
japery,jape
jarful,jar
jargoneer,jargon
jargonisation,jargon
jargonise,jargon
jargonish,jargon
jargonist,jargon
jargonistic,jargon
jargonize,jargon
jargony,jargon
jarhead,jar
jarkman,jark
jarring,jar
jasperize,jasper
jasperous,jasper
jasperware,jasper
jaspery,jasper
jawboner,jawbone
jawbox,jaw
jawbreaking,jaw
jawfall,jaw
jawhole,jaw
jawless,jaw
jawlike,jaw
jawline,jaw
jaybird,jay
jaywalk,jay
jaywalking,jay
jazzer,jazz
jazzman,jazz
jazzy,jazz
jealousness,jealous
jealousy,jealous
jeaned,jean
jeanswear,jeans
jeerer,jeer
jeezly,jeez
jejuneness,jejune
jellyfish,jelly
jellygraph,jelly
jellylike,jelly
jeoparder,jeopard
jerker,jerk
jerkinhead,jerkin
jerkwater,jerk
jerky,jerk
jerrycan,jerry
jerseyed,jersey
jestbook,jest
jestee,jest
jester,jest
jestful,jest
jetbead,jet
jetfoil,jet
jetlike,jet
jetliner,jet
jetport,jet
jettisonable,jettison
jetty,jet
jetway,jet
jeweler,jewel
jewelfish,jewel
jewellery,jewel
jewellike,jewel
jewelweed,jewel
jibber,jib
jiber,jibe
jigger,jig
jiggermast,jigger
jiggish,jig
jiggle,jig
jiggy,jig
jiglike,jig
jihadi,jihad
jihadism,jihad
jihadist,jihad
jillflirt,jill
jillionth,jillion
jilter,jilt
jimpness,jimp
jimpy,jimp
jingler,jingle
jinglet,jingle
jingoish,jingo
jingoism,jingo
jingoist,jingo
jingoistic,jingo
jitterbug,jitter
jittery,jitter
jiver,jive
jivey,jive
jobber,job
jobbery,job
jobbie,job
jobholder,job
jobless,job
joblessness,jobless
jobname,job
jobseeker,job
jobshare,job
jobsworth,job
jockdom,jock
jockette,jock
jockey,jock
jockeyism,jockey
jockeyship,jockey
jockish,jock
jocky,jock
jocoseness,jocose
jocularity,jocular
jocundity,jocund
jocundness,jocund
jogger,jog
jogging,jog
joggle,jog
joggler,joggle
jogpants,jog
jogtrot,jog
joinable,join
joiner,join
joinery,joiner
jointedness,jointed
jointer,joint
jointless,joint
jointness,joint
jointuress,jointure
jointweed,joint
jointworm,joint
joker,joke
jokesmith,joke
jokesome,joke
jokester,joke
jokey,joke
joller,jol
jolleyer,jolley
jolter,jolt
jolting,jolt
jolty,jolt
josher,josh
jostlement,jostle
jostler,jostle
jotter,jot
jotty,jot
journalese,journal
journalise,journal
journaliser,journalise
journalism,journal
journalist,journal
journalistic,journal
journalization,journal
journalize,journal
journalizer,journalize
journeyer,journey
journeyman,journey
journeywork,journey
jouster,joust
jovialness,jovial
jowler,jowl
jowly,jowl
joyance,joy
joyful,joy
joyfulness,joyful
joyless,joy
joylessness,joyless
joyousness,joyous
joypad,joy
joypop,joy
joypopper,joypop
joyride,joy
joyrider,joyride
juddery,judder
judgeable,judge
judgeless,judge
judgelike,judge
judgemental,judgement
judger,judge
judgeship,judge
judgmental,judgment
judiciousness,judicious
judogi,judo
judoist,judo
jugful,jug
juggler,juggle
jughead,jug
juglet,jug
juicehead,juice
juiceless,juice
juicer,juice
jujuism,juju
jujuist,juju
jukebox,juke
jumbler,jumble
jumboise,jumbo
jumboize,jumbo
jumpable,jump
jumper,jump
jumpshot,jump
jumpsuit,jump
jumpy,jump
junctional,junction
jungled,jungle
junglelike,jungle
juniority,junior
junker,junk
junkerdom,junker
junketeer,junket
junketer,junket
junkie,junk
junkman,junk
junky,junk
junkyard,junk
juridical,juridic
jurisdictional,jurisdiction
juryless,jury
juryman,jury
jurymast,jury
jurywoman,jury
juster,just
justicer,justice
justiceship,justice
justiciarship,justiciar
justify,just
justness,just
jutelike,jute
juvenileness,juvenile
juxtapositional,juxtaposition
kailyard,kail
kaiserdom,kaiser
kaisership,kaiser
kaolinic,kaolin
kaolinite,kaolin
kaolinize,kaolin
kaolinosis,kaolin
kaonic,kaon
karateist,karate
karstic,karst
karstification,karst
karstify,karst
karter,kart
karting,kart
kayaker,kayak
kayaking,kayak
keeker,keek
keelage,keel
keelboat,keel
keeler,keel
keelhauling,keelhaul
keelless,keel
keelman,keel
keener,keen
keening,keen
keenness,keen
keeno,keen
keepable,keep
keeper,keep
keeperless,keeper
keepership,keeper
keepnet,keep
kegger,keg
keloidal,keloid
kelper,kelp
kelpfish,kelp
kemper,kemp
kendoist,kendo
kennelman,kennel
kenner,ken
kenning,ken
keratinisation,keratin
keratinise,keratin
keratinization,keratin
keratinize,keratin
keratinophilic,keratin
keratinous,keratin
kerbside,kerb
kerbstone,kerb
kermesite,kermes
kernelly,kernel
kernicterus,kern
kerning,kern
kernish,kern
kernite,kern
ketogenesis,keto
ketonemia,ketone
ketose,keto
ketosis,keto
kettlebell,kettle
kettledrum,kettle
kettledrummer,kettledrum
kettleful,kettle
keyboard,key
keyboarder,keyboard
keyboarding,keyboard
keyboardist,keyboard
keybutton,key
keycard,key
keyer,key
keyframe,key
keyhole,key
keyless,key
keyline,key
keylogging,key
keynote,key
keynoter,keynote
keypad,key
keypal,key
keypress,key
keypunch,key
keypuncher,keypunch
keyring,key
keyset,key
keystone,key
keystroke,key
keyway,key
keyword,key
keyworker,key
khanate,khan
kibbitzer,kibbitz
kibbutznik,kibbutz
kibitzer,kibitz
kickable,kick
kickabout,kick
kickaround,kick
kickball,kick
kickboard,kick
kickbox,kick
kicker,kick
kickflip,kick
kickplate,kick
kicksorter,kick
kickstand,kick
kicky,kick
kidder,kid
kiddie,kid
kiddish,kid
kiddo,kid
kiddy,kid
kidlet,kid
kidlike,kid
kidling,kid
kidlit,kid
kidnappee,kidnap
kidnapper,kidnap
kidneylike,kidney
kidology,kid
kidskin,kid
kidvid,kid
killable,kill
killcow,kill
killcrop,kill
killer,kill
killing,kill
killjoy,kill
kiltlike,kilt
kimonoed,kimono
kinder,kind
kindhearted,kind
kindheartedness,kindhearted
kindler,kindle
kindless,kind
kindly,kind
kindness,kind
kindred,kin
kindredness,kindred
kindredship,kindred
kinematical,kinematic
kineticist,kinetic
kinfolk,kin
king,kin
kingbird,king
kingbolt,king
kingcraft,king
kingcup,king
kingdom,king
kingdomed,kingdom
kingdomless,kingdom
kingfish,king
kingfisher,king
kinghood,king
kingless,king
kinglet,king
kinglike,king
kingling,king
kingly,king
kingmaker,king
kingpin,king
kingship,king
kingside,king
kingsnake,king
kingwood,king
kinkle,kink
kinky,kink
kinless,kin
kinsfolk,kin
kinship,kin
kinsman,kin
kinswoman,kin
kipperer,kipper
kipskin,kip
kirkman,kirk
kirkton,kirk
kirkyard,kirk
kirtled,kirtle
kismetic,kismet
kissable,kiss
kisser,kiss
kissing,kiss
kissy,kiss
kistful,kist
kitbag,kit
kitchenalia,kitchen
kitchendom,kitchen
kitchener,kitchen
kitchenet,kitchen
kitchenette,kitchen
kitchenmaid,kitchen
kitchenware,kitchen
kiteboard,kite
kitelike,kite
kiter,kite
kitesurfer,kite
kitesurfing,kite
kitschness,kitsch
kitschy,kitsch
kitset,kit
kittenish,kitten
kitteny,kitten
kittle,kit
kitty,kit
klephtic,klepht
klephtism,klepht
klutzy,klutz
knackish,knack
knacky,knack
knaggy,knag
knapper,knap
knarly,knarl
knarry,knar
knavery,knave
knaveship,knave
knavishness,knavish
kneadable,knead
kneader,knead
kneeboard,knee
kneecap,knee
kneehole,knee
kneel,knee
kneeler,kneel
kneelike,knee
kneepan,knee
kneepiece,knee
kneeroom,knee
kneesies,knee
knickerbockers,knickerbocker
knickered,knicker
knifeless,knife
knifelike,knife
knifeman,knife
knifepoint,knife
knifer,knife
knightage,knight
knighthead,knight
knighthood,knight
knightless,knight
knightly,knight
knitbone,knit
knittable,knit
knitter,knit
knitting,knit
knitwear,knit
knobber,knob
knobble,knob
knobby,knob
knoblike,knob
knobstick,knob
knockdown,knock
knocker,knock
knoller,knoll
knolly,knoll
knopped,knop
knotgrass,knot
knothead,knot
knothole,knot
knotless,knot
knotlike,knot
knotter,knot
knotty,knot
knotweed,knot
knotwork,knot
knowable,know
knowableness,knowable
knower,know
knowing,know
knowingness,knowing
knowledgeable,knowledge
known,know
knuckleball,knuckle
knuckleballer,knuckleball
knucklebone,knuckle
knucklehead,knuckle
knuckleheaded,knuckle
knuckler,knuckle
knurl,knur
knurly,knurl
kooky,kook
kowtower,kowtow
krautrock,kraut
kryptonite,krypton
kvetcher,kvetch
kvetchy,kvetch
kymographic,kymograph
labelable,label
labeler,label
labeller,label
labelmate,label
labialisation,labial
labialism,labial
labiality,labial
labialization,labial
laborer,labor
laborious,labor
laborist,labor
labourer,labour
labourism,labour
labourist,labour
labourite,labour
laboursome,labour
labradorite,labrador
labret,la
labyrinthal,labyrinth
labyrinthian,labyrinth
labyrinthic,labyrinth
labyrinthine,labyrinth
labyrinthitis,labyrinth
laccolithic,laccolith
lacebark,lace
laceless,lace
lacelike,lace
lacemaker,lace
lacemaking,lace
lacer,lace
lacewing,lace
lacewood,lace
lacework,lace
laciniate,la
lacker,lack
lackland,lack
lackluster,lack
lacklustre,lack
laconicism,laconic
lacquerer,lacquer
lacquerware,lacquer
lacquerwork,lacquer
lactational,lactation
lactiferousness,lactiferous
lactose,la
lacunal,lacuna
lacunar,lacuna
lacunary,lacuna
ladderlike,ladder
ladderproof,ladder
laddery,ladder
laddie,lad
laddish,lad
laddishness,laddish
laddism,lad
laddy,lad
lader,lade
ladhood,lad
ladieswear,ladies
ladleful,ladle
ladler,ladle
ladybird,lady
ladyboy,lady
ladybug,lady
ladyfinger,lady
ladyfish,lady
ladyfy,lady
ladyhood,lady
ladyish,lady
ladyism,lady
ladykin,lady
ladylike,lady
ladylikeness,ladylike
ladylove,lady
ladyship,lady
lagerphone,lager
laggard,lag
laggardly,laggard
laggardness,laggard
lagger,lag
lagomorphous,lagomorph
lagoonal,lagoon
laicise,laic
laicism,laic
laicity,laic
laicization,laic
laicize,laic
laiker,laik
lairage,lair
lairdship,laird
lairise,lair
lairize,lair
lakebed,lake
lakefill,lake
lakefront,lake
lakehead,lake
lakeland,lake
lakelet,lake
lakelike,lake
lakeport,lake
laker,lake
lakeshore,lake
lakeside,lake
lakeview,lake
lakeward,lake
lakewards,lake
lamaistic,lama
lamaserai,lama
lambaste,lam
lambdacism,lambda
lamber,lamb
lambie,lamb
lambkill,lamb
lambkin,lamb
lamblike,lamb
lambling,lamb
lambskin,lamb
lambswool,lamb
lamby,lamb
lamebrain,lame
lamebrained,lame
lamellate,lamella
lameness,lame
lamentable,lament
lamentation,lament
lamenter,lament
laminable,lamina
laminal,la
laminarise,laminar
laminarize,laminar
lamister,lam
lampblack,lamp
lampbrush,lamp
lamper,lamp
lampholder,lamp
lamphole,lamp
lamping,lamp
lampless,lamp
lamplighter,lamp
lamplit,lamp
lampooner,lampoon
lampoonery,lampoon
lampoonist,lampoon
lamppost,lamp
lampshade,lamp
lampstand,lamp
lamster,lam
lancelike,lance
lancet,lance
lancewood,lance
landaulet,landau
lander,land
landfall,land
landfast,land
landfill,land
landform,land
landholder,land
landholding,land
landing,land
landlady,land
landless,land
landlessness,landless
landline,land
landlord,land
landlordism,landlord
landlubberly,landlubber
landman,land
landmark,land
landmass,land
landowner,land
landownership,landowner
landowning,land
landrace,land
landrail,land
landscape,land
landscaper,landscape
landshark,land
landside,land
landslide,land
landslip,land
landsman,land
landwaiter,land
landward,land
landwards,land
laneway,lane
langlaufer,langlauf
languageless,language
languidness,languid
languisher,languish
languishment,languish
lankness,lank
lanky,lank
lanneret,lanner
lanternist,lantern
lapboard,lap
lapel,lap
lapeled,lapel
lapelled,lapel
lapful,lap
lapheld,lap
lapidescence,la
lapper,lap
lappet,lap
lapping,lap
lapser,lapse
lapstone,lap
lapstrake,lap
lapwork,lap
larchen,larch
larchwood,larch
lardaceous,lard
larder,lard
larderer,larder
lardlike,lard
lardy,lard
largemouth,large
largen,large
largeness,large
larker,lark
larkish,lark
larksome,lark
larkspur,lark
larky,lark
larrikinism,larrikin
larruper,larrup
laserwort,laser
lasher,lash
lashing,lash
lashless,lash
lassie,lass
lasslorn,lass
lassock,lass
lassoer,lasso
lassy,lass
lastborn,last
laster,last
lastingness,lasting
latchet,latch
latchkey,latch
latchstring,latch
latecomer,late
lated,late
lateener,lateen
lately,late
laten,late
lateness,late
lateralise,lateral
laterality,lateral
lateralize,lateral
latewood,late
lathen,lath
latherer,lather
lathery,lather
lathing,lath
lathlike,lath
lathwork,lath
lathy,lath
latosolic,latosol
latterly,latter
lattermost,latter
latticework,lattice
laudable,laud
laudableness,laudable
lauder,laud
laughable,laugh
laugher,laugh
laughful,laugh
laughing,laugh
laughingstock,laughing
laughsome,laugh
laughworthy,laugh
laughy,laugh
launcher,launch
launderer,launder
launderette,launder
laundryman,laundry
laundrywoman,laundry
laureateship,laureate
lavaform,lava
lavalike,lava
laver,lave
laverbread,laver
lavisher,lavish
lavishment,lavish
lavishness,lavish
lavvy,lav
lawbreaker,law
lawbreaking,law
lawful,law
lawfulness,lawful
lawgiver,law
lawgiving,law
lawing,law
lawless,law
lawlike,law
lawmaker,law
lawmaking,law
lawman,law
lawmonger,law
lawned,lawn
lawnmower,lawn
lawny,lawn
lawsuit,law
lawyer,law
lawyerlike,lawyer
lawyerly,lawyer
laxativeness,laxative
laxism,lax
laxist,lax
laxity,lax
laxness,lax
layabout,lay
layback,lay
layer,lay
layerage,layer
layering,layer
laymanize,layman
layover,lay
layshaft,lay
laystall,lay
laytime,lay
layup,lay
laywoman,lay
lazybones,lazy
lazyish,lazy
leachability,leach
leachable,leach
leachate,leach
leacher,leach
leachy,leach
leaden,lead
leadenness,leaden
leader,lead
leaderboard,leader
leaderette,leader
leaderless,leader
leadership,leader
leading,lead
leadless,lead
leadwork,lead
leady,lead
leafage,leaf
leafbud,leaf
leafcutter,leaf
leafery,leaf
leafhopper,leaf
leafless,leaf
leaflessness,leafless
leaflet,leaf
leafleteer,leaflet
leafleter,leaflet
leaflike,leaf
leafroll,leaf
leafstalk,leaf
leafworm,leaf
leafy,leaf
leaguer,league
leakage,leak
leaker,leak
leakless,leak
leakproof,leak
leaky,leak
leaner,lean
leaning,lean
leanness,lean
leany,lean
leaper,leap
leapfrog,leap
learnability,learn
learnable,learn
learnedness,learned
learner,learn
learning,learn
leaseback,lease
leasehold,lease
leaseholder,lease
leaser,lease
leastwise,least
leatherback,leather
leatherbound,leather
leatherette,leather
leathergoods,leather
leatherhead,leather
leatherjacket,leather
leatherlike,leather
leathern,leather
leatherneck,leather
leatherwood,leather
leatherwork,leather
leathery,leather
leaved,leave
leaver,leave
lecherous,lecher
lecithinase,lecithin
lectorship,lector
lecturer,lecture
lectureship,lecture
ledged,ledge
leechcraft,leech
leechdom,leech
leechlike,leech
leery,leer
leeward,lee
leeway,lee
leftie,left
leftish,left
leftist,left
leftmost,left
leftward,left
leftwardly,leftward
leftwards,left
lefty,left
legalese,legal
legalise,legal
legalism,legal
legalist,legal
legalistic,legal
legality,legal
legalize,legal
legalizer,legalize
legatee,legate
legateship,legate
legationary,legation
legendary,legend
legendist,legend
legendize,legend
legendry,legend
legerdemainist,legerdemain
legerity,leger
legger,leg
leggie,leg
legging,leg
legginged,legging
leggy,leg
leghold,leg
legibleness,legible
legionary,legion
legioned,legion
legionella,legion
legislatorship,legislator
legitimateness,legitimate
legitimizer,legitimize
legless,leg
leglessness,legless
leglet,leg
leglike,leg
legman,leg
legroom,leg
legside,leg
legwear,leg
legwork,leg
leishmanial,leishmania
leisurely,leisure
leisurewear,leisure
lemminglike,lemming
lemonade,lemon
lemonfish,lemon
lemongrass,lemon
lemonish,lemon
lemonlike,lemon
lemonwood,lemon
lemony,lemon
lemurlike,lemur
lemuroid,lemur
lendable,lend
lender,lend
lengthen,length
lengthener,lengthen
lengthful,length
lengthman,length
lengthsman,length
lengthways,length
lengthwise,length
lengthy,length
lensless,lens
lenslike,lens
lensman,lens
lenticellate,lenticel
leopardess,leopard
leopardskin,leopard
leotarded,leotard
leprechaunish,leprechaun
leprosery,leprose
leprousness,leprous
leptonic,lepton
lesbianism,lesbian
lesseeship,lessee
lessen,less
lethality,lethal
lettable,let
letter,let
letterbox,letter
letterer,letter
letterform,letter
letterhead,letter
letterless,letter
letterman,letter
letterpress,letter
letterspacing,letter
leucoblast,leuco
leucocratic,leuco
leucoderma,leuco
leucoplast,leuco
leucosis,leuco
leucotome,leuco
leukorrheal,leukorrhea
levanter,levant
leveler,level
leveller,level
levelness,level
leverage,lever
levitational,levitation
levogyre,levo
lewdness,lewd
lewdster,lewd
lewisite,lewis
lexicality,lexical
lexicalize,lexical
lexicographical,lexicographic
liableness,liable
libational,libation
libationary,libation
libber,lib
libelee,libel
libeler,libel
libelist,libel
libeller,libel
libelous,libel
liberalisation,liberal
liberalise,liberal
liberaliser,liberalise
liberalism,liberal
liberalist,liberal
liberalistic,liberal
liberality,liberal
liberalization,liberal
liberalize,liberal
liberalizer,liberalize
liberalness,liberal
liberationism,liberation
liberationist,liberation
libertarianism,libertarian
librarianship,librarian
librational,libration
licencee,licence
licensee,license
licentiateship,licentiate
lichenin,lichen
lichenism,lichen
lichenist,lichen
lichenoid,lichen
lichenology,lichen
lichenose,lichen
lichenous,lichen
lichway,lich
licitness,licit
licker,lick
lickpenny,lick
lidless,lid
liegedom,liege
liegeless,liege
liegeman,liege
lienable,lien
lienal,lien
lienholder,lien
lienor,lien
lier,lie
lieutenantry,lieutenant
lieutenantship,lieutenant
lifeboat,life
lifeboatman,lifeboat
lifecare,life
lifeful,life
lifeguard,life
lifehack,life
lifehacker,life
lifehold,life
lifeless,life
lifelessness,lifeless
lifelike,life
lifelikeness,lifelike
lifeline,life
lifelong,life
lifer,life
lifesaver,life
lifesaving,life
lifesome,life
lifespan,life
lifestyle,life
lifestyler,lifestyle
lifetime,life
lifeway,life
lifework,life
liftable,lift
liftback,lift
liftboy,lift
lifter,lift
liftgate,lift
liftman,lift
ligamental,ligament
ligamentary,ligament
ligamentous,ligament
ligger,lig
lighten,light
lightener,lighten
lighter,light
lighterage,lighter
lighterman,lighter
lightface,light
lightfaced,light
lightful,light
lighthearted,light
lighthouse,light
lighthouseman,lighthouse
lighting,light
lightish,light
lightless,light
lightly,light
lightness,light
lightplane,light
lightproof,light
lightship,light
lightsome,light
lightwood,light
ligular,ligula
ligulated,ligulate
likableness,likable
likeability,like
likeable,like
likeableness,likeable
likely,like
liken,like
likeness,like
liker,like
likewise,like
liltingness,lilting
lilylike,lily
limberness,limber
limbless,limb
limbmeal,limb
limby,limb
limeade,lime
limekiln,lime
limeless,lime
limelight,lime
limelighter,limelight
limescale,lime
limestone,lime
limewash,lime
limewater,lime
limey,lime
limitable,limit
limitarian,limit
limitation,limit
limitational,limitation
limitedness,limited
limiter,limit
limitless,limit
limner,limn
limnic,limn
limper,limp
limpidness,limpid
limpness,limp
linden,lind
lineable,line
lineage,line
lineal,line
lineality,lineal
lineamental,lineament
linear,line
linearisation,linear
linearise,linear
linearity,linear
linearization,linear
linearize,linear
linebacker,line
linebacking,line
linebreeding,line
linecaster,line
linecasting,line
linecut,line
lineless,line
linelike,line
lineman,line
linemate,line
linen,line
linenfold,linen
lineny,linen
liner,line
linerless,liner
linescore,line
linesman,line
liney,line
lingcod,ling
lingerer,linger
lingering,linger
lingual,lingua
linguister,linguist
linguistic,linguist
linguistician,linguistic
linguistics,linguist
linguistry,linguist
lingular,lingula
lingulated,lingulate
lingy,ling
linisher,linish
linkable,link
linkage,link
linker,link
linkman,link
linkrot,link
linksland,links
linksman,links
linkspan,link
linkster,links
linkup,link
linkwork,link
linky,link
linocut,lino
linotyper,linotype
linseed,lin
lintelled,lintel
linter,lint
linting,lint
lintless,lint
linty,lint
lioness,lion
lionet,lion
lionhead,lion
lionise,lion
lioniser,lionise
lionism,lion
lionize,lion
lionizer,lionize
lionlike,lion
lionly,lion
lipectomy,lip
lipemia,lip
lipidic,lipid
lipidosis,lipid
lipin,lip
lipless,lip
liplike,lip
lipliner,lip
lipochrome,lipo
lipocyte,lipo
lipogenesis,lipo
lipoid,lip
lipoidal,lipoid
lipomatosis,lipoma
lipophilic,lipo
liposome,lipo
lipotropic,lipo
lipotropy,lipo
lippie,lip
lippy,lip
lipread,lip
lipreader,lip
lipstick,lip
lipuria,lip
liquescence,liquesce
liquescent,liquesce
liquidate,liquid
liquidationism,liquidation
liquidationist,liquidation
liquidise,liquid
liquidiser,liquidise
liquidity,liquid
liquidize,liquid
liquidizer,liquidize
liquidness,liquid
liquidy,liquid
lisper,lisp
lissomeness,lissome
lissomness,lissom
listable,list
listee,list
listenability,listen
listenable,listen
listener,listen
listenership,listener
listening,listen
lister,list
listerial,listeria
listful,list
listless,list
liteness,lite
literalise,literal
literaliser,literalise
literalism,literal
literalist,literal
literalistic,literalist
literality,literal
literalization,literal
literalize,literal
literalizer,literalize
literalness,literal
literaryism,literary
literateness,literate
literatured,literature
litheness,lithe
lithesome,lithe
lithic,lith
lithify,lith
lithoclast,litho
lithogenous,litho
lithographic,lithograph
lithographical,lithograph
lithoid,lith
litholatry,litho
lithology,litho
lithomancy,litho
lithophagous,litho
lithophilous,litho
lithophyte,litho
lithosphere,litho
lithotome,litho
lithotype,litho
litigiousness,litigious
litterbag,litter
litterbug,litter
litterer,litter
littermate,litter
littery,litter
littleneck,little
littleness,little
liturgics,liturgic
liturgistic,liturgist
livableness,livable
liveability,live
liveableness,liveable
liveblog,live
liveblogger,live
liven,live
livener,liven
liveness,live
liver,live
livering,liver
liverish,liver
liverishness,liverish
liverleaf,liver
liverless,liver
liverwort,liver
liverwurst,liver
livery,liver
liveryman,livery
livestock,live
livestream,live
liveware,live
lividity,livid
lividness,livid
livingness,living
loadable,load
loaden,load
loader,load
loading,load
loadmaster,load
loadspace,load
loaferish,loafer
loamless,loam
loamy,loam
loanable,loan
loanback,loan
loanee,loan
loaner,loan
loanshift,loan
loathedness,loathed
loather,loathe
loathful,loath
loathfulness,loathful
loathly,loath
loathness,loath
loathsome,loath
loathy,loath
lobber,lob
lobbyer,lobby
lobbyism,lobby
lobbyist,lobby
lobectomy,lobe
lobefin,lobe
lobeless,lobe
lobelet,lobe
lobelike,lobe
lobsterer,lobster
lobsterlike,lobster
lobsterman,lobster
localise,local
localism,local
localist,local
localite,local
locality,local
localize,local
localizer,localize
localness,local
locateable,locate
locater,locate
locational,location
lochial,lochia
lockable,lock
lockage,lock
lockbox,lock
locker,lock
lockfast,lock
lockful,lock
lockhouse,lock
locking,lock
lockjaw,lock
lockless,lock
lockmaker,lock
lockman,lock
locknut,lock
lockset,lock
locksman,lock
locksmith,lock
locksmithery,lock
locksmithing,locksmith
lockstep,lock
lockstitch,lock
locoism,loco
locoman,loco
loculed,locule
locutionary,locution
lodesman,lode
lodestar,lode
lodgepole,lodge
lodger,lodge
loessal,loess
loessial,loess
loessic,loess
lofter,loft
loftless,loft
loftlike,loft
loftsman,loft
lofty,loft
loganberry,logan
logarithmic,logarithm
logboard,log
logger,log
loggerhead,logger
loggish,log
loggy,log
logical,logic
logicality,logical
logicalness,logical
logician,logic
logicist,logic
logicize,logic
logicless,logic
logistician,logistic
logjam,log
logline,log
lognormal,log
logoed,logo
logogram,logo
logographic,logograph
logography,logo
logophile,logo
logorrhea,logo
logorrhoea,logo
logroller,logroll
logrolling,log
logway,log
logwood,log
loiterer,loiter
loller,loll
lollipop,loll
lollopy,lollop
lollygag,lolly
lomentaceous,loment
lonely,lone
loneness,lone
loner,lone
lonesome,lone
lonesomeness,lonesome
longboard,long
longboat,long
longbow,long
longbowman,longbow
longcase,long
longer,long
longevous,long
longhair,long
longhaired,long
longhand,long
longheaded,long
longhorn,long
longies,long
longing,long
longish,long
longleaf,long
longline,long
longliner,longline
longlist,long
longly,long
longness,long
longsightedness,longsighted
longsome,long
longsomeness,longsome
longspur,long
longtime,long
longwall,long
longways,long
longwise,long
longworm,long
lookalike,look
lookdown,look
looker,look
lookism,look
lookist,look
looksism,looks
loonie,loon
loony,loon
looper,loop
loophole,loop
looplike,loop
loopy,loop
loosen,loose
loosener,loosen
looseness,loose
looter,loot
loper,lope
lopingly,loping
lopper,lop
lopping,lop
loppy,lop
lopsidedness,lopsided
loquaciousness,loquacious
lordkin,lord
lordless,lord
lordlike,lord
lordling,lord
lordly,lord
lordolatry,lord
lordship,lord
loreal,lore
lornness,lorn
losableness,losable
losel,lose
loser,lose
losingest,losing
lossless,loss
lossmaker,loss
lossy,loss
lostness,lost
lotter,lot
lottery,lot
louden,loud
loudhailer,loud
loudish,loud
loudly,loud
loudmouth,loud
loudmouthed,loud
loudness,loud
loudspeaker,loud
lounger,lounge
loungewear,lounge
louring,lour
lousewort,louse
loutery,lout
loutish,lout
loutishness,loutish
louvered,louver
lovableness,lovable
loveableness,loveable
lovebird,love
lovebug,love
lovefest,love
loveless,love
lovelessness,loveless
lovelight,love
lovelock,love
lovelornness,lovelorn
lovely,love
lovemaker,love
lovemaking,love
lover,love
lovered,lover
loverless,lover
loverly,lover
loveseat,love
lovesick,love
lovesickness,lovesick
lovesome,love
loveworthy,love
lovey,love
lovingness,loving
lowbrowism,lowbrow
lowbush,low
lowdown,low
lower,low
lowerable,lower
lowerclassman,lower
lowermost,lower
lowery,lower
lowish,low
lowland,low
lowlander,lowland
lowlife,low
lowlifer,lowlife
lowlight,low
lowly,low
lowness,low
lowpass,low
lowrider,low
loyalism,loyal
loyalist,loyal
loyalness,loyal
loyalty,loyal
lubberly,lubber
lubricational,lubrication
lucidity,lucid
lucidness,lucid
luckless,luck
lucklessness,luckless
lucky,luck
luger,luge
luggable,lug
luggage,lug
lughole,lug
lugsail,lug
lugworm,lug
lukewarm,luke
lukewarmish,lukewarm
lukewarmness,lukewarm
luller,lull
lullingly,lulling
lumberer,lumber
lumberjack,lumber
lumberly,lumber
lumberman,lumber
lumbersome,lumber
lumenal,lumen
luminescent,luminesce
luminousness,luminous
lumpectomy,lump
lumpen,lump
lumper,lump
lumpfish,lump
lumpish,lump
lumpishness,lumpish
lumpsucker,lump
lumpy,lump
lunarnaut,lunar
lunatical,lunatic
lunchbox,lunch
lunchbreak,lunch
luncheonette,luncheon
luncher,lunch
lunchroom,lunch
lunchtime,lunch
lunger,lung
lungfish,lung
lungful,lung
lungless,lung
lunglike,lung
lungworm,lung
lungwort,lung
lunkheaded,lunk
lupulinic,lupulin
lurcher,lurch
lurer,lure
luridness,lurid
lurker,lurk
lusciousness,luscious
lushness,lush
lushy,lush
luskish,lusk
luskishness,luskish
luster,lust
lusterless,luster
lusterware,luster
lustful,lust
lustfulness,lustful
lustless,lust
lustreless,lustre
lustrousness,lustrous
lusty,lust
luteinisation,lutein
luteinization,lutein
luteinize,lutein
lutelike,lute
lutenist,lute
luter,lute
luvviedom,luvvie
luxmeter,lux
lymphadenitis,lymph
lymphatic,lymph
lymphoblast,lymph
lymphoblastic,lymphoblast
lymphography,lymph
lymphoid,lymph
lymphomatosis,lymphoma
lymphomatous,lymphoma
lyncher,lynch
lynchet,lynch
lynching,lynch
lynxlike,lynx
lyophilizer,lyophilize
lyrebird,lyre
lyrical,lyric
lyricalness,lyrical
lyricism,lyric
lyricist,lyric
lyricize,lyric
lysogenicity,lysogenic
macadamize,macadam
macadamizer,macadamize
macerater,macerate
machineability,machine
machineable,machine
machinegun,machine
machineless,machine
machinelike,machine
machineman,machine
machinery,machine
machoism,macho
macled,macle
macrocephalous,macro
macrocephaly,macro
macrocosmic,macrocosm
macrograph,macro
macrology,macro
macromere,macro
macrophagous,macro
macrophyte,macro
macropod,macro
macropterous,macro
madbrain,mad
madbrained,mad
madcap,mad
madden,mad
maddeningness,maddening
maddish,mad
madling,mad
madman,mad
madness,mad
madrigalian,madrigal
madrigalist,madrigal
madwoman,mad
madwort,mad
maenadic,maenad
maenadism,maenad
mafficker,maffick
mageship,mage
maggotorium,maggot
maggoty,maggot
magical,magic
magisterialness,magisterial
magisterium,magister
magistery,magister
magistrality,magistral
magistrateship,magistrate
magnateship,magnate
magnetar,magnet
magnetic,magnet
magnetics,magnet
magnetise,magnet
magnetiser,magnetise
magnetism,magnet
magnetist,magnet
magnetite,magnet
magnetize,magnet
magnetizer,magnetize
magnetograph,magneto
magnetometer,magneto
magnetometric,magneto
magnetometry,magneto
magneton,magnet
magnetopause,magneto
magnetron,magnet
magnifical,magnific
magsman,mag
maiden,maid
maidenhair,maiden
maidenhead,maiden
maidenhood,maiden
maidenish,maiden
maidenlike,maiden
maidenly,maiden
maidhood,maid
maidish,maid
maidless,maid
maidservant,maid
maieutical,maieutic
mailability,mail
mailable,mail
mailbag,mail
mailboat,mail
mailbox,mail
mailcoach,mail
mailer,mail
mailgram,mail
mailless,mail
mailman,mail
mailroom,mail
mailsack,mail
mailshot,mail
mailvan,mail
maimedness,maimed
maimer,maim
mainbrace,main
mainland,main
mainlander,mainland
mainline,main
mainliner,mainline
mainmast,main
mainsail,main
mainsheet,main
mainspring,main
mainstage,main
mainstay,main
mainstreaming,mainstream
maintainability,maintain
maintainable,maintain
maintainer,maintain
maintop,main
maintopmast,main
mainyard,main
majesticness,majestic
majolicaware,majolica
majorette,major
majoritarianism,majoritarian
majority,major
majorship,major
makeable,make
makefast,make
makeless,make
maker,make
makeshift,make
makeweight,make
malapertness,malapert
malarial,malaria
malarian,malaria
maleness,male
malignancy,malign
maligner,malign
malignity,malign
malignment,malign
malingerer,malinger
mallcore,mall
malleableness,malleable
malling,mall
malmstone,malm
malmy,malm
maltase,malt
maltman,malt
maltol,malt
maltose,malt
maltreater,maltreat
maltreatment,maltreat
maltster,malt
maltworm,malt
malty,malt
malware,mal
mamillar,mamilla
mamillate,mamilla
mammalian,mammal
mammaliferous,mammal
mammality,mammal
mammalogy,mammal
mammaplasty,mamma
mammary,mamma
mammetry,mammet
mammillate,mammilla
mammillation,mammilla
mammonish,mammon
mammonism,mammon
mammy,mam
manageability,manage
manageable,manage
management,manage
managemental,management
manageress,manager
managerial,manager
managerialism,managerial
managerialist,managerial
managership,manager
mandarinate,mandarin
mandarinic,mandarin
mandarinism,mandarin
mandate,man
mandolinist,mandolin
mandom,man
maned,mane
maneless,mane
maneuverability,maneuver
maneuverable,maneuver
maneuverer,maneuver
manful,man
manfulness,manful
mangetout,mange
mangler,mangle
manhandle,man
manhole,man
manhood,man
manhunt,man
manhunter,man
maniac,mania
maniacal,maniac
manifestable,manifest
manifestation,manifest
manifestational,manifestation
manifestative,manifest
manifester,manifest
manifestness,manifest
manifolder,manifold
manifoldness,manifold
mankind,man
mankini,man
manless,man
manlike,man
manly,man
mannequin,man
manner,man
mannered,manner
mannerism,manner
mannerist,manner
manneristic,manner
mannerless,manner
mannerly,manner
mannish,man
mannishness,mannish
manoeuvrer,manoeuvre
manorialism,manorial
manpack,man
manpower,man
manred,man
manrope,man
mansarded,mansard
manscape,man
manservant,man
manshift,man
manslaughter,man
manslayer,man
mansplain,man
mansplaining,mansplain
manspreading,man
mantelpiece,mantel
mantelshelf,mantel
manteltree,mantel
mantrap,man
manufacturer,manufacture
manumitter,manumit
manurer,manure
manward,man
manwards,man
manwise,man
manyfold,many
manyplies,many
maplelike,maple
mapless,map
maplike,map
mapmaker,map
mapmaking,map
mappable,map
mapper,map
mappery,map
mappist,map
mapwise,map
marathoner,marathon
marathoning,marathon
marauder,maraud
marbleize,marble
marbler,marble
marblewood,marble
marceller,marcel
marcher,march
marchlike,march
marchman,march
marconigram,marconi
marconigraph,marconi
marginal,margin
marginalia,marginal
marginalise,marginal
marginalism,marginal
marginalist,marginal
marginality,marginal
marginalization,marginal
marginalize,marginal
marimbaphone,marimba
mariner,marine
markedness,marked
marker,mark
marketability,market
marketable,market
marketableness,marketable
marketeer,market
marketer,market
marketing,market
marketisation,market
marketise,market
marketize,market
marketplace,market
marking,mark
markman,mark
marksman,mark
marksmanship,marks
markswoman,mark
marlacious,marl
marlite,marl
marlstone,marl
marly,marl
marooner,maroon
marquessate,marquess
marquisate,marquis
marrer,mar
marriageability,marriage
marriageable,marriage
marrowbone,marrow
marrowfat,marrow
marrowish,marrow
marrowless,marrow
marrowy,marrow
marshalcy,marshal
marshaler,marshal
marshalship,marshal
marshland,marsh
marshlander,marshland
marshlike,marsh
marshmallow,marsh
marshmallowy,marshmallow
marshwort,marsh
marshy,marsh
marsquake,mars
martext,mar
martialism,martial
martialist,martial
martialness,martial
martinetish,martinet
martinetism,martinet
martyrdom,martyr
martyrisation,martyr
martyrish,martyr
martyrium,martyr
martyrization,martyr
martyrize,martyr
martyrly,martyr
martyrology,martyr
marveler,marvel
marveller,marvel
marvelous,marvel
marvelousness,marvelous
mascled,mascle
masher,mash
mashy,mash
maskable,mask
masker,mask
masking,mask
masklike,mask
masonic,mason
masonite,mason
masonry,mason
masquer,masque
masquerader,masquerade
massacrer,massacre
massager,massage
masscult,mass
masseteric,masseter
massification,mass
massive,mass
massiveness,massive
massless,mass
massy,mass
master,mast
masterate,master
masterdom,master
masterful,master
masterhood,master
masterless,master
masterly,master
mastermind,master
mastership,master
masterstroke,master
masterwork,master
masterwort,master
mastery,master
masthead,mast
masthouse,mast
mastless,mast
mastlike,mast
mastodonic,mastodon
mastodontic,mastodont
mastoidal,mastoid
mastoidectomy,mastoid
mastoiditis,mastoid
masty,mast
matchable,match
matchboard,match
matchbook,match
matchbox,match
matcher,match
matchless,match
matchlock,match
matchmake,match
matchmaking,match
matchmark,match
matchstick,match
matchwood,match
mateless,mate
mater,mate
materialisation,material
materialise,material
materialiser,materialise
materialism,material
materialist,material
materialistic,material
materiality,material
materialization,material
materialize,material
materializer,materialize
materialness,material
maternalism,maternal
maternalistic,maternal
mateship,mate
matey,mate
mateyness,matey
matgrass,mat
mathematician,mathematic
mathematicise,mathematic
mathematicism,mathematic
mathematicize,mathematic
mathematics,mathematic
matless,mat
matriarchal,matriarch
matriarchalism,matriarchal
matriarchate,matriarch
matriarchic,matriarch
matriculant,matricula
matriculate,matricula
matrifocality,matrifocal
matrilocality,matrilocal
matronage,matron
matronal,matron
matronhood,matron
matronize,matron
matronly,matron
matronship,matron
matterful,matter
matterless,matter
mattery,matter
mattify,matt
maturational,maturation
matureness,mature
matweed,mat
maudlinism,maudlin
maudlinness,maudlin
mauler,maul
maunderer,maunder
mauveine,mauve
mawkish,mawk
mawkishness,mawkish
mawky,mawk
maxillar,maxilla
maxillary,maxilla
maximalist,maximal
maximizer,maximize
mayapple,may
maybe,may
maybush,may
mayfish,may
mayflower,may
mayfly,may
maying,may
mayoral,mayor
mayoress,mayor
mayorship,mayor
maypole,may
mayweed,may
mazedness,mazed
mazeful,maze
mazelike,maze
mazement,maze
meadowland,meadow
meadowlark,meadow
meadowy,meadow
meagerness,meager
meagreness,meagre
mealer,meal
mealless,meal
mealy,meal
mealybug,mealy
meanderer,meander
meanie,mean
meaning,mean
meaningful,meaning
meaningless,meaning
meanness,mean
meantime,mean
meanwhile,mean
meany,mean
measuredness,measured
measureless,measure
measurement,measure
measurer,measure
meatball,meat
meated,meat
meathead,meat
meatless,meat
meatman,meat
meatpacker,meat
meatpacking,meat
meaty,meat
mechanical,mechanic
mechanician,mechanic
mechanizer,mechanize
medalet,medal
medalist,medal
medallic,medal
meddler,meddle
meddlesome,meddle
meddlesomeness,meddlesome
mediaevalism,mediaeval
mediaevalist,mediaeval
mediagenic,media
mediateness,mediate
mediational,mediation
mediatorial,mediator
mediatorship,mediator
medicalisation,medical
medicalise,medical
medicalization,medical
medicalize,medical
medicamental,medicament
medicamentary,medicament
medicamentous,medicament
mediciner,medicine
medievalism,medieval
medievalist,medieval
medievalistic,medieval
mediumistic,medium
mediumship,medium
medullar,medulla
medullary,medulla
medullated,medulla
medusan,medusa
meeken,meek
meekness,meek
meeter,meet
meeting,meet
meetinghouse,meeting
megacephalic,mega
megafaunal,megafauna
megalith,mega
megalithic,megalith
megaloblastic,megaloblast
megalomaniac,megalomania
megaphone,mega
megaplex,mega
megapode,mega
megascope,mega
meiofaunal,meiofauna
melanoblast,melano
melanocyte,melano
melanogenesis,melano
melanoid,melano
melanoma,melano
melanophore,melano
melanosis,melano
melanosome,melano
melanous,melano
melder,meld
melismatic,melisma
mellowness,mellow
mellowspeak,mellow
mellowy,mellow
melodizer,melodize
melodramatic,melodrama
melony,melon
meltability,melt
meltable,melt
meltage,melt
melter,melt
meltingness,melting
meltwater,melt
melty,melt
membered,member
memberless,member
membership,member
membraned,membrane
membraneous,membrane
memetic,meme
memoirism,memoir
memoirist,memoir
memorialisation,memorial
memorialise,memorial
memorialiser,memorialise
memorialist,memorial
memorialize,memorial
memorializer,memorialize
memorizer,memorize
menacer,menace
menarcheal,menarche
mendable,mend
mender,mend
menfolk,men
menfolks,men
menopause,meno
menorrhagia,meno
menorrhea,meno
menorrhoea,meno
menschy,mensch
menseful,mense
menseless,mense
mensurational,mensuration
menswear,men
mentalese,mental
mentalism,mental
mentalist,mental
mentalistic,mentalist
mentality,mental
mentionable,mention
mentioner,mention
mentorial,mentor
mentorship,mentor
mercerize,mercer
mercerizer,mercerize
mercifulness,merciful
mercurialism,mercurial
mercurialist,mercurial
mercuriality,mercurial
mercurialize,mercurial
mercurialness,mercurial
meresman,mere
mergee,merge
merger,merge
meridionality,meridional
meritless,merit
meritocracy,merit
meritocrat,merit
meritocratic,merit
merrymaker,merry
merrymaking,merry
merryman,merry
merrythought,merry
mescaline,mescal
mescalism,mescal
meshwork,mesh
meshy,mesh
mesmerizer,mesmerize
mesoblastic,mesoblast
mesodermal,mesoderm
mesodermic,mesoderm
mesogleal,mesoglea
mesomorphic,mesomorph
mesomorphous,mesomorph
mesonic,meson
mesophyllic,mesophyll
messmate,mess
messy,mess
metacercarial,metacercaria
metafictionist,metafiction
metagenesis,meta
metagnathism,meta
metagnathous,meta
metalhead,metal
metalise,metal
metalize,metal
metallic,metal
metalliferous,metal
metallike,metal
metalline,metal
metallisation,metal
metallise,metal
metallist,metal
metallization,metal
metallize,metal
metallography,metal
metalloid,metal
metalmark,metal
metalsmith,metal
metalware,metal
metalwork,metal
metalworker,metal
metalworking,metal
metamer,meta
metamere,meta
metaphoric,metaphor
metaphorical,metaphoric
metaphorist,metaphor
metaphysicist,metaphysic
metaplasmic,metaplasm
metaverse,meta
metempiricism,metempiric
metempsychosist,metempsychosis
meteoric,meteor
meteorite,meteor
meteoriticist,meteoritic
meteoroid,meteor
meteoroidal,meteoroid
meteorolite,meteor
meteorology,meteor
meteorous,meteor
meter,mete
meterage,meter
meterstick,meter
metewand,mete
meteyard,mete
methaqualone,meth
methinketh,me
methodism,method
methodist,method
methodistic,methodist
methodization,method
methodize,method
methodizer,methodize
methodologist,method
methodology,method
methoxyflurane,methoxy
methylal,methyl
methylamine,methyl
methylase,methyl
methylate,methyl
methylation,methyl
methyldopa,methyl
methylic,methyl
methylmercury,methyl
methylxanthine,methyl
metonymic,metonym
metonymical,metonym
metricate,metric
metrication,metric
metricise,metric
metricism,metric
metricist,metric
metricize,metric
metromania,metro
metropolitanate,metropolitan
metropolitanise,metropolitan
metropolitanism,metropolitan
metropolitanize,metropolitan
metrorrhagia,metro
mettled,mettle
mettlesome,mettle
mewler,mewl
mezzotinter,mezzotint
miasmal,miasma
micaceous,mica
micher,mich
mickey,mick
microblogger,microblog
microcephalous,micro
microcephaly,micro
micrococcus,micro
microcosm,micro
microcosmic,microcosm
microfilmable,microfilm
microfilmer,microfilm
microfloral,microflora
micrography,micro
microlighting,microlight
microlite,micro
microlith,micro
microlithic,microlith
micrology,micro
micromere,micro
micrometeorite,micro
micrometry,micro
micronisation,micron
micronise,micron
micronization,micron
microphone,micro
microphyte,micro
micropterous,micro
microsome,micro
microtome,micro
microtonality,microtonal
microwaveable,microwave
midair,mid
middenstead,midden
middlebreaker,middle
middlebrow,middle
middlebrowism,middlebrow
middlebuster,middle
middleman,middle
middlemost,middle
middler,middle
middleware,middle
middleweight,middle
middlings,middling
midfielder,midfield
midleg,mid
midlifer,midlife
midmost,mid
midnightly,midnight
midpoint,mid
midwifery,midwife
miffy,miff
mightest,might
mightful,might
mighty,might
migrational,migration
migrationist,migration
milden,mild
mildewy,mildew
mildish,mild
mildness,mild
mileage,mile
milepost,mile
miler,mile
miliarial,miliaria
militantness,militant
militaristic,militarist
militiaman,militia
milken,milk
milker,milk
milkfish,milk
milking,milk
milkless,milk
milklike,milk
milkmaid,milk
milkman,milk
milko,milk
milkshake,milk
milkshed,milk
milksop,milk
milksopism,milksop
milksoppy,milksop
milktoast,milk
milkweed,milk
milkwood,milk
milkwort,milk
milky,milk
millable,mill
millboard,mill
millcake,mill
millenarianism,millenarian
millennialism,millennial
millennialist,millennial
miller,mill
millerite,miller
millhand,mill
millhouse,mill
millinery,milliner
millionaire,million
millionairess,millionaire
millionary,million
millionfold,million
millionth,million
millocracy,mill
millocrat,mill
millpond,mill
millrind,mill
millrun,mill
millstone,mill
millstream,mill
millwheel,mill
millwork,mill
millwright,mill
milter,milt
milty,milt
mimeograph,mimeo
mimer,mime
mimesis,mime
mimester,mime
mimetic,mime
mimical,mimic
mimicker,mimic
mimicry,mimic
minareted,minaret
mincemeat,mince
mincer,mince
mindblower,mind
mindedly,minded
mindedness,minded
minder,mind
mindfuck,mind
mindful,mind
mindfulness,mindful
minding,mind
mindless,mind
mindlessness,mindless
mindscape,mind
mindset,mind
mindshare,mind
mineable,mine
minehunter,mine
minelayer,mine
minelaying,mine
miner,mine
mineralization,mineral
mineralize,mineral
mineralizer,mineralize
mineralogist,mineral
mineralogy,mineral
mineshaft,mine
minestone,mine
minesweeper,mine
minesweeping,mine
mineworker,mine
mingle,ming
minglement,mingle
mingler,mingle
minibiker,minibike
minification,mini
minify,mini
minimalism,minimal
minimalist,minimal
minimalistic,minimal
minimizer,minimize
miniskirted,miniskirt
ministerial,minister
ministerialist,ministerial
ministership,minister
minority,minor
minorship,minor
mintage,mint
minter,mint
mintlike,mint
minty,mint
minuteness,minute
minxish,minx
mirifical,mirific
mirrorlike,mirror
mirrorwise,mirror
mirthful,mirth
mirthfulness,mirthful
mirthless,mirth
mirthlessness,mirthless
misadventurer,misadventure
misadvisedness,misadvised
misbecomingness,misbecoming
misbehaver,misbehave
misbeliever,misbelieve
miscaller,miscall
miscarry,mis
miscegenational,miscegenation
mischanceful,mischance
miscolor,mis
miscolour,mis
misconceiver,misconceive
miscounselling,miscounsel
misdealer,misdeal
misdemeanant,misdemean
misdoer,misdo
misdoubtful,misdoubt
miserable,miser
miserableness,miserable
miserly,miser
misery,miser
misfortuned,misfortune
misguidedness,misguided
misguider,misguide
misinformation,misinform
misinformer,misinform
misinterpreter,misinterpret
misjudger,misjudge
mislayer,mislay
mislead,mis
misleader,mislead
misliker,mislike
mismanager,mismanage
mismatchment,mismatch
misogynistic,misogynist
misquoter,misquote
misreckoning,misreckon
misreporter,misreport
misrepresenter,misrepresent
missable,miss
misshapenness,misshapen
misshaper,misshape
misshood,miss
missileer,missile
missileman,missile
missilery,missile
missingly,missing
missional,mission
missionary,mission
missioner,mission
missionise,mission
missionization,mission
missionize,mission
missionizer,missionize
missish,miss
missishness,missish
missout,miss
misspender,misspend
missy,miss
mistakeable,mistake
mistakenness,mistaken
mistaker,mistake
mister,mist
mistful,mist
mistle,mist
mistreatment,mistreat
mistressless,mistress
mistressly,mistress
mistruster,mistrust
mistrustful,mistrust
mistrustless,mistrust
misty,mist
misuser,misuse
miterer,miter
miterwort,miter
mitochondrial,mitochondria
mitogenic,mitogen
mitogenicity,mitogenic
mitrewort,mitre
mittened,mitten
mixability,mix
mixable,mix
mixdown,mix
mixedness,mixed
mixer,mix
mixible,mix
mixmaster,mix
mixologist,mix
mixology,mix
mixy,mix
mizenmast,mizen
mizzenmast,mizzen
moan,moa
moaner,moan
moanful,moan
moatlike,moat
mobber,mob
mobbish,mob
mobbism,mob
mobiliser,mobilise
mobilizer,mobilize
moble,mob
moblogger,moblog
mobocracy,mob
mobocrat,mob
mobsman,mob
mobster,mob
mockable,mock
mockage,mock
mocker,mock
mockery,mock
mockingbird,mocking
modalism,modal
modalist,modal
modder,mod
modeler,model
modeling,model
modeller,model
modellist,model
moderateness,moderate
moderatorship,moderator
moderniser,modernise
modernism,modern
modernist,modern
modernistic,modern
modernity,modern
modernize,modern
modernizer,modernize
modernness,modern
modesty,modest
modishness,modish
modularity,modular
moggy,mog
moiler,moil
moisten,moist
moistener,moisten
moistful,moist
moistify,moist
moistness,moist
moistureless,moisture
moisturizer,moisturize
molality,molal
molarity,molar
moldability,mold
moldboard,mold
molding,mold
moldy,mold
molecast,mole
molecatcher,mole
molecularity,molecular
molehill,mole
molehunt,mole
molelike,mole
moleskin,mole
molestation,molest
molester,molest
molestful,molest
molluscicide,mollusc
molluscous,mollusc
mollycoddle,molly
mollycoddler,mollycoddle
molter,molt
momentary,moment
momently,moment
momentous,moment
momism,mom
mommy,mom
mompreneur,mom
monadic,monad
monadiform,monad
monadism,monad
monadology,monad
monarchal,monarch
monarchial,monarch
monarchic,monarch
monarchical,monarch
monarchistic,monarchist
monarchize,monarch
monasticism,monastic
moneran,monera
monestrous,mon
moneyed,money
moneyer,money
moneylending,money
moneyless,money
moneymaker,money
moneymaking,money
moneyman,money
moneywort,money
monged,mong
mongering,monger
mongery,monger
mongolism,mongol
mongoloid,mongol
mongrel,mong
mongrelisation,mongrel
mongrelise,mongrel
mongrelism,mongrel
mongrelization,mongrel
mongrelize,mongrel
mongrelly,mongrel
monikered,moniker
monilial,monilia
moniliasis,monilia
monistic,monist
monitorial,monitor
monitoring,monitor
monitorship,monitor
monkery,monk
monkey,monk
monkeygland,monkey
monkeyish,monkey
monkeyism,monkey
monkeypod,monkey
monkeypox,monkey
monkfish,monk
monkish,monk
monkishness,monkish
monkshood,monk
monoamine,mono
monoaminergic,monoamine
monocarpic,mono
monocarpous,mono
monocled,monocle
monocline,mono
monocracy,mono
monocrat,mono
monocratic,mono
monogenesis,mono
monogenic,mono
monogenous,mono
monoglot,mono
monogram,mono
monogrammatic,monogram
monogrammer,monogram
monograph,mono
monographer,monograph
monographic,monograph
monographist,monograph
monography,mono
monolater,mono
monolingualism,monolingual
monolith,mono
monolithic,monolith
monologist,monolog
monology,mono
monomachy,mono
monomeric,monomer
monomerous,mono
monometallism,mono
monometallist,mono
monometrical,monometric
monomorphous,mono
mononucleosis,mono
mononym,mono
monophagous,mono
monophobia,mono
monophobic,mono
monophonic,mono
monophony,mono
monophthongal,monophthong
monophthongise,monophthong
monophthongize,monophthong
monoplegia,mono
monoploid,mono
monopod,mono
monopolizer,monopolize
monorchidism,monorchid
monoskier,monoski
monosome,mono
monostichic,monostich
monostichous,monostich
monotasking,mono
monotonicity,monotonic
monotreme,mono
monovalent,mono
monozygous,mono
monsignorial,monsignor
monsoonal,monsoon
monstrousness,monstrous
monthling,month
monthlong,month
monthly,month
monumental,monument
monumentalise,monumental
monumentality,monumental
monumentalize,monumental
moocher,mooch
moody,mood
moonbeam,moon
moonblind,moon
moonbow,moon
mooncake,moon
mooncalf,moon
moonchild,moon
moondust,moon
mooner,moon
mooneye,moon
moonfish,moon
moonflower,moon
moongate,moon
moonish,moon
moonless,moon
moonlet,moon
moonlight,moon
moonlighter,moonlight
moonlike,moon
moonphase,moon
moonport,moon
moonquake,moon
moonraker,moon
moonraking,moon
moonrise,moon
moonroof,moon
moonsail,moon
moonscape,moon
moonseed,moon
moonset,moon
moonshine,moon
moonshiner,moonshine
moonship,moon
moonstone,moon
moonstricken,moon
moonstruck,moon
moonwalk,moon
moonward,moon
moonwort,moon
moony,moon
moorage,moor
moorcock,moor
moorfowl,moor
moorish,moor
moorlog,moor
moorman,moor
moorwort,moor
moory,moor
moosebird,moose
moosehide,moose
moosewood,moose
mooseyard,moose
mootable,moot
mooter,moot
mooting,moot
mootman,moot
mootness,moot
mopboard,mop
moped,mope
moper,mope
mopery,mope
mopey,mope
mophead,mop
mopishness,mopish
mopper,mop
moppet,mop
moppy,mop
mopstick,mop
mopsy,mop
moralise,moral
moraliser,moralise
moralist,moral
moralistic,moral
morality,moral
moralization,moral
moralize,moral
moralizer,moralize
moraller,moral
morassy,morass
morbidity,morbid
morbidness,morbid
moreish,more
moreness,more
morganite,morgan
moribundity,moribund
morning,morn
moronic,moron
moronism,moron
moronity,moron
moroseness,morose
morpheme,morph
morphic,morph
morphogen,morpho
morphogenesis,morpho
morphography,morpho
morphometry,morpho
mortalise,mortal
mortality,mortal
mortalize,mortal
mortarboard,mortar
mortarless,mortar
mortarman,mortar
mortary,mortar
mortgageable,mortgage
mortgagee,mortgage
mortgager,mortgage
mortiser,mortise
mortling,mort
morular,morula
morulation,morula
mosaicism,mosaic
mosaicist,mosaic
mosaiclike,mosaic
mosher,mosh
mosquitoey,mosquito
mosquitofish,mosquito
mossback,moss
mossbacked,moss
mosser,moss
mossgrown,moss
mossland,moss
mosslike,moss
mossy,moss
mostest,most
mostwhat,most
moted,mote
motettist,motet
motey,mote
mothball,moth
mothercraft,mother
motherese,mother
motherhood,mother
motherhouse,mother
mothering,mother
motherless,mother
motherlessness,motherless
motherly,mother
motherwort,mother
mothery,mother
mothlike,moth
mothproof,moth
mothproofer,mothproof
mothy,moth
motific,motif
motional,motion
motioner,motion
motionist,motion
motionless,motion
motoneuronal,motoneuron
motorboat,motor
motorboater,motorboat
motorbus,motor
motorcar,motor
motorcoach,motor
motorcycle,motor
motorcyclist,motor
motordom,motor
motorial,motor
motoric,motor
motorist,motor
motorize,motor
motorless,motor
motorman,motor
motortruck,motor
motorway,motor
mottler,mottle
mouldability,mould
mouldable,mould
mouldboard,mould
moulder,mould
mouldy,mould
moulter,moult
moundbird,mound
mountable,mount
mountainboard,mountain
mountained,mountain
mountaineer,mountain
mountaineering,mountaineer
mountainous,mountain
mountainousness,mountainous
mountainside,mountain
mountaintop,mountain
mountainy,mountain
mountant,mount
mountebankery,mountebank
mountebankism,mountebank
mounter,mount
mounting,mount
mourner,mourn
mournful,mourn
mournfulness,mournful
mourning,mourn
mousebird,mouse
mousekin,mouse
mouselike,mouse
mouseover,mouse
mouser,mouse
mousery,mouse
mousetail,mouse
mousselike,mousse
moustached,moustache
moustachioed,moustachio
mouthable,mouth
mouthbreeder,mouth
mouthbrooder,mouth
mouther,mouth
mouthfeel,mouth
mouthful,mouth
mouthless,mouth
mouthlike,mouth
mouthpart,mouth
mouthpiece,mouth
mouthwash,mouth
mouthwatering,mouth
mouthy,mouth
moveableness,moveable
movement,move
moviedom,movie
moviegoer,movie
moviegoing,movie
movieland,movie
moviemaker,movie
moviemaking,movie
movingly,moving
mowburning,mow
mower,mow
mowing,mow
muchness,much
mucidity,mucid
mucidness,mucid
mucinoid,mucin
mucinous,mucin
mucker,muck
muckerish,mucker
muckheap,muck
muckrake,muck
muckraker,muck
muckworm,muck
mucky,muck
mucosal,mucosa
mucronate,mucro
mudbank,mud
mudbug,mud
mudcat,mud
mudder,mud
muddle,mud
muddledness,muddled
muddlehead,muddle
muddlement,muddle
muddler,muddle
muddy,mud
mudfish,mud
mudflap,mud
mudflat,mud
mudflow,mud
mudguard,mud
mudhen,mud
mudhole,mud
mudhopper,mud
mudlark,mud
mudlogger,mud
mudlogging,mud
mudpack,mud
mudpuppy,mud
mudrock,mud
mudroom,mud
mudscow,mud
mudskipper,mud
mudslide,mud
mudslinger,mud
mudslinging,mud
mudstone,mud
mudwort,mud
muffineer,muffin
muffish,muff
muffler,muffle
mufflered,muffler
mugful,mug
muggee,mug
mugger,mug
mugwumpery,mugwump
mugwumpish,mugwump
mugwumpism,mugwump
mulishness,mulish
mullahism,mullah
muller,mull
mulligrubs,mull
mullock,mull
mullocky,mullock
multifidous,multifid
multilateralism,multilateral
multilateralist,multilateral
multilingualism,multilingual
multipartyism,multiparty
multiplet,multiple
multiracialism,multiracial
multurer,multure
mumblement,mumble
mumbler,mumble
mummer,mum
mummery,mummer
mummy,mum
mumper,mump
mumpish,mump
mumpishness,mumpish
mumpreneur,mum
mumsy,mum
munchable,munch
muncher,munch
munchie,munch
munchkin,munch
munchy,munch
mundaneness,mundane
municipalise,municipal
municipalism,municipal
municipality,municipal
municipalize,municipal
munitioneer,munition
munitioner,munition
munitionette,munition
muonic,muon
muonium,muon
muraled,mural
muralist,mural
murderball,murder
murderee,murder
murderer,murder
murderess,murder
murderous,murder
murksome,murk
murky,murk
murmuration,murmur
murmurer,murmur
murmurous,murmur
murrained,murrain
murrelet,murre
murtherer,murther
muscleman,muscle
muscley,muscle
muscularity,muscular
museful,muse
muser,muse
musher,mush
mushmouth,mush
mushroomer,mushroom
mushroomy,mushroom
mushy,mush
musical,music
musicalise,musical
musicality,musical
musicalization,musical
musicalize,musical
musicalness,musical
musician,music
musicianer,musician
musicianly,musician
musicianship,musician
musicker,music
musicless,music
musicology,music
musketeer,musket
musketoon,musket
musketry,musket
muskmelon,musk
muskroot,musk
musky,musk
muslined,muslin
musselcracker,mussel
mussy,muss
mustachioed,mustachio
mustardy,mustard
musterer,muster
musty,must
mutableness,mutable
mutagenicity,mutagenic
mutagenize,mutagen
mutational,mutation
mutationist,mutation
muteness,mute
mutinousness,mutinous
mutteration,mutter
mutterer,mutter
muttonfish,mutton
muttonhead,mutton
muttonheaded,mutton
muttony,mutton
mutualisation,mutual
mutualism,mutual
mutualist,mutual
mutualistic,mutual
mutuality,mutual
mutualization,mutual
mutualize,mutual
mutualness,mutual
muzaky,muzak
muzzler,muzzle
myalgia,my
myalism,myal
mycobacterial,mycobacteria
mycoplasmal,mycoplasma
mycorrhizal,mycorrhiza
myelinated,myelin
myelinic,myelin
myeloblastic,myeloblast
myoblastic,myoblast
myofibrillar,myofibril
myriadfold,myriad
myriadth,myriad
myrmidonian,myrmidon
myrrhic,myrrh
myrrhol,myrrh
myrrhy,myrrh
myself,my
mysteriousness,mysterious
mysticism,mystic
mythic,myth
mythical,myth
mythiciser,mythicise
mythicism,myth
mythicist,mythic
mythicization,mythic
mythicize,mythic
mythicizer,mythicize
mythise,myth
mythism,myth
mythist,myth
mythize,myth
mythmaker,myth
mythmaking,myth
mythologiser,mythologise
mythologizer,mythologize
mythology,myth
mythopoetical,myth
mythy,myth
myxedematous,myxedema
myxomatosis,myxoma
myxomatous,myxoma
nabber,nab
nabobery,nabob
nabobess,nabob
nabobish,nabob
nabobism,nabob
nacred,nacre
nacreous,nacre
nadiral,nadir
naffness,naff
nagger,nag
naggy,nag
nagware,nag
naifness,naif
nailbrush,nail
nailer,nail
nailery,nail
nailfold,nail
nailhead,nail
nailless,nail
nailset,nail
naiveness,naive
naivety,naive
nakedness,naked
nameable,name
namecheck,name
nameless,name
namelessness,nameless
namely,name
nameplate,name
namer,name
nametag,name
nametape,name
nameworthy,name
nannie,nan
nanny,nan
nannyish,nanny
nanobot,nano
naphthalene,naphtha
naphthylamine,naphthyl
napless,nap
napoleonite,napoleon
napper,nap
nappy,nap
narcissistic,narcissist
narky,nark
narrational,narration
narratory,narrator
narrowband,narrow
narrowcast,narrow
narrowish,narrow
narrowness,narrow
nasalism,nasal
nasality,nasal
nasalize,nasal
nasally,nasal
natality,natal
natational,natation
national,nation
nationalise,national
nationaliser,nationalise
nationalism,national
nationalist,national
nationalistic,nationalist
nationality,national
nationalization,national
nationalize,national
nationalizer,nationalize
nationhood,nation
nationless,nation
nationwide,nation
nativeness,native
nativistic,nativist
natterer,natter
nattery,natter
naturalise,natural
naturalism,natural
naturalist,natural
naturalistic,natural
naturalize,natural
naturalness,natural
natured,nature
naughty,naught
nauseate,nausea
nauseousness,nauseous
nautics,nautic
navalism,naval
navelwort,navel
navigational,navigation
naysay,nay
naysayer,nay
nayward,nay
nearby,near
nearish,near
nearly,near
nearness,near
nearshore,near
neaten,neat
neatness,neat
neatnik,neat
nebbishy,nebbish
nebular,nebula
nebuliser,nebulise
nebulizer,nebulize
nebulousness,nebulous
necessarianism,necessarian
necessitousness,necessitous
neckband,neck
neckbeef,neck
neckcloth,neck
necker,neck
neckerchief,neck
neckgear,neck
necklace,neck
neckless,neck
necklet,neck
necklike,neck
neckline,neck
neckpiece,neck
necktie,neck
neckwear,neck
neckweed,neck
nectared,nectar
nectariferous,nectar
nectarine,nectar
nectarivorous,nectar
nectarous,nectar
neddy,ned
needer,need
needful,need
needfulness,needful
needlecord,needle
needlecraft,needle
needlefish,needle
needleful,needle
needleless,needle
needlelike,needle
needlepoint,needle
needler,needle
needless,need
needlessness,needless
needlestick,needle
needlewoman,needle
needlework,needle
needling,need
needly,need
needment,need
needy,need
negater,negate
negational,negation
negationist,negation
negativeness,negative
neglectable,neglect
neglectedness,neglected
neglecter,neglect
neglectful,neglect
neglection,neglect
neglective,neglect
negrohead,negro
negroid,negro
negroism,negro
negrophile,negro
negrophilism,negro
negrophilist,negro
neighborhood,neighbor
neighborless,neighbor
neighborly,neighbor
neighbourhood,neighbour
neighbourly,neighbour
nektonic,nekton
nematocystic,nematocyst
neoned,neon
nerdish,nerd
nerdy,nerd
nerveless,nerve
nervelessness,nerveless
nervelet,nerve
nervousness,nervous
neshness,nesh
nestable,nest
nester,nest
nestful,nest
nestle,nest
nestler,nestle
nestlike,nest
nestling,nest
nestmate,nest
netball,net
netballer,netball
netful,net
nethead,net
netheless,ne
nethermore,nether
nethermost,nether
netherward,nether
netherwards,nether
netless,net
netlike,net
netminder,net
netspeak,net
netsurf,net
netsurfer,net
netsurfing,net
nettable,net
netter,net
nettie,net
netting,net
nettlelike,nettle
nettler,nettle
nettlesome,nettle
netty,net
networker,network
neurilemmal,neurilemma
neuroglial,neuroglia
neuromatous,neuroma
neuronal,neuron
neuronic,neuron
neuropteran,neuroptera
neuroticism,neurotic
neurular,neurula
neurulation,neurula
neustonic,neuston
neuter,ne
neutralise,neutral
neutraliser,neutralise
neutralism,neutral
neutralist,neutral
neutralistic,neutral
neutrality,neutral
neutralization,neutral
neutralize,neutral
neutralizer,neutralize
neutralness,neutral
neutrinoless,neutrino
neutronic,neutron
neutrophilic,neutrophil
never,ne
nevermind,never
nevermore,never
nevertheless,never
neverthemore,never
newborn,new
newel,new
newelled,newel
newfangle,new
newfangled,new
newfangledness,newfangled
newfangleness,new
newfound,new
newie,new
newish,new
newishness,newish
newlywed,newly
newness,new
newsagent,news
newsboy,news
newsbreak,news
newscast,news
newscaster,newscast
newsdealer,news
newsdesk,news
newsflash,news
newsgirl,news
newsgroup,news
newshawk,news
newshound,news
newsie,news
newsless,news
newsmaker,news
newsman,news
newsmonger,news
newspaper,news
newspaperdom,newspaper
newspaperism,newspaper
newspaperman,newspaper
newspaperwoman,newspaper
newspeak,new
newsperson,news
newsprint,news
newsreader,news
newsreel,news
newsroom,news
newsstand,news
newstrade,news
newsweekly,news
newswire,news
newswoman,news
newsworthy,news
newswriting,news
newsy,news
nextness,next
niacinamide,niacin
nibbler,nibble
niblet,nib
niblick,nib
niblike,nib
niceish,nice
niceness,nice
nicety,nice
nickelic,nickel
nickeliferous,nickel
nickeline,nickel
nickelise,nickel
nickelize,nickel
nickelous,nickel
nicker,nick
nicknamer,nickname
nicotined,nicotine
nidorous,nidor
nieveful,nieve
niffy,niff
niggardise,niggard
niggardly,niggard
niggerdom,nigger
niggerhead,nigger
niggerish,nigger
niggerism,nigger
niggerling,nigger
niggery,nigger
niggler,niggle
nighness,nigh
nightcap,night
nightclothes,night
nightclub,night
nightclubber,nightclub
nightdress,night
nighted,night
nightfall,night
nightfaring,night
nightfire,night
nightgear,night
nightglow,night
nightgown,night
nighthawk,night
nightie,night
nightless,night
nightlife,night
nightlike,night
nightlong,night
nightly,night
nightpiece,night
nightrider,night
nightscope,night
nightshirt,night
nightside,night
nightspot,night
nightstand,night
nightstick,night
nighttide,night
nighttime,night
nightwalker,night
nightward,night
nightwatchman,night
nightwear,night
nighty,night
nihilistic,nihilist
nilpotent,nil
nimbed,nimb
nimble,nim
nimbleness,nimble
nimbused,nimbus
nimmer,nim
nincompoopery,nincompoop
ninebark,nine
ninefold,nine
nineholes,nine
ninepence,nine
ninepenny,nine
ninepin,nine
niner,nine
ninescore,nine
nineteen,nine
nineteenth,nineteen
nineteenthly,nineteenth
ninety,nine
ninnyish,ninny
ninthly,ninth
nipcheese,nip
nipper,nip
nipplewort,nipple
nippy,nip
nitpick,nit
nitpicker,nitpick
nitpicking,nit
nitpicky,nitpick
nitrogenase,nitrogen
nitrogenization,nitrogen
nitrogenize,nitrogen
nitrogenous,nitrogen
nitrometer,nitro
nitrometric,nitro
nitrophilous,nitro
nitty,nit
nitwit,nit
nitwittery,nitwit
nixer,nix
nixie,nix
nizamate,nizam
nobbler,nobble
nobbut,no
nobby,nob
nobleman,noble
nobleness,noble
noblewoman,noble
nobody,no
nocently,nocent
nocturnality,nocturnal
nocuousness,nocuous
nodalise,nodal
nodalize,nodal
nodder,nod
noddy,nod
noduled,nodule
nohow,no
nohowish,nohow
noily,noil
noirish,noir
noiseful,noise
noiseless,noise
noisemaker,noise
noisemaking,noise
noisenik,noise
noisomeness,noisome
nomadic,nomad
nomadism,nomad
nomadization,nomad
nomadize,nomad
nominalisation,nominal
nominalise,nominal
nominalism,nominal
nominalist,nominal
nominalistic,nominalist
nominalization,nominal
nominalize,nominal
nonagon,nona
nonagonal,nonagon
nonesuch,none
nonetheless,none
nonillionth,nonillion
nonmetallic,nonmetal
nonobservance,no
nonpartisanship,nonpartisan
nonpayment,no
nonrandomness,non
nonspecificity,nonspecific
nonuplet,nonuple
noodledom,noodle
nooklike,nook
nooky,nook
noonday,noon
nooner,noon
nooning,noon
nooselike,noose
nooser,noose
noplace,no
normalcy,normal
normalisation,normal
normalise,normal
normality,normal
normalization,normal
normalize,normal
normalizer,normalize
normed,norm
normless,norm
northbound,north
northeast,north
northeaster,north
northeastern,north
northeastward,northeast
northeastwardly,northeastward
norther,north
northerly,norther
northern,north
northerner,northern
northernism,northern
northernize,northern
northernmost,northern
northing,north
northland,north
northmost,north
northward,north
northwardly,northward
northwards,north
northwest,north
northwester,northwest
northwesterly,north
northwestern,north
northwestward,northwest
northwestwards,northwest
nosebag,nose
noseband,nose
nosebleed,nose
nosebleeding,nose
nosedive,nose
nosegay,nose
noseless,nose
noselike,nose
nosepiece,nose
noser,nose
nosey,nose
nosher,nosh
noshery,nosh
notableness,notable
notaryship,notary
notational,notation
notchback,notch
notcher,notch
notchy,notch
notebook,note
notecard,note
notecase,note
notedness,noted
noteless,note
notelet,note
notepaper,note
noter,note
noteworthy,note
nothing,no
nothingarian,nothing
nothingarianism,nothingarian
nothingism,nothing
nothingness,nothing
noticeability,notice
noticeable,notice
noticer,notice
notional,notion
notionalist,notional
notionality,notional
notionist,notion
notochordal,notochord
notwithstanding,not
noughties,nought
noumenality,noumenal
nounal,noun
nounless,noun
nouny,noun
nourishable,nourish
nourisher,nourish
nourishment,nourish
novalike,nova
noveldom,novel
novelese,novel
novelette,novel
novelise,novel
noveliser,novelise
novelish,novel
novelism,novel
novelist,novel
novelistic,novelist
novelization,novel
novelize,novel
novelizer,novelize
novelty,novel
novicehood,novice
noviceship,novice
nowadays,now
nowhence,no
nowhere,no
nowhither,no
nowness,now
noxiousness,noxious
noyous,noy
nubber,nub
nubbin,nub
nubby,nub
nuchal,nucha
nuclearisation,nuclear
nuclearise,nuclear
nuclearize,nuclear
nucleonic,nucleon
nucleonics,nucleon
nucleophilicity,nucleophilic
nucleoplasmic,nucleoplasm
nudeness,nude
nudger,nudge
nuggety,nugget
nuisancer,nuisance
nullification,null
nullify,null
nulliparous,null
nullity,null
nullness,null
number,numb
numberable,number
numberer,number
numbering,number
numberless,number
numbfish,numb
numbness,numb
numbskull,numb
numbskulled,numb
numerical,numeric
numerousness,numerous
numinousness,numinous
nunhood,nun
nunlike,nun
nunnation,nun
nunnery,nun
nunnish,nun
nunnishness,nunnish
nunship,nun
nuptiality,nuptial
nurdy,nurd
nursehound,nurse
nurselike,nurse
nursemaid,nurse
nurser,nurse
nurserymaid,nursery
nurseryman,nursery
nurturer,nurture
nutarian,nut
nutational,nutation
nutbar,nut
nutcase,nut
nutcracker,nut
nutgall,nut
nutgrass,nut
nuthatch,nut
nuthouse,nut
nutjobber,nut
nutlet,nut
nutlike,nut
nutmeal,nut
nutmeat,nut
nutmeggy,nutmeg
nutpecker,nut
nutpick,nut
nutrimental,nutriment
nutritional,nutrition
nutritionist,nutrition
nutritiousness,nutritious
nutsedge,nut
nutso,nuts
nutsy,nuts
nutter,nut
nuttery,nut
nutty,nut
nutwood,nut
nuzzler,nuzzle
nyloned,nylon
nymphal,nymph
nymphet,nymph
nymphette,nymph
nymphic,nymph
nymphish,nymph
nymphlike,nymph
nymphly,nymph
nympholepsy,nympho
nympholeptic,nympho
nymphomaniac,nymphomania
oafish,oaf
oafishness,oafish
oaked,oak
oaken,oak
oakleaf,oak
oaklike,oak
oakling,oak
oakmoss,oak
oakwood,oak
oaky,oak
oarage,oar
oarfish,oar
oarless,oar
oarlike,oar
oarlock,oar
oarsman,oar
oarsmanship,oarsman
oarswoman,oar
oarweed,oar
oary,oar
oatcake,oat
oaten,oat
oater,oat
oathable,oath
oatlike,oat
oaty,oat
obdurateness,obdurate
obeahism,obeah
obeliskoid,obelisk
obeseness,obese
obeyable,obey
obeyer,obey
obiism,obi
objectification,object
objectify,object
objection,object
objectionable,objection
objective,object
objectiveness,objective
objectivistic,objectivist
objectless,object
objector,object
oblateness,oblate
oblational,oblation
obligational,obligation
obligee,oblige
obligement,oblige
obliger,oblige
obligingness,obliging
obliqueness,oblique
obnoxiousness,obnoxious
obsceneness,obscene
obscurantist,obscurant
obscurement,obscure
obscureness,obscure
obscurer,obscure
obsequiousness,obsequious
observableness,observable
observational,observation
observer,observe
obsession,obsess
obsessional,obsession
obsessionist,obsession
obsessive,obsess
obsessor,obsess
obsoleteness,obsolete
obstructer,obstruct
obstructingly,obstructing
obstructional,obstruction
obstructionism,obstruction
obstructionist,obstruction
obstructive,obstruct
obtainability,obtain
obtainable,obtain
obtainer,obtain
obtainment,obtain
obtruder,obtrude
obtundity,obtund
obtuseness,obtuse
obviousness,obvious
occasional,occasion
occasionalism,occasional
occasionalist,occasional
occasionality,occasional
occasioner,occasion
occidental,occident
occidentalism,occidental
occidentalist,occidental
occidentalize,occidental
occluder,occlude
occlusiveness,occlusive
occultation,occult
occulter,occult
occultism,occult
occultist,occult
occultness,occult
occupational,occupation
occurrence,occur
oceanarium,ocean
oceanaut,ocean
oceanfront,ocean
oceangoing,ocean
oceanic,ocean
oceanography,ocean
oceanology,ocean
oceanside,ocean
oceanview,ocean
oceanward,ocean
ocherish,ocher
ochery,ocher
ochreate,ochrea
ochrey,ochre
ockerism,ocker
octadic,octad
octagon,octa
octagonal,octagon
octahedral,octa
octamerous,octa
octantal,octant
octastyle,octa
octillionth,octillion
octopusher,octopush
octuplet,octuple
ocularist,ocular
odaller,odal
oddball,odd
oddish,odd
oddity,odd
oddment,odd
oddness,odd
oddsmaker,odds
oddsman,odds
odeum,ode
odic,od
odiousness,odious
odism,od
odontoblastic,odontoblast
odored,odor
odorful,odor
odoriferous,odor
odorimetry,odor
odorise,odor
odoriser,odorise
odorize,odor
odorizer,odorize
odorless,odor
odorous,odor
odorousness,odorous
odourless,odour
offenceful,offence
offenceless,offence
offender,offend
offenseless,offense
offensiveness,offensive
offer,off
offerable,offer
offeree,offer
offerer,offer
offering,offer
offeror,offer
offhandedness,offhanded
officeholder,office
officer,office
officialdom,official
officialese,official
officialism,official
officiality,official
officialty,official
offing,off
offish,off
offishness,offish
offprint,off
offput,off
offscreen,off
offsetting,offset
offsider,offside
offstage,off
offy,off
oftenness,often
ofttimes,oft
ogamic,ogam
ogeed,ogee
oghamic,ogham
ogler,ogle
ogreish,ogre
ogreism,ogre
ogress,ogre
ohmage,ohm
ohmic,ohm
ohmmeter,ohm
oilbird,oil
oilcan,oil
oilcloth,oil
oilcup,oil
oiler,oil
oilman,oil
oilnut,oil
oilpaper,oil
oilproof,oil
oilseed,oil
oilskin,oil
oilstone,oil
oiltight,oil
oilway,oil
oily,oil
ointment,oint
olden,old
oldfangled,old
oldie,old
oldish,old
oldness,old
oldsquaw,old
oldster,old
oldy,old
oleaginousness,oleaginous
olefinic,olefin
oleography,oleo
oleophilic,oleo
oligarchal,oligarch
oligarchic,oligarch
oligarchical,oligarch
oligomeric,oligomer
oligomerization,oligomer
olivewood,olive
ombudsmanship,ombudsman
ominousness,ominous
omissiveness,omissive
omittance,omit
omitter,omit
omniformity,omniform
onboard,on
oncer,once
oncogenicity,oncogenic
oncostman,oncost
onefold,one
oneness,one
oner,one
onerousness,onerous
oneself,one
onesie,one
onetime,one
ongoing,on
ongoingness,ongoing
onionskin,onion
oniony,onion
online,on
onliner,online
onlooker,on
onscreen,on
onsetter,on
onshore,on
onside,on
onstage,on
onto,on
ontogenesis,onto
ontogenic,onto
ontogeny,onto
onward,on
onwardly,onward
onwards,on
oocyte,oo
oofy,oof
oolite,oo
oolith,oo
oologic,oo
oological,oo
oologist,oo
oophyte,oo
oothecal,ootheca
opaled,opal
opalesce,opal
opalescence,opal
opalescent,opal
opaline,opal
opaqueness,opaque
opcode,op
openability,open
openable,open
opencast,open
opener,open
openhearted,open
opening,open
openness,open
openside,open
openwork,open
operagoer,opera
operagoing,opera
operatic,opera
operational,operation
operationalism,operational
operationalist,operational
operationism,operation
operationist,operation
operatorless,operator
operoseness,operose
opinionate,opinion
opinionately,opinionate
opiumism,opium
opportunistic,opportunist
opposeless,oppose
opposer,oppose
oppositeness,opposite
oppositional,opposition
oppositionist,opposition
oppressive,oppress
oppressor,oppress
oppugner,oppugn
opsimathy,opsimath
optant,opt
opter,opt
optical,optic
opticist,optic
optimalise,optimal
optimality,optimal
optimistic,optimist
optimizer,optimize
option,opt
optional,option
optionality,optional
optionee,option
opuscule,opus
oracularity,oracular
oracularness,oracular
oralism,oral
oralist,oral
orality,oral
orangeade,orange
orangery,orange
orangewood,orange
orangey,orange
orbicularity,orbicular
orbital,orbit
orbiter,orbit
orbity,orb
orbless,orb
orblike,orb
orby,orb
orcharding,orchard
orchardist,orchard
orchardman,orchard
orchestral,orchestra
orchestralist,orchestral
orchestrate,orchestra
orchestrater,orchestrate
orchestrational,orchestration
orchestrator,or
orchidaceous,orchid
orchideous,orchid
orchidist,orchid
orchidlike,orchid
orchidologist,orchid
orchidology,orchid
orchidomania,orchid
orchidomaniac,orchid
ordainable,ordain
ordainer,ordain
ordainment,ordain
orderable,order
orderer,order
orderless,order
orderly,order
orebody,ore
organelle,organ
organicism,organic
organicist,organic
organicistic,organicist
organicity,organic
organisational,organisation
organise,organ
organiser,organise
organism,organ
organismal,organism
organismic,organism
organist,organ
organity,organ
organizational,organization
organize,organ
organizer,organize
organology,organ
orielled,oriel
orientalism,oriental
orientalist,oriental
orientality,oriental
orientalize,oriental
orientate,orient
orientation,orient
orientational,orientation
orientator,or
orienter,orient
original,origin
originality,original
originate,origin
originator,or
ornamental,ornament
ornamentation,ornament
ornamenter,ornament
ornamentist,ornament
ornateness,ornate
orotundity,orotund
orphanage,orphan
orphanhood,orphan
orphanism,orphan
orthocephaly,ortho
orthoclase,ortho
orthodontics,orthodontic
orthodoxy,orthodox
orthogenesis,ortho
orthogenic,ortho
orthognathic,ortho
orthognathism,ortho
orthognathous,ortho
orthogonality,orthogonal
orthogonalize,orthogonal
orthograde,ortho
orthograph,ortho
orthopaedical,orthopaedic
orthopedical,orthopedic
orthopnoea,ortho
orthopter,ortho
orthoscope,ortho
orthotonesis,orthotone
orthotopic,ortho
orthotropic,ortho
orthotropy,ortho
oscillational,oscillation
osiered,osier
ossification,os
ostentation,ostent
osteoblastic,osteoblast
osteoclastic,osteoclast
osteodermal,osteoderm
ostleress,ostler
ostracizer,ostracize
ostrichism,ostrich
ostrichlike,ostrich
otherness,other
otherwhere,other
otherwhile,other
otherwise,other
otherworld,other
otherworldish,otherworld
otioseness,otiose
otocystic,otocyst
otolithic,otolith
oughtness,ought
ours,our
ourself,our
ouster,oust
outage,out
outback,out
outbacker,outback
outbidder,outbid
outbox,out
outbuilding,out
outburst,out
outbye,out
outcome,out
outdatedness,outdated
outdoer,outdo
outdoors,out
outdoorsman,outdoors
outdoorsmanship,outdoorsman
outdoorsy,outdoors
outdraw,out
outer,out
outercoat,outer
outermost,outer
outerwear,outer
outfielder,outfield
outfitter,outfit
outgate,out
outgoer,outgo
outgoing,out
outgoingness,outgoing
outguard,out
outing,out
outlander,outland
outlandish,outland
outlawry,outlaw
outlier,outlie
outline,out
outliner,outline
outliver,outlive
outmodedness,outmoded
outmost,out
outness,out
outpart,out
outplacer,outplace
outpourer,outpour
output,out
outrageous,outrage
outright,out
outside,out
outsider,outside
outsiderness,outsider
outspan,out
outspokenness,outspoken
outswinger,outswing
outvoter,out
outward,out
outwardness,outward
outwards,out
outwith,out
ovality,oval
ovalness,oval
ovational,ovation
ovenable,oven
ovenbird,oven
ovenlike,oven
ovenproof,oven
ovenware,oven
ovenwood,oven
overachiever,overachieve
overage,over
overall,over
overalled,overall
overbearingness,overbearing
overbidder,overbid
overclocker,overclock
overcomer,overcome
overdoer,overdo
overeater,overeat
overflowing,overflow
overfondness,overfond
overfullness,overfull
overfunding,overfund
overgrainer,overgrain
overkindness,overkind
overking,over
overland,over
overlander,overland
overleaf,over
overleap,over
overlength,over
overlocker,overlock
overlooker,overlook
overlordship,overlord
overly,over
overman,over
overniceness,overnice
overnight,over
overnighter,overnight
overreacher,overreach
overrider,override
overripeness,overripe
overruler,overrule
overrunner,overrun
oversea,over
overseas,oversea
overseer,oversee
overside,over
oversman,over
overspender,overspend
overstatement,overstate
overstayer,overstay
overstep,over
oversweetness,oversweet
overthrower,overthrow
overtimer,overtime
overtness,overt
overtreatment,overtreat
overturner,overturn
overwear,over
overweening,overween
overweeningness,overweening
overzealousness,overzealous
oviductal,oviduct
ovipositional,oviposition
ower,owe
owie,ow
owler,owl
owlery,owl
owlet,owl
owlish,owl
owlishness,owlish
owllike,owl
owly,owl
ownable,own
owner,own
ownerless,owner
ownership,owner
ownsome,own
oxblood,ox
oxbow,ox
oxcart,ox
oxeye,ox
oxgang,ox
oxgate,ox
oxhead,ox
oxheart,ox
oxhide,ox
oxidational,oxidation
oxidiser,oxidise
oxidizer,oxidize
oxland,ox
oxlike,ox
oxpecker,ox
oxtongue,ox
oxygenase,oxygen
oxygenation,oxygen
oxygenic,oxygen
oxygenise,oxygen
oxygenize,oxygen
oxygenless,oxygen
oxygenous,oxygen
oxymoronic,oxymoron
oxyphilic,oxy
oystercatcher,oyster
oysterer,oyster
oysterman,oyster
ozoniser,ozonise
ozonizer,ozonize
pacemaker,pace
pacemaking,pace
paceman,pace
pacer,pace
pacesetter,pace
pacesetting,pace
paceway,pace
pacey,pace
pacificism,pacific
pacificist,pacific
pacifistic,pacifist
packability,pack
packable,pack
package,pack
packager,package
packboard,pack
packcloth,pack
packer,pack
packetize,packet
packhorse,pack
packing,pack
packinghouse,packing
packman,pack
packmule,pack
packsack,pack
packsheet,pack
packthread,pack
packway,pack
pactional,paction
padder,pad
padding,pad
paddleball,paddle
paddleboard,paddle
paddleboat,paddle
paddlefish,paddle
paddler,paddle
paddock,pad
paddymelon,paddy
padnag,pad
paeanism,paean
paederastic,paederast
paedogenesis,paedo
paedologist,paedo
paedomorphic,paedo
paedophilic,paedo
paeonic,paeon
pagandom,pagan
paganise,pagan
paganish,pagan
paganism,pagan
paganist,pagan
paganistic,pagan
paganization,pagan
paganize,pagan
paganizer,paganize
pageantry,pageant
pageboy,page
pageful,page
pagehood,page
pager,page
pageview,page
pailful,pail
painful,pain
painfulness,painful
painkiller,pain
painkilling,pain
painless,pain
painlessness,painless
painstaker,pains
painstaking,pain
paintable,paint
paintball,paint
paintbox,paint
paintbrush,paint
painter,paint
painterly,painter
painting,paint
paintpot,paint
painture,paint
paintwork,paint
painty,paint
pairwise,pair
pajamaed,pajama
palatalise,palatal
palatalization,palatal
palatialness,palatial
palaverer,palaver
paleal,palea
paleface,pale
paleness,pale
palet,pale
palewise,pale
palfreyed,palfrey
palletisation,pallet
palletise,pallet
palletization,pallet
palletize,pallet
palletizer,palletize
pallidity,pallid
pallidness,pallid
pally,pal
palmaceous,palm
palmate,palm
palmerworm,palmer
palmette,palm
palmful,palm
palmhouse,palm
palmification,palm
palmist,palm
palmistry,palm
palmlike,palm
palmprint,palm
palmtop,palm
palmy,palm
palpableness,palpable
palpebral,palpebra
palship,pal
palsy,pal
palsylike,palsy
palterer,palter
pamperedness,pampered
pamperer,pamper
pamphleteer,pamphlet
pamphleteering,pamphleteer
panacean,panacea
pancake,pan
pandectist,pandect
pandemoniacal,pandemoniac
panderer,pander
panderess,pander
panderism,pander
panderly,pander
panderous,pander
panegyrical,panegyric
paneless,pane
panelist,panel
panellist,panel
panfish,pan
panful,pan
pangamy,pan
pangless,pang
pangram,pan
panhandle,pan
panicky,panic
panicled,panicle
panlike,pan
panner,pan
panniered,pannier
pannikin,pan
pannist,pan
panophobia,pan
panpipe,pan
pansexualist,pansexual
pansexuality,pansexual
panspermy,pan
pantalooned,pantaloon
pantaloonery,pantaloon
panter,pant
pantheistical,pantheistic
pantheress,panther
pantherine,panther
pantherish,panther
pantile,pan
pantiled,pantile
pantleg,pant
pantographer,pantograph
pantophagous,panto
pantophagy,panto
pantophobia,panto
pantoscope,panto
pantrymaid,pantry
pantryman,pantry
pantsuit,pant
pantsuited,pantsuit
pantyhose,panty
papalism,papal
papalist,papal
papalize,papal
paperback,paper
paperbacker,paperback
paperbark,paper
paperboard,paper
paperbound,paper
paperboy,paper
paperer,paper
papergirl,paper
paperhanger,paper
paperhanging,paper
paperknife,paper
paperless,paper
papermaker,paper
papermaking,paper
paperware,paper
paperweight,paper
papery,paper
papillar,papilla
papillary,papilla
papillate,papilla
papillomatosis,papilloma
papillomavirus,papilloma
papisher,papish
papistic,papist
papistry,papist
pappy,pap
parabiosis,para
parabiotic,para
parablast,para
parablastic,parablast
paraboloidal,paraboloid
paracentesis,para
parader,parade
paradoxal,paradox
paradoxer,paradox
paradoxical,paradox
paradoxicality,paradoxical
paradoxist,paradox
paradoxology,paradox
paraffinic,paraffin
paraffiny,paraffin
paragenesis,para
paraglossal,paraglossa
paragnathous,para
paragrammatist,paragram
paragrapher,paragraph
paragraphic,paragraph
paragraphist,paragraph
paralalia,para
parallelise,parallel
parallelism,parallel
parallelistic,parallel
parallelize,parallel
parallelwise,parallel
paralogue,para
paralyser,paralyse
paralyzer,paralyze
parameterise,parameter
parameterize,parameter
paramorph,para
paramountcy,paramount
paranoiac,paranoia
paranormality,para
parapeted,parapet
paraphasia,para
paraphraser,paraphrase
paraphrenia,para
paraphysis,para
paraplegic,para
paratactical,paratactic
parcelwise,parcel
parchedness,parched
parchmentize,parchment
parchmenty,parchment
pardine,pard
pardonable,pardon
pardonableness,pardonable
pardoner,pardon
pardonless,pardon
parenchymal,parenchyma
parenthood,parent
parentless,parent
parer,pare
parfocality,parfocal
parfocalize,parfocal
pargeter,parget
parker,park
parkette,park
parkie,park
parkish,park
parkland,park
parkleaves,park
parklike,park
parkly,park
parkward,park
parkwards,park
parkway,park
parky,park
parleyer,parley
parliamentarian,parliament
parliamentary,parliament
parlourmaid,parlour
parlousness,parlous
parochialism,parochial
parochiality,parochial
parochialize,parochial
parolee,parole
paronychial,paronychia
paronymic,paronym
paronymous,paronym
paroxysmal,paroxysm
paroxysmic,paroxysm
parquetry,parquet
parroter,parrot
parrotfish,parrot
parrotry,parrot
parroty,parrot
parser,parse
parsleyed,parsley
parsonage,parson
parsonic,parson
parsonical,parson
parsonish,parson
partaker,partake
parter,part
partialism,partial
partialist,partial
partialize,partial
partialness,partial
participate,part
participational,participation
particularism,particular
particularist,particular
particularity,particular
particularize,particular
particularizer,particularize
parting,part
partisanly,partisan
partisanship,partisan
partitioner,partition
partitionist,partition
partitionment,partition
partizanship,partizan
partly,part
partnerless,partner
partnership,partner
parton,part
partridgeberry,partridge
partway,part
partwork,part
party,part
partygoer,party
partyism,party
pashadom,pasha
pasquiler,pasquil
pasquinader,pasquinade
passable,pass
passableness,passable
passager,passage
passageway,passage
passagework,passage
passband,pass
passbook,pass
passee,pass
passer,pass
passibleness,passible
passimeter,pass
passing,pass
passional,passion
passionate,passion
passionateness,passionate
passionless,passion
passiveness,passive
passkey,pass
passless,pass
passman,pass
passport,pass
password,pass
pastalike,pasta
pasteboard,paste
pastelike,paste
pastelist,pastel
pastellist,pastel
paster,paste
pasteurizer,pasteurize
pastless,past
pastness,past
pastoralism,pastoral
pastoralist,pastoral
pastoralness,pastoral
pastorate,pastor
pastorly,pastor
pastorship,pastor
pastrycook,pastry
pastureland,pasture
pastureless,pasture
pasturer,pasture
patball,pat
patchable,patch
patchboard,patch
patcher,patch
patchwork,patch
patchy,patch
pated,pate
patellar,patella
patellate,patella
patentability,patent
patentable,patent
patentee,patent
patentor,patent
paternalism,paternal
paternalist,paternal
paternalistic,paternal
pathbreaking,path
pathfinder,path
pathfinding,path
pathless,path
pathlessness,pathless
pathname,path
pathogenicity,pathogenic
pathway,path
patinaed,patina
patinate,patina
patination,patina
patness,pat
patriality,patrial
patriarchal,patriarch
patriarchalism,patriarchal
patriarchate,patriarch
patriarchism,patriarch
patrifocality,patrifocal
patriotic,patriot
patriotism,patriot
patristicism,patristic
patroller,patrol
patrolman,patrol
patrolwoman,patrol
patronage,patron
patroness,patron
patronise,patron
patroniser,patronise
patronize,patron
patronizer,patronize
patronless,patron
patronly,patron
patroonship,patroon
patter,pat
patterer,patter
patterning,pattern
patternless,pattern
pattypan,patty
patulousness,patulous
paunchy,paunch
pauperdom,pauper
pauperess,pauper
pauperism,pauper
pauperize,pauper
pauseful,pause
pauseless,pause
pauser,pause
pavement,pave
paven,pave
paver,pave
pawer,paw
pawky,pawk
pawnable,pawn
pawnage,pawn
pawnbroker,pawn
pawnee,pawn
pawner,pawn
pawnshop,pawn
pawnticket,pawn
payable,pay
paycheck,pay
paycheque,pay
payday,pay
payee,pay
payer,pay
paygrade,pay
paying,pay
payload,pay
paymaster,pay
payment,pay
payola,pay
payor,pay
payphone,pay
payslip,pay
paywall,pay
peaberry,pea
peabrain,pea
peaceable,peace
peaceful,peace
peacefulness,peaceful
peacekeeper,peace
peacekeeping,peace
peaceless,peace
peacelessness,peaceless
peacemaking,peace
peacenik,peace
peacetime,peace
peachblow,peach
peacher,peach
peachick,pea
peacock,pea
peacockery,peacock
peacockish,peacock
peacocky,peacock
peafowl,pea
peahen,pea
peakedness,peaked
peakish,peak
peakless,peak
peaklike,peak
peaky,peak
pealike,pea
peanut,pea
peanutty,peanut
peapod,pea
pearlash,pearl
pearler,pearl
pearlescent,pearl
pearlin,pearl
pearlite,pearl
pearlized,pearl
pearlware,pearl
pearlwort,pearl
pearly,pearl
pearwood,pear
peasantry,peasant
peasanty,peasant
peashooter,pea
peatery,peat
peatland,peat
peatman,peat
peaty,peat
pecker,peck
peckish,peck
peckishness,peckish
pecky,peck
pectinaceous,pectin
pectinate,pectin
pectinated,pectin
pectinesterase,pectin
peculiarise,peculiar
peculiarity,peculiar
peculiarize,peculiar
pedagogical,pedagogic
pedalboat,pedal
pedaler,pedal
pedaller,pedal
pedalo,pedal
pedantic,pedant
pedantical,pedant
pedanticism,pedantic
pedanticize,pedantic
pedantise,pedant
pedantism,pedant
pedantize,pedant
pedantocracy,pedant
pedantocrat,pedant
pedantry,pedant
peddlery,peddler
pederastic,pederast
pedestrianise,pedestrian
pedestrianism,pedestrian
pedestrianize,pedestrian
pediatrician,pediatric
pediatrics,ped
pedicellate,pedicel
pedicled,pedicle
pedigreed,pedigree
pedimental,pediment
pedimented,pediment
pedocalic,pedocal
peduncled,peduncle
peekaboo,peek
peelable,peel
peeler,peel
peeper,peep
peephole,peep
peepshow,peep
peer,pee
peerage,peer
peeress,peer
peerless,peer
peerlessness,peerless
peery,peer
peevishness,peevish
pegboard,peg
pegbox,peg
pegless,peg
peglike,peg
pegtop,peg
pelletal,pellet
pelletization,pellet
pelletize,pellet
pelletizer,pelletize
pellucidity,pellucid
pellucidness,pellucid
pelter,pelt
peltingly,pelting
peltless,pelt
peltmonger,pelt
peltry,pelt
penalise,penal
penalization,penal
penalize,penal
penciler,pencil
pencraft,pen
pendicler,pendicle
pendragonship,pendragon
pendulousness,pendulous
penetrativeness,penetrative
penfold,pen
penfriend,pen
penful,pen
penguinery,penguin
penguinry,penguin
penholder,pen
penicillinase,penicillin
peninsulate,peninsula
penknife,pen
penlight,pen
penlike,pen
penlite,pen
penman,pen
penmanship,pen
pennalism,pennal
pennated,pennate
pennatula,penna
penner,pen
pennoncel,pen
pennoned,pennon
pennycress,penny
pennyland,penny
pennyweight,penny
pennywhistle,penny
pennywise,penny
pennywort,penny
pennyworth,penny
penpoint,pen
pensileness,pensile
pensionable,pension
pensionary,pension
pensioner,pension
pensionless,pension
pensiveness,pensive
penster,pen
pent,pen
pentad,pent
pentadactylism,pentadactyl
pentadactyly,pentadactyl
pentadic,pentad
pentagonal,pentagon
pentane,pent
pentangular,pent
pentarchy,pent
pentel,pen
pentene,pent
penthemimeral,penthemimer
pentode,pent
penumbral,penumbra
penwiper,pen
penwoman,pen
peonage,peon
peonism,peon
peoplehood,people
peopleless,people
peopler,people
pepful,pep
peplumed,peplum
pepperbox,pepper
peppercorn,pepper
peppercorny,peppercorn
pepperer,pepper
peppergrass,pepper
peppermint,pepper
pepperminty,peppermint
pepperwort,pepper
peppery,pepper
peppy,pep
pepsinogen,pepsin
peptizer,peptize
perceiver,perceive
percental,percent
percentile,percent
perceptional,perception
percher,perch
perchery,perch
percussional,percussion
percussionist,percussion
percussive,percuss
percussiveness,percussive
perditionable,perdition
perenniality,perennial
perfectation,perfect
perfecter,perfect
perfectibility,perfect
perfectible,perfect
perfection,perfect
perfectionate,perfection
perfectionism,perfection
perfectionist,perfection
perfectionistic,perfectionist
perfective,perfect
perfectness,perfect
perfector,perfect
perfervidity,perfervid
perfervidness,perfervid
perfidiousness,perfidious
performability,perform
performable,perform
performance,perform
performative,perform
performatory,perform
performer,perform
performing,perform
perfumeless,perfume
perfumer,perfume
perfumery,perfume
periblast,peri
pericarpic,pericarp
periclinal,peri
periderm,peri
peridermic,periderm
peridotic,peridot
peridotite,peridot
perilous,peril
perilousness,perilous
perimetry,peri
perimorph,peri
perimorphic,perimorph
perimorphism,perimorph
periodic,period
periodical,period
periodicalist,periodical
periodicity,periodic
periodization,period
periodize,period
peripateticism,peripatetic
peripherality,peripheral
periplasm,peri
periscope,peri
perishability,perish
perishable,perish
perishableness,perishable
perisher,perish
perispermic,perisperm
perjurer,perjure
perkish,perk
perky,perk
perlocutionary,perlocution
permanentness,permanent
permeableness,permeable
permittance,permit
permittee,permit
permitter,permit
permutational,permutation
perorational,peroration
perpetualism,perpetual
perpetualist,perpetual
perpetuality,perpetual
perplexedness,perplexed
perplexer,perplex
perplexity,perplex
persecutee,persecute
persistence,persist
persistency,persist
persistent,persist
persister,persist
persistive,persist
personable,person
personage,person
personal,person
personalise,personal
personalism,personal
personalist,personal
personalistic,personal
personality,personal
personalize,personal
personalty,personal
personative,person
personhood,person
personify,person
personise,person
personize,person
personpower,person
perspicuousness,perspicuous
persuader,persuade
pertness,pert
perturbable,perturb
perturbational,perturbation
perturbative,perturb
perturber,perturb
peruked,peruke
peruser,peruse
pervader,pervade
perverseness,perverse
pervertedness,perverted
perverter,pervert
pervertible,pervert
perviousness,pervious
pervy,perv
pessimistic,pessimist
pesterer,pester
pesterment,pester
pesterous,pester
pestful,pest
pesthole,pest
pesthouse,pest
pesticidal,pest
pesticide,pest
pestology,pest
pesty,pest
petaled,petal
petaliferous,petal
petalism,petal
petalled,petal
petallike,petal
petaloid,petal
petalomania,petal
petalous,petal
petcock,pet
petechial,petechia
peterman,peter
petioled,petiole
petiteness,petite
petitionary,petition
petitioner,petition
petitionist,petition
petnap,pet
petroglyphy,petroglyph
petrolage,petrol
petroleous,petrol
petrolhead,petrol
petrolic,petrol
petroliferous,petrol
pettable,pet
pettedness,petted
petter,pet
petticoated,petticoat
pettifoggery,pettifogger
pettish,pet
pettishness,pettish
pewholder,pew
pewterer,pewter
pewtery,pewter
phallicism,phallic
phallicist,phallic
phantasmagorial,phantasmagoria
phantasmal,phantasm
phantasmic,phantasm
phantomish,phantom
phantomlike,phantom
phantomy,phantom
pharmaceutics,pharmaceutic
pharmacopeial,pharmacopeia
pharmacopoeial,pharmacopoeia
phaseless,phase
phaser,phase
pheasantry,pheasant
phellodermal,phelloderm
pheneticist,phenetic
phenetics,phenetic
phenocrystic,phenocryst
phenolic,phenol
phenolphthalein,phenol
phenotypical,phenotypic
phenylalanine,phenyl
phenylic,phenyl
phenylmethyl,phenyl
phenylthiourea,phenyl
phialiform,phial
philanderer,philander
philosopheress,philosopher
philosophess,philosophe
philosophizer,philosophize
phisher,phish
phlegmaticness,phlegmatic
phlegmonic,phlegmon
phlegmonoid,phlegmon
phlegmonous,phlegmon
phlegmy,phlegm
phlogisticate,phlogistic
phoenixism,phoenix
phoenixlike,phoenix
phonecam,phone
phonecard,phone
phoneme,phone
phonemicist,phonemic
phonemicize,phonemic
phoner,phone
phonetic,phone
phonetical,phonetic
phoneticism,phonetic
phoneticist,phonetic
phoneticize,phonetic
phonetics,phonetic
phoneyness,phoney
phonics,phon
phonogram,phono
phonograph,phono
phonolite,phono
phonology,phono
phonometer,phono
phonometric,phono
phonon,phono
phonophobia,phono
phonophore,phono
phonoscope,phono
phonotype,phono
phonotypy,phono
phosphorate,phosphor
phosphoresce,phosphor
phosphorescence,phosphoresce
phosphoric,phosphor
phosphorise,phosphor
phosphorism,phosphor
phosphorite,phosphor
phosphorize,phosphor
phosphorolysis,phosphor
phosphorolytic,phosphor
phosphoroscope,phosphor
phosphoryl,phosphor
phosphorylase,phosphoryl
phosphorylate,phosphoryl
phosphorylation,phosphoryl
photic,phot
photism,phot
photoblog,photo
photobomb,photo
photocall,photo
photocard,photo
photofinisher,photo
photofit,photo
photogen,photo
photogenic,photo
photogram,photo
photograph,photo
photographer,photograph
photographic,photograph
photographist,photograph
photokinesis,photo
photolytic,photo
photolyze,photo
photometric,photo
photometry,photo
photomosaic,photo
photonic,photon
photonics,photon
photonovel,photo
photoperiodism,photoperiod
photophilous,photo
photophobia,photo
photophobic,photo
photophone,photo
photophonic,photo
photophony,photo
photophore,photo
photophoresis,photo
photopia,phot
photopsia,photo
photosphere,photo
photosynthesize,photo
phototroph,photo
phototrophic,photo
phototropic,photo
phototropism,photo
phototypesetter,phototypeset
photovoltaics,photovoltaic
phraseless,phrase
phrasemaker,phrase
phrasemaking,phrase
phraseman,phrase
phrasemonger,phrase
phraseogram,phrase
phraseograph,phrase
phreaker,phreak
phthisicky,phthisic
phylloid,phyllo
phyllomania,phyllo
phyllome,phyllo
phyllophagous,phyllo
phyllopod,phyllo
phyllosphere,phyllo
physicalism,physical
physicalist,physical
physicalistic,physicalist
physicality,physical
physicalness,physical
physician,physic
physiciancy,physician
physicianship,physician
physicism,physic
physicky,physic
physiocracy,physio
physiocrat,physio
physiocratic,physio
physiography,physio
physiolater,physio
physiologic,physio
physiqued,physique
phytonic,phyton
phytoplanktonic,phytoplankton
pial,pia
pianola,piano
pianoless,piano
piccoloist,piccolo
piccy,pic
pickable,pick
pickedness,picked
pickeerer,pickeer
picker,pick
pickerelweed,pickerel
picketer,picket
pickle,pick
pickler,pickle
picklock,pick
pickpocket,pick
pickproof,pick
pickup,pick
picky,pick
picnicker,picnic
picnicky,picnic
picrated,picrate
pictographic,pictograph
pictorialism,pictorial
pictorialist,pictorial
pictorialize,pictorial
picturegoer,picture
picturephone,picture
picturesque,picture
piddler,piddle
pidginization,pidgin
pidginize,pidgin
pieceless,piece
piecemeal,piece
piecen,piece
piecener,piecen
piecer,piece
piecewise,piece
pieceworker,piece
piedish,pie
piedmontite,piedmont
piedness,pied
piehole,pie
pieman,pie
pieplant,pie
pierage,pier
pierceable,pierce
piercer,pierce
piercingness,piercing
pierhead,pier
piet,pie
pietistic,pietist
piezometer,piezo
piezometric,piezo
piezometry,piezo
piffler,piffle
pigboat,pig
pigeonhole,pigeon
pigeonholer,pigeonhole
pigeonite,pigeon
pigeonry,pigeon
pigeonwing,pigeon
pigface,pig
pigfeed,pig
piggery,pig
piggie,pig
piggish,pig
piggishness,piggish
piggy,pig
piglet,pig
piglike,pig
pigling,pig
pigman,pig
pigmental,pigment
pigmentary,pigment
pigmentation,pigment
pigout,pig
pigstick,pig
pigsticker,pig
pigsty,pig
pigswill,pig
pigtailed,pigtail
pigwash,pig
pigweed,pig
pikelike,pike
pikeman,pike
pikeperch,pike
piker,pike
pikestaff,pike
pikey,pike
pilastered,pilaster
pilcher,pilch
pileless,pile
piler,pile
pilework,pile
pilferable,pilfer
pilferage,pilfer
pilferer,pilfer
pilferproof,pilfer
pilgrimage,pilgrim
pilgrimager,pilgrimage
pilgrimize,pilgrim
pillager,pillage
pillarist,pillar
pillarless,pillar
pillbox,pill
pillbug,pill
pillhead,pill
pillionist,pillion
pillowcase,pillow
pillowslip,pillow
pillowy,pillow
pillworm,pill
pillwort,pill
pilotage,pilot
pilothouse,pilot
pilotless,pilot
pilotman,pilot
pimping,pimp
pimpled,pimple
pimpmobile,pimp
pinball,pin
pinboard,pin
pincerlike,pincer
pinchcock,pinch
pincher,pinch
pinchfist,pinch
pinchpenny,pinch
pincushion,pin
pinealectomy,pineal
pineapple,pine
pinecone,pine
pinedrops,pine
pineland,pine
pinelike,pine
pinene,pine
pinery,pine
pinesap,pine
pinewood,pine
pinfall,pin
pinfeather,pin
pinfish,pin
pinger,ping
pinguidity,pinguid
pinhead,pin
pinheaded,pin
pinhole,pin
pinken,pink
pinkeye,pink
pinkish,pink
pinkishness,pinkish
pinkness,pink
pinko,pink
pinkroot,pink
pinky,pink
pinless,pin
pinnal,pinna
pinner,pin
pinnular,pinnula
pinpoint,pin
pinprick,pin
pinsetter,pin
pinspotter,pin
pinstripe,pin
pinstriped,pin
pintable,pin
pintail,pin
pintailed,pin
pintle,pin
pintuck,pin
pinwale,pin
pinweed,pin
pinworm,pin
pion,pi
pionic,pion
piousness,pious
pipeclay,pipe
pipefish,pipe
pipefitting,pipe
pipeful,pipe
pipeless,pipe
pipelike,pipe
pipeline,pipe
piper,pipe
pipestem,pipe
pipestone,pipe
pipework,pipe
pipewort,pipe
pipingly,piping
pipless,pip
pippy,pip
piquantness,piquant
pirouetter,pirouette
pissant,piss
pisser,piss
pisshead,piss
pisshole,piss
pissy,piss
pisted,piste
pistillate,pistil
pitcher,pitch
pitcherful,pitcher
pitchfork,pitch
pitchman,pitch
pitchometer,pitch
pitchout,pitch
pitchperson,pitch
pitchpipe,pitch
pitchpole,pitch
pitchstone,pitch
pitchwoman,pitch
pitchy,pitch
piteousness,piteous
pitfall,pit
pith,pi
pithball,pith
pithead,pit
pithful,pith
pithless,pith
pithlike,pith
pithy,pith
pitiableness,pitiable
pitifulness,pitiful
pitilessness,pitiless
pitlike,pit
pitman,pit
pitsaw,pit
pitter,pit
pittite,pit
pivotable,pivot
pivotal,pivot
pivoter,pivot
pivotman,pivot
pixelate,pixel
pixelation,pixel
pixieish,pixie
pixyish,pixy
pizazzy,pizazz
pizzalike,pizza
pizzazzy,pizzazz
placableness,placable
placater,placate
placeable,place
placeholder,place
placekick,place
placeless,place
placeman,place
placement,place
placental,placenta
placentation,placenta
placer,place
placidity,placid
placidness,placid
placitory,placit
plackless,plack
plagiariser,plagiarise
plaguelike,plague
plaguer,plague
plaguesome,plague
plaguey,plague
plaided,plaid
plaiding,plaid
plaidman,plaid
plainchant,plain
plainclothesman,plainclothes
plainful,plain
plainish,plain
plainness,plain
plainsman,plains
plainsong,plain
plainspoken,plain
plaintful,plaint
plaintless,plaint
plaiter,plait
planarity,planar
planeload,plane
planeness,plane
planer,plane
planeside,plane
planetarium,planet
planetary,planet
planetical,planet
planetlike,planet
planetoid,planet
planetoidal,planetoid
planetologist,planet
planetology,planet
planetwide,planet
planform,plan
planisher,planish
planking,plank
planklike,plank
planktonic,plankton
planless,plan
planlessness,planless
planner,plan
planogram,plan
plantable,plant
plantage,plant
plantar,planta
planter,plant
plantless,plant
plantlet,plant
plantlike,plant
plantling,plant
plantocracy,plant
plantsman,plant
plantswoman,plant
plashet,plash
plashy,plash
plasmagenic,plasma
plasmalemma,plasma
plasminogen,plasmin
plasmolysis,plasm
plasterboard,plaster
plasterer,plaster
plasterwork,plaster
plastery,plaster
plasticise,plastic
plasticiser,plasticise
plastidial,plastid
plastidule,plastid
platband,plat
plateful,plate
platelayer,plate
platelaying,plate
plateless,plate
platelet,plate
platelike,plate
platemaker,plate
platemaking,plate
plateman,plate
platemark,plate
plater,plate
platformer,platform
platforming,platform
platitudinizer,platitudinize
platter,plat
platterful,platter
platyfish,platy
platyhelminthic,platyhelminth
plauditory,plaudit
plausibleness,plausible
playability,play
playable,play
playback,play
playbill,play
playbook,play
playboy,play
playbus,play
playday,play
playdough,play
playdown,play
player,play
playfellow,play
playfield,play
playful,play
playfulness,playful
playgirl,play
playgoer,play
playgoing,play
playgroup,play
playhouse,play
playing,play
playland,play
playleader,play
playless,play
playlet,play
playlike,play
playlist,play
playmaker,play
playmaking,play
playoff,play
playpen,play
playreader,play
playroom,play
playschool,play
playset,play
playsome,play
playsuit,play
playtime,play
playwear,play
playwright,play
playwrighting,playwright
playwriting,play
pleadable,plead
pleader,plead
pleading,plead
pleasantness,pleasant
pleasantry,pleasant
pleaseman,please
pleaser,please
pleasingness,pleasing
pleasureful,pleasure
pleasureless,pleasure
pleasurer,pleasure
pleater,pleat
pleatless,pleat
plebby,pleb
plebeianism,plebeian
plebeianize,plebeian
pledgee,pledge
pledger,pledge
plenishment,plenish
plenteousness,plenteous
plentifulness,plentiful
pleonal,pleon
pleural,pleura
pleustonic,pleuston
pliableness,pliable
pliantness,pliant
plical,plica
plighter,plight
plightful,plight
plinker,plink
plinking,plink
plodder,plod
ploddingness,plodding
plonker,plonk
plonko,plonk
plotful,plot
plotless,plot
plotlessness,plotless
plotline,plot
plottage,plot
plotter,plot
plotty,plot
ploughable,plough
ploughboy,plough
ploughhead,plough
ploughland,plough
ploughman,plough
ploughmanship,ploughman
ploughstaff,plough
ploughtail,plough
ploughwise,plough
plovery,plover
plowable,plow
plowboy,plow
plower,plow
plowland,plow
plowman,plow
plowstaff,plow
plowtail,plow
plowwright,plow
plucker,pluck
plucky,pluck
pluffy,pluff
plugboard,plug
plugger,plug
plughole,plug
plugless,plug
plugola,plug
plumaged,plumage
plumbable,plumb
plumbite,plumb
plumbless,plumb
plumbness,plumb
plumcake,plum
plumeless,plume
plumelet,plume
plumelike,plume
plumery,plume
plumlike,plum
plummy,plum
plumpen,plump
plumper,plump
plumpie,plump
plumpish,plump
plumpness,plump
plumpy,plump
plunderable,plunder
plunderage,plunder
plunderer,plunder
plunderous,plunder
plunger,plunge
plunker,plunk
plunky,plunk
pluralisation,plural
pluralise,plural
pluralism,plural
pluralist,plural
pluralistic,plural
plurality,plural
pluralization,plural
pluralize,plural
pluralizer,pluralize
plushness,plush
plushy,plush
plutocratic,pluto
plutoid,pluto
plutolatry,pluto
plutonism,pluto
plutonium,pluto
plutonomy,pluto
plywood,ply
pneumaticity,pneumatic
poachable,poach
poacher,poach
poachy,poach
pocketable,pocket
pocketbook,pocket
pocketer,pocket
pocketful,pocket
pocketknife,pocket
pocketless,pocket
pocketphone,pocket
pockmark,pock
pockpit,pock
pockpitted,pock
pocky,pock
podagral,podagra
podcaster,podcast
podcasting,podcast
poddy,pod
podiatry,pod
podlike,pod
podsolic,podsol
podsolization,podsol
podzolic,podzol
podzolisation,podzol
podzolization,podzol
podzolize,podzol
poetaster,poet
poetastery,poetaster
poetess,poet
poetical,poet
poeticalness,poetical
poeticise,poetic
poeticism,poetic
poeticize,poetic
poeticule,poet
poetise,poet
poetiser,poetise
poetize,poet
poetizer,poetize
poetless,poet
poetlike,poet
poetship,poet
pogoer,pogo
pogromist,pogrom
poinder,poind
pointable,point
pointedness,pointed
pointer,point
pointillistic,pointillist
pointing,point
pointless,point
pointlike,point
pointsman,points
pointy,point
poiser,poise
poisonable,poison
poisoner,poison
poisoning,poison
poisonous,poison
poisonwood,poison
pokeberry,poke
pokeful,poke
poker,poke
pokerish,poker
pokeroot,poke
pokerwork,poker
pokeweed,poke
polarisation,polar
polariscope,polar
polarise,polar
polariser,polarise
polarization,polar
polarize,polar
polarizer,polarize
polarographic,polarograph
polaron,polar
poleless,pole
polemical,polemic
polemicise,polemic
polemicist,polemic
polemicize,polemic
poler,pole
poleward,pole
policeman,police
policer,police
policewoman,police
policyholder,policy
policymaker,policy
poliorcetics,poliorcetic
poliovirus,polio
polishable,polish
polisher,polish
polishment,polish
politeness,polite
political,politic
politicalize,political
politician,politic
politicize,politic
politicker,politic
politicking,politic
pollee,poll
polleniferous,pollen
poller,poll
pollist,poll
pollster,poll
polltaker,poll
pollutedness,polluted
polluter,pollute
pollywog,poll
poloist,polo
poltroonery,poltroon
polyamine,poly
polyandrous,poly
polyandry,poly
polyarchy,poly
polycarpic,poly
polycarpous,poly
polychroic,poly
polychrome,poly
polycythemia,poly
polydactylism,polydactyl
polydactylous,polydactyl
polydactyly,polydactyl
polyene,poly
polygamous,poly
polygenesis,poly
polygenic,poly
polygenous,poly
polygeny,poly
polyglot,poly
polyglotism,polyglot
polygonal,polygon
polygraph,poly
polygrapher,polygraph
polygraphist,polygraph
polygraphy,polygraph
polyhedral,poly
polymastia,poly
polymathic,polymath
polymathy,polymath
polymerase,polymer
polymeric,polymer
polymeride,polymer
polymerise,polymer
polymerism,polymer
polymerize,polymer
polymerous,polymer
polymery,polymer
polymorph,poly
polymorphic,poly
polynomialism,polynomial
polyol,poly
polyoma,poly
polyonym,poly
polyonymic,polyonym
polyped,polyp
polyphagous,poly
polyphenolic,polyphenol
polyphonic,poly
polyphony,poly
polypine,polyp
polypite,polyp
polyploid,poly
polyploidy,polyploid
polypnea,poly
polypod,poly
polypoid,polyp
polyposis,polyp
polypous,polyp
polystyle,poly
polysyllabicism,polysyllabic
polytene,poly
polytonalist,polytonal
polytrophic,poly
polyuria,poly
polyvalent,poly
polyzoary,polyzoa
pomelike,pome
pommie,pom
pommy,pom
pomosexual,pomo
pomposity,pomp
pompous,pomp
pompousness,pompous
ponchoed,poncho
pondage,pond
ponderable,ponder
ponderance,ponder
ponderer,ponder
ponderment,ponder
ponderousness,ponderous
pondweed,pond
pongy,pong
pontificality,pontifical
pontooner,pontoon
ponyskin,pony
ponytailed,ponytail
poofter,poof
poofy,poof
pooler,pool
poolroom,pool
poolside,pool
pooper,poop
poopy,poop
poorhouse,poor
poorish,poor
poorly,poor
poormouth,poor
poorness,poor
popcorn,pop
popedom,pope
popehood,pope
popeless,pope
popelike,pope
popeling,pope
popery,pope
popeship,pope
popeyed,pop
popmobility,pop
popout,pop
popper,pop
poppish,pop
poppy,pop
poppyhead,poppy
poppyseed,poppy
popster,pop
popsy,pop
poptastic,pop
popularisation,popular
popularise,popular
populariser,popularise
popularist,popular
popularity,popular
popularization,popular
popularize,popular
popularizer,popularize
populational,population
populistic,populist
populousness,populous
porcelainize,porcelain
porcelainlike,porcelain
porched,porch
porchless,porch
porer,pore
porker,pork
porkling,pork
porkwood,pork
porky,pork
pornification,porn
pornotopian,pornotopia
porny,porn
porousness,porous
porrection,porrect
portable,port
portage,port
portative,port
portentous,portent
porter,port
porterage,porter
porterhouse,porter
porterly,porter
porthouse,port
porticoed,portico
portioner,portion
portionist,portion
portionless,portion
portland,port
portless,port
portly,port
portman,port
portraitist,portrait
portrayable,portray
portrayal,portray
portrayer,portray
portreeve,port
portside,port
porty,port
poseable,pose
poser,pose
poserish,poser
posey,pose
poshness,posh
posho,posh
positional,position
positiveness,positive
positivistic,positivist
positronium,positron
posser,poss
possessable,possess
possessedness,possessed
possession,possess
possessional,possession
possessionary,possession
possessionless,possession
possessive,possess
possessor,possess
possessorship,possessor
postage,post
postal,post
postbag,post
postboy,post
postcard,post
postcardlike,postcard
postcode,post
poster,post
posteriority,posterior
posterise,poster
posterization,poster
posterize,poster
postfixal,postfix
postform,post
posthaste,post
postholder,post
posthole,post
posthorse,post
posthouse,post
posthumousness,posthumous
postie,post
postillate,postil
postiller,postil
postlapsarian,post
postlike,post
postman,post
postmark,post
postmaster,post
postmastership,postmaster
postmistress,post
postmodernist,postmodern
postperson,post
postponement,postpone
postponence,postpone
postponer,postpone
postpositional,postposition
postrider,post
postulational,postulation
posturer,posture
postwoman,post
potableness,potable
potale,pot
potash,pot
potbelly,pot
potboy,pot
potential,potent
potentiality,potential
potentiary,potent
potentiate,potent
potentize,potent
potentness,potent
potful,pot
potgun,pot
pothead,pot
potherb,pot
potholder,pot
pothole,pot
potholer,pothole
pothook,pot
pothouse,pot
pothunter,pot
pothunting,pot
potlike,pot
potline,pot
potluck,pot
potman,pot
potpie,pot
potsherd,pot
potshot,pot
potsie,pot
potstone,pot
pottable,pot
pottage,pot
potter,pot
potterer,potter
pottery,pot
potty,pot
pouchful,pouch
pouchlike,pouch
pouchy,pouch
poulter,poult
poulterer,poult
poultry,poult
poultryman,poultry
pouncer,pounce
poundage,pound
poundal,pound
pounder,pound
pourable,pour
pourer,pour
pouter,pout
poutful,pout
pouting,pout
pouty,pout
powderer,powder
powdering,powder
powderless,powder
powderlike,powder
powderman,powder
powdery,powder
powerband,power
powerboat,power
powerboating,powerboat
powerful,power
powerfulness,powerful
powerhouse,power
powerless,power
powerlifter,power
powerlifting,power
powertrain,power
poxvirus,pox
poxy,pox
practicalism,practical
practicalist,practical
practicality,practical
practicalness,practical
practicer,practice
practiser,practise
praetorship,praetor
pragmatical,pragmatic
pragmaticalness,pragmatical
pragmaticism,pragmatic
pragmaticist,pragmatic
pragmatistic,pragmatist
pragmatizer,pragmatize
prairied,prairie
praiseful,praise
praiseless,praise
praiser,praise
praiseworthy,praise
prancer,prance
prankful,prank
prankish,prank
prankishness,prankish
pranksome,prank
prankster,prank
pranky,prank
prater,prate
pratfall,prat
prattlebox,prattle
prattlement,prattle
prattler,prattle
prawner,prawn
prayer,pray
prayerful,prayer
prayerless,prayer
prayerlessness,prayerless
preachable,preach
preacher,preach
preachership,preacher
preachify,preach
preachment,preach
preachy,preach
preagricultural,pre
precariousness,precarious
precautional,precaution
precautionary,precaution
precedence,precede
precedented,precedent
precedential,precedent
precentorial,precentor
precentorship,precentor
preceptial,precept
preceptive,precept
preceptorial,preceptor
preceptorship,preceptor
preceptory,preceptor
precessional,precession
preciousness,precious
precipiced,precipice
precipitantness,precipitant
precipitinogen,precipitin
precipitousness,precipitous
preciseness,precise
precisianism,precisian
precisianist,precisian
precisionism,precision
precisionist,precision
preconsonantal,pre
predatory,predator
predicamental,predicament
predictability,predict
predictable,predict
predictableness,predictable
predicter,predict
prediction,predict
predictive,predict
predictor,predict
preemptive,preempt
preener,preen
prefacer,preface
prefectship,prefect
prefecture,prefect
preferability,prefer
preferable,prefer
preferableness,preferable
preference,prefer
preferentiality,preferential
preferment,prefer
preferrer,prefer
prefigurement,prefigure
prefix,pre
prefixal,prefix
prefixion,prefix
preformationism,preformation
preformationist,preformation
preheater,preheat
prejudger,prejudge
prelateship,prelate
prelatess,prelate
preluder,prelude
prematureness,premature
premie,prem
premiership,premier
premonishment,premonish
prenticeship,prentice
preon,pre
preordainment,preordain
preparedness,prepared
preparer,prepare
prepossessing,prepossess
preppie,prep
preppy,prep
prerogatived,prerogative
presageful,presage
presagement,presage
presager,presage
presbyteral,presbyter
presbyterate,presbyter
presbyterial,presbyter
presbyterian,presbyter
presbyterianism,presbyterian
presbytership,presbyter
presbytery,presbyter
preschooler,preschool
prescriber,prescribe
presentability,present
presentable,present
presentation,present
presentational,presentation
presentationism,presentation
presentationist,presentation
presentative,present
presentee,present
presenteeism,presentee
presenter,present
presentiality,presential
presentimental,presentiment
presentism,present
presentist,present
presentive,present
presentiveness,presentive
presently,present
presentment,present
presentness,present
preservationist,preservation
preserver,preserve
presidentess,president
presidential,president
presidentship,president
presider,preside
pressback,press
pressboard,press
presser,press
pressful,press
pressie,press
pressingness,pressing
pressman,press
pressmark,press
pressroom,press
pressureless,pressure
pressurizer,pressurize
presswoman,press
presswork,press
prestigeful,prestige
prestigiousness,prestigious
presumer,presume
presumptiveness,presumptive
pretenceless,pretence
pretendant,pretend
pretendent,pretend
pretender,pretend
pretendership,pretender
pretenseless,pretense
pretensionless,pretension
preteriteness,preterite
prettyish,pretty
prettyism,pretty
prevailer,prevail
prevailment,prevail
preventability,prevent
preventable,prevent
preventative,prevent
preventer,prevent
preventible,prevent
preventive,prevent
previewer,preview
previousness,previous
preyer,prey
preyful,prey
priceable,price
priceless,price
pricer,price
pricey,price
pricker,prick
pricket,prick
prickle,prick
prickwood,prick
pricky,prick
prideful,pride
pridefulness,prideful
prideless,pride
priestcraft,priest
priestess,priest
priesthood,priest
priestlike,priest
priestling,priest
priestly,priest
priestship,priest
prigger,prig
priggery,prig
priggish,prig
priggishness,priggish
priggism,prig
primality,primal
primaquine,prima
primateship,primate
primeness,prime
primer,prime
primetime,prime
primitiveness,primitive
primitivistic,primitivist
primness,prim
primordialism,primordial
primordiality,primordial
princedom,prince
princehood,prince
princekin,prince
princelet,prince
princelike,prince
princeling,prince
princely,prince
princeship,prince
princess,prince
princessly,princess
principality,principal
principalness,principal
principalship,principal
principial,principia
prinker,prink
printability,print
printable,print
printer,print
printery,print
printhead,print
printing,print
printless,print
printmaker,print
printmaking,print
printworks,print
priorate,prior
prioress,prior
priority,prior
priorship,prior
prismatic,prism
prismatoidal,prismatoid
prismoid,prism
prismoidal,prismoid
prismy,prism
prisoner,prison
prisonment,prison
prisonous,prison
privateer,private
privateersman,privateer
privateness,private
privatizer,privatize
prizefight,prize
prizefighter,prize
prizefighting,prize
prizeman,prize
prizer,prize
prizewinner,prize
prizewinning,prize
prizewoman,prize
probational,probation
probationary,probation
probationer,probation
probationership,probationer
probeable,probe
prober,probe
problematic,problem
problematical,problematic
problemist,problem
procaine,pro
proceeder,proceed
proceeding,proceed
processability,process
processable,process
processer,process
processible,process
processing,process
processional,procession
processionalist,processional
processionary,procession
processioner,procession
processor,process
processual,process
proclaimant,proclaim
proclaimer,proclaim
procoelous,pro
proconsulship,proconsul
procreational,procreation
procreativeness,procreative
proctorage,proctor
proctorial,proctor
proctorise,proctor
proctorship,proctor
procuratorial,procurator
procuratorship,procurator
procurer,procure
procuress,procure
prodder,prod
prodigality,prodigal
prodigalize,prodigal
prodigiousness,prodigious
prodnose,prod
productive,product
proette,pro
profaneness,profane
profaner,profane
profession,profess
professional,profession
professionalism,professional
professionalist,professional
professionalize,professional
professor,profess
professorate,professor
professoress,professor
professorial,professor
professorship,professor
profferer,proffer
profiler,profile
profitable,profit
profiteer,profit
profiter,profit
profitless,profit
profitwise,profit
profoundness,profound
profuseness,profuse
progenitiveness,progenitive
progenitorial,progenitor
progenitorship,progenitor
progestogenic,progestogen
progger,prog
prognathic,pro
prognathous,pro
programable,program
programmable,program
programmer,program
progression,progress
progressional,progression
progressionary,progression
progressionism,progression
progressionist,progression
progressist,progress
progressive,progress
prohibiter,prohibit
prohibition,prohibit
prohibitionary,prohibition
prohibitionism,prohibition
prohibitionist,prohibition
prohibitive,prohibit
prohibitiveness,prohibitive
prohibitory,prohibit
projectable,project
projection,project
projectional,projection
projectionist,projection
projective,project
projectization,project
projectment,project
projector,project
prolateness,prolate
proletarianise,proletarian
proletarianism,proletarian
proletarianize,proletarian
proletarianness,proletarian
prolificacy,prolific
prolification,prolific
prolificity,prolific
prolificness,prolific
prolixity,prolix
prolixness,prolix
proller,proll
prolocution,pro
prolocutorship,prolocutor
prolongable,prolong
prolongation,prolong
prolonger,prolong
prolongment,prolong
promenader,promenade
promiscuousness,promiscuous
promisee,promise
promiseful,promise
promiseless,promise
promiser,promise
prommer,prom
prompter,prompt
promptitude,prompt
promptness,prompt
prompture,prompt
proneness,prone
prongbuck,prong
pronghorn,prong
pronominalize,pronominal
pronounceable,pronounce
pronouncement,pronounce
pronouncer,pronounce
pronunciational,pronunciation
proofer,proof
proofless,proof
proofread,proof
propagandistic,propagandist
propagandizer,propagandize
propagational,propagation
propane,prop
propellant,propel
propellent,propel
propeller,propel
propelment,propel
propenseness,propense
property,proper
propertyless,property
prophetess,prophet
prophethood,prophet
prophetic,prophet
propheticism,prophetic
prophetism,prophet
prophetship,prophet
propitiousness,propitious
propjet,prop
proportionable,proportion
proportionality,proportional
proportionate,proportion
proportionless,proportion
proportionment,proportion
proposer,propose
propounder,propound
proppant,prop
proprietorial,proprietor
proprietorship,proprietor
propylamine,propyl
propylic,propyl
prosaicism,prosaic
prosaicness,prosaic
proscriber,proscribe
prosectorship,prosector
prosecutorial,prosecutor
proselike,prose
proselytiser,proselytise
proselytizer,proselytize
proseman,prose
prosenchyma,pros
proser,prose
prosopopoeial,prosopopoeia
prospectiveness,prospective
prospectless,prospect
prospector,prospect
prosperity,prosper
protectant,protect
protection,protect
protectionism,protection
protectionist,protection
protective,protect
protectiveness,protective
protector,protect
protectoral,protector
protectorate,protector
protectorless,protector
protectorship,protector
protectory,protector
protectrix,protect
proteinaceous,protein
proteinase,protein
proteinic,protein
proteinous,protein
proteinuria,protein
protestant,protest
protester,protest
protestor,protest
protistan,protist
protistic,protist
protistology,protist
protocolist,protocol
protocolize,protocol
protoderm,proto
protogenic,proto
protogynous,proto
protomorphic,proto
proton,proto
protonate,proton
protonation,proton
protonic,proton
protophyte,proto
protoplanetary,protoplanet
protoplasmal,protoplasm
protoplasmic,protoplasm
prototroph,proto
prototrophic,prototroph
prototype,proto
protozoan,proto
protozoon,proto
protract,pro
protractedness,protracted
protractible,protract
protractive,protract
protractor,protract
protreptical,protreptic
proudful,proud
proudhearted,proud
proudish,proud
proudness,proud
provableness,provable
provenly,proven
prover,prove
proverbial,proverb
proverbialism,proverbial
proverbialist,proverbial
proverbialize,proverbial
providence,provide
provident,provide
provider,provide
provincewide,province
provincialism,provincial
provincialist,provincial
provinciality,provincial
provincialize,provincial
provisional,provision
provisionary,provision
provisioner,provision
provocativeness,provocative
provokement,provoke
provoker,provoke
provostry,provost
provostship,provost
prowessed,prowess
prowler,prowl
proximateness,proximate
prudentialism,prudential
prudentialist,prudential
prudentiality,prudential
prudery,prude
prudishness,prudish
pruner,prune
prunted,prunt
pryer,pry
psalmbook,psalm
psalmic,psalm
psalmist,psalm
pseudepigraphic,pseud
pseudery,pseud
pseudish,pseud
pseudocarp,pseudo
pseudograph,pseudo
pseudography,pseudo
pseudology,pseudo
pseudomorph,pseudo
pseudomorphic,pseudomorph
pseudomorphism,pseudo
pseudomorphous,pseudo
pseudonymity,pseudonym
pseudonymous,pseudonym
pseudopod,pseudo
pseudopodal,pseudopod
pseudopodial,pseudopod
pseudopodium,pseudo
pseudoscope,pseudo
psionics,psi
psychicism,psychic
psychicist,psychic
psychoanalyser,psychoanalyse
psychobabbler,psychobabble
psychogenesis,psycho
psychogenic,psycho
psychogram,psycho
psychograph,psycho
psychography,psycho
psychokinesis,psycho
psychomachy,psycho
psychometrician,psychometric
psychometry,psycho
psychonomics,psycho
psychopathy,psycho
psychoticism,psychotic
pterosaurian,pterosaur
publican,public
publication,public
publicise,public
publicist,public
publicity,public
publicize,public
publicness,public
publishable,publish
publisher,publish
publishment,publish
puckerer,pucker
puckery,pucker
puckish,puck
puckishness,puckish
puckle,puck
puckster,puck
puddingy,pudding
puddler,puddle
pudsy,pud
puerile,puer
puerpera,puer
puerperium,puer
puffbird,puff
puffer,puff
pufferfish,puffer
puffery,puff
puffin,puff
puffy,puff
puggish,pug
puggle,pug
puggy,pug
pugilistic,pugil
puker,puke
pukey,puke
puler,pule
puller,pull
pulpal,pulp
pulpboard,pulp
pulper,pulp
pulpify,pulp
pulpital,pulpit
pulpited,pulpit
pulpiteer,pulpit
pulpiter,pulpit
pulpitry,pulpit
pulpless,pulp
pulpous,pulp
pulpwood,pulp
pulpy,pulp
pulsebeat,pulse
pulsejet,pulse
pulseless,pulse
pulselessness,pulseless
pulser,pulse
pulverise,pulver
pulveriser,pulverise
pulverizer,pulverize
pulverous,pulver
pulverulence,pulver
pulverulent,pulver
pulvinated,pulvinate
pumicer,pumice
pumpable,pump
pumper,pump
pumphouse,pump
pumpjack,pump
pumpkinseed,pumpkin
pumpless,pump
pumplike,pump
punaluan,punalua
punchbag,punch
punchball,punch
punchboard,punch
punchbowl,punch
puncher,punch
punchless,punch
punchy,punch
punctated,punctate
punctilious,punctilio
punctualist,punctual
punctuality,punctual
punctuationist,punctuation
puncturer,puncture
punditic,pundit
punditry,pundit
punishability,punish
punishable,punish
punisher,punish
punishment,punish
punitiveness,punitive
punker,punk
punkette,punk
punkish,punk
punky,punk
punner,pun
punny,pun
punster,pun
puntsman,punt
pupal,pupa
puparium,pupa
pupate,pupa
pupfish,pup
pupilage,pupil
pupilar,pupil
pupillage,pupil
pupillate,pupil
pupilship,pupil
puppeteer,puppet
puppetlike,puppet
puppetry,puppet
puppydom,puppy
puppyhood,puppy
puppyish,puppy
puppyism,puppy
puppylike,puppy
purblindness,purblind
purchaser,purchase
purdahed,purdah
pureblood,pure
purebred,pure
pureness,pure
purgeable,purge
purger,purge
puristic,purist
puristical,purist
puritanic,puritan
puritanical,puritanic
puritanism,puritan
puritanize,puritan
purloiner,purloin
purpleheart,purple
purpleness,purple
purportless,purport
purposeful,purpose
purposeless,purpose
purposely,purpose
purseful,purse
purselike,purse
purser,purse
pursership,purser
pursuer,pursue
purveyor,purvey
pushback,push
pushball,push
pushbike,push
pushcart,push
pushdown,push
pusher,push
pushful,push
pushfulness,pushful
pushingness,pushing
pushpin,push
pushrod,push
pushy,push
puslike,pus
pusslike,puss
pussyfoot,pussy
pussyfooter,pussyfoot
pussytoes,pussy
pustuled,pustule
putlog,put
putridness,putrid
putschist,putsch
puttee,put
putter,put
putterer,putter
putting,put
puttyless,putty
puttylike,putty
puttyroot,putty
puzzledom,puzzle
puzzleheaded,puzzle
puzzlement,puzzle
puzzler,puzzle
pygmyish,pygmy
pygmyism,pygmy
pyjamaed,pyjama
pyorrheal,pyorrhea
pyorrhoeal,pyorrhoea
pyramidal,pyramid
pyramidic,pyramid
pyramidical,pyramid
pyramidist,pyramid
pyramidology,pyramid
pyranose,pyran
pyrexial,pyrexia
pyrogen,pyro
pyrogenic,pyro
pyrogenicity,pyrogenic
pyrogenous,pyro
pyrography,pyro
pyrolater,pyro
pyrolatry,pyro
pyrology,pyro
pyrolyser,pyrolyse
pyrolyzer,pyrolyze
pyromancy,pyro
pyromania,pyro
pyromaniac,pyro
pyrometric,pyro
pyrometry,pyro
pyrophobia,pyro
pyrophobic,pyro
pyrophone,pyro
pyrophorus,pyro
pyroscope,pyro
pyrostat,pyro
pyrrhicist,pyrrhic
pythoness,python
pythonic,python
quacker,quack
quackery,quack
quackish,quack
quackism,quack
quackle,quack
quacky,quack
quadplex,quad
quadriller,quadrille
quadrillionth,quadrillion
quadruplet,quadruple
quaestorship,quaestor
quaffable,quaff
quaffer,quaff
quaggy,quag
quagmire,quag
quaintness,quaint
qualmish,qualm
qualmishness,qualmish
qualmless,qualm
qualmy,qualm
quangocracy,quango
quantical,quantic
quantitive,quant
quantizer,quantize
quarreler,quarrel
quarreller,quarrel
quarrelsome,quarrel
quarryman,quarry
quarrymaster,quarry
quarterage,quarter
quarterback,quarter
quarterbacking,quarterback
quarterdeck,quarter
quarterer,quarter
quarterfinal,quarter
quarterfinalist,quarterfinal
quartering,quarter
quarterlight,quarter
quarterly,quarter
quartermistress,quarter
quartersaw,quarter
quarterstaff,quarter
quartile,quart
quartziferous,quartz
quartzite,quartz
quartzose,quartz
quartzous,quartz
quartzy,quartz
quasher,quash
quaternionist,quaternion
quaverer,quaver
quavery,quaver
quayage,quay
quaylike,quay
quayside,quay
queachy,queach
queencraft,queen
queendom,queen
queenfish,queen
queenhood,queen
queenie,queen
queenless,queen
queenlet,queen
queenlike,queen
queenly,queen
queenship,queen
queenside,queen
queeny,queen
queercore,queer
queerdom,queer
queerish,queer
queerness,queer
quellable,quell
queller,quell
quenchable,quench
quencher,quench
quenching,quench
quenchless,quench
quernstone,quern
querulousness,querulous
quester,quest
questionability,question
questionable,question
questionary,question
questionee,question
questioner,question
questioning,question
questionist,question
questionless,question
questorship,questor
queuer,queue
quibbler,quibble
quickbeam,quick
quicken,quick
quickener,quicken
quickie,quick
quicklime,quick
quickness,quick
quicksand,quick
quicksilver,quick
quicksilverish,quicksilver
quicksilvery,quicksilver
quickstep,quick
quicky,quick
quiddler,quiddle
quieten,quiet
quietener,quieten
quieter,quiet
quietism,quiet
quietist,quiet
quietistic,quiet
quietness,quiet
quietsome,quiet
quillback,quill
quillman,quill
quillwork,quill
quillwort,quill
quilter,quilt
quinate,quina
quincunxial,quincunx
quintillionth,quintillion
quintuplet,quintuple
quipper,quip
quippish,quip
quippy,quip
quipster,quip
quirkish,quirk
quirky,quirk
quittal,quit
quitter,quit
quiverer,quiver
quiverful,quiver
quiverish,quiver
quivery,quiver
quizzer,quiz
quizzery,quiz
quizzical,quiz
quizzicality,quizzical
quizzification,quiz
quizzify,quiz
quodlibetarian,quodlibet
quodlibetic,quodlibet
quodlibetical,quodlibet
quoiter,quoit
quotableness,quotable
quoter,quote
quoteworthy,quote
quotha,quoth
rabatment,rabat
rabbinate,rabbi
rabbinic,rabbi
rabbinical,rabbi
rabbitbrush,rabbit
rabbiter,rabbit
rabbitfish,rabbit
rabbito,rabbit
rabbitry,rabbit
rabbity,rabbit
rabblement,rabble
rabbler,rabble
rabidity,rabid
rabidness,rabid
raceable,race
racecard,race
racecourse,race
racegoer,race
racegoing,race
racehorse,race
racemate,race
racemed,raceme
racepath,race
racer,race
racetrack,race
racetracker,racetrack
racewalk,race
racewalker,race
racewalking,race
raceway,race
racialise,racial
racialism,racial
racialist,racial
racialistic,racial
racialize,racial
racker,rack
racketeer,racket
racketer,racket
racketry,racket
rackety,racket
rackful,rack
rackwork,rack
racquetball,racquet
radarscope,radar
raddleman,raddle
radialise,radial
radiality,radial
radialization,radial
radialize,radial
radiational,radiation
radiationless,radiation
radicalisation,radical
radicalise,radical
radicalism,radical
radicalistic,radical
radicality,radical
radicalization,radical
radicalize,radical
radicalness,radical
radicellose,radicel
radiogenic,radio
radiogram,radio
radiograph,radio
radiology,radio
radiolysis,radio
radioman,radio
radiometer,radio
radiometry,radio
radiopager,radio
radiophone,radio
radiophonic,radio
radioscope,radio
radioscopy,radio
radiosonde,radio
radiotelephone,radio
radiothon,radio
raffish,raff
raffishness,raffish
raffler,raffle
rafter,raft
raftman,raft
raftsman,raft
rageful,rage
rager,rage
raggedness,ragged
raggedy,rag
raggle,rag
raggy,rag
raghead,rag
ragman,rag
ragpicker,rag
ragstone,rag
ragtimer,ragtime
ragtop,rag
ragwork,rag
ragworm,rag
ragwort,rag
raider,raid
railage,rail
railbed,rail
railbird,rail
railbus,rail
railcar,rail
railcard,rail
railer,rail
railhead,rail
railing,rail
railless,rail
railman,rail
railroad,rail
railroader,railroad
railway,rail
railwayman,railway
railwoman,rail
rainband,rain
rainbird,rain
rainbowed,rainbow
rainbowlike,rainbow
rainbowy,rainbow
raincoat,rain
raindate,rain
raindrop,rain
rainfall,rain
rainforest,rain
rainless,rain
rainmaker,rain
rainmaking,rain
rainout,rain
rainproof,rain
rainspout,rain
rainsquall,rain
rainstick,rain
rainstorm,rain
rainsuit,rain
rainswept,rain
raintight,rain
rainwash,rain
rainwater,rain
rainwear,rain
rainy,rain
raiser,raise
raisiny,raisin
rajahship,rajah
rajaship,raja
rakehelly,rakehell
rakelike,rake
raker,rake
rakery,rake
rakishness,rakish
rallycross,rally
rallyist,rally
rambler,ramble
ramentaceous,ramenta
ramjet,ram
rammer,ram
rammish,ram
rammishness,rammish
rammy,ram
rampage,ramp
rampageous,rampage
rampageousness,rampageous
rampager,rampage
rampant,ramp
ramper,ramp
ramrod,ram
ramshorn,ram
rancher,ranch
ranchette,ranch
ranchland,ranch
ranchlike,ranch
ranchman,ranch
rancidity,rancid
rancidness,rancid
rancorous,rancor
rancorousness,rancorous
randomisation,random
randomise,random
randomiser,randomise
randomization,random
randomize,random
randomizer,randomize
randomness,random
randomwise,random
rangefinder,range
rangefinding,range
rangeland,range
ranger,range
rangership,ranger
ranker,rank
rankish,rank
rankism,rank
rankist,rank
rankless,rank
rankness,rank
rankshift,rank
ransacker,ransack
ransomable,ransom
ransomer,ransom
ransomless,ransom
ransomware,ransom
ranter,rant
ranting,rant
ranular,ranula
rapaciousness,rapacious
raper,rape
rapeseed,rape
rapidity,rapid
rapidness,rapid
rapiered,rapier
rapierlike,rapier
rapper,rap
rapportage,rapport
raptness,rapt
raptorial,raptor
raptureless,rapture
rapturousness,rapturous
rarefactional,rarefaction
rarefy,rare
rareness,rare
rascaldom,rascal
rascalism,rascal
rascality,rascal
rascally,rascal
rasher,rash
rashie,rash
rashlike,rash
rashness,rash
rasper,rasp
raspish,rasp
raspy,rasp
rasterise,raster
rasterize,raster
ratbaggery,ratbag
rateable,rate
ratemeter,rate
ratepayer,rate
rater,rate
ratfink,rat
ratfish,rat
rather,rathe
ratherish,rather
rathole,rat
raticide,rat
rationalisation,rational
rationalise,rational
rationaliser,rationalise
rationalism,rational
rationalist,rational
rationalistic,rational
rationality,rational
rationalization,rational
rationalize,rational
rationalizer,rationalize
rationalness,rational
ratlike,rat
ratling,rat
ratooner,ratoon
ratproof,rat
ratsbane,rat
rattail,rat
ratter,rat
rattery,rat
rattish,rat
rattlebox,rattle
rattlebrain,rattle
rattlebrained,rattle
rattler,rattle
rattlesnake,rattle
rattletrap,rattle
ratton,rat
rattrap,rat
ratty,rat
raucousness,raucous
ravagement,ravage
ravager,ravage
raveler,ravel
raveller,ravel
ravelling,ravel
ravelly,ravel
ravelment,ravel
ravener,raven
ravenlike,raven
ravenousness,ravenous
raver,rave
ravey,rave
ravisher,ravish
ravishment,ravish
rawboned,raw
rawhide,raw
rawish,raw
rawness,raw
rayless,ray
raylessness,rayless
raylet,ray
raylike,ray
razer,raze
razorable,razor
razorback,razor
razorbill,razor
razorfish,razor
reachable,reach
reacher,reach
reachless,reach
reactance,react
reactant,react
reaction,react
reactional,reaction
reactionary,reaction
reactionaryism,reactionary
reactionism,reaction
reactionist,reaction
reactive,react
reactiveness,reactive
reactor,react
readability,read
readable,read
readableness,readable
reader,read
readerly,reader
readership,reader
reading,read
readjustable,readjust
readjuster,readjust
reaffirmation,reaffirm
reaginic,reagin
realise,real
reality,real
realize,real
really,real
realmless,realm
realpolitiker,realpolitik
reamer,ream
reamy,ream
reapable,reap
reaper,reap
reaphook,reap
reappearance,reappear
reapportionment,reapportion
reappraiser,reappraise
rearer,rear
rearguard,rear
rearmost,rear
rearrangement,rearrange
rearranger,rearrange
rearward,rear
reasonable,reason
reasonableness,reasonable
reasoner,reason
reasonless,reason
reassurer,reassure
reaver,reave
rebatement,rebate
rebater,rebate
rebeldom,rebel
rebeller,rebel
rebellion,rebel
rebellious,rebel
rebelliousness,rebellious
rebloomer,rebloom
rebounder,rebound
rebukeful,rebuke
rebuker,rebuke
rebutment,rebut
rebuttable,rebut
rebuttal,rebut
rebutter,rebut
recalescence,recalesce
recallability,recall
recallable,recall
recaller,recall
recallment,recall
recantation,recant
recanter,recant
recappable,recap
recapturer,recapture
receiptor,receipt
receiver,receive
receivership,receiver
recentness,recent
receptionist,reception
receptiveness,receptive
recession,recess
recessional,recession
recessionary,recession
recessionista,recession
recessiveness,recessive
rechargeable,recharge
recharger,recharge
recidivistic,recidivist
reciprocality,reciprocal
recitalist,recital
recitationist,recitation
reciter,recite
reckless,reck
recklessness,reckless
reckling,reck
reckoner,reckon
reckoning,reckon
reclaimable,reclaim
reclaimer,reclaim
recliner,recline
reclosable,re
reclusely,recluse
recluseness,recluse
recogniser,recognise
recognizee,recognize
recognizer,recognize
recoiler,recoil
recoilless,recoil
recollectedness,recollected
recombinational,recombination
recomfortless,recomfort
recommendable,recommend
recommendation,recommend
recommender,recommend
recommitment,recommit
recompenser,recompense
recompose,re
reconcilement,reconcile
reconciler,reconcile
reconditeness,recondite
reconnoitrer,reconnoitre
reconsideration,reconsider
reconstructible,reconstruct
reconstructive,reconstruct
reconstructor,reconstruct
recordable,record
recorder,record
recordership,recorder
recording,record
recordist,record
recountal,recount
recounter,recount
recountment,recount
recoupable,recoup
recoupment,recoup
recoverability,recover
recoverable,recover
recoverableness,recoverable
recoveree,recover
recoverer,recover
recoveror,recover
recovery,recover
recreational,recreation
recreationist,recreation
recremental,recrement
recruitable,recruit
recruital,recruit
recruiter,recruit
recruitment,recruit
rectally,rectal
rectangled,rectangle
rectangularity,rectangular
rectilinearity,rectilinear
rectocele,recto
rectoress,rector
rectorial,rector
rectorship,rector
recureless,recure
recurrent,recur
recursiveness,recursive
recycler,recycle
redaction,redact
redactional,redaction
redactor,redact
redback,red
redbait,red
redbelly,red
redbird,red
redbone,red
redbreast,red
redbrick,red
redbud,red
redbug,red
redcap,red
redden,red
reddish,red
reddishness,reddish
reddleman,reddle
reddy,red
redecraft,rede
redeemability,redeem
redeemable,redeem
redeemableness,redeemable
redeemer,redeem
redeemless,redeem
redeless,rede
redeliverer,redeliver
redemptional,redemption
redemptioner,redemption
redeveloper,redevelop
redfin,red
redfish,red
redhead,red
redheaded,red
redhorse,red
redial,redia
rediscountable,rediscount
rediscoverer,rediscover
redleg,red
redline,red
redliner,redline
redneck,red
rednecked,red
redness,red
redoubtable,redoubt
redout,red
redrawer,redraw
redressable,redress
redressal,redress
redresser,redress
redressible,redress
redressive,redress
redressor,redress
redroot,red
redsear,red
redshift,red
redshirt,red
redskin,red
redstreak,red
redtail,red
redtop,red
reducer,reduce
reducibleness,reducible
reductional,reduction
reductionism,reduction
reductionist,reduction
reductionistic,reductionist
reductiveness,reductive
redware,red
redwing,red
redwood,red
reechy,reech
reedbird,reed
reedbuck,reed
reeden,reed
reeder,reed
reeding,reed
reedlike,reed
reedling,reed
reedman,reed
reedy,reed
reefable,reef
reefpoint,reef
reefy,reef
reeker,reek
reeky,reek
reelable,reel
reeler,reel
reelman,reel
reenactment,re
reenactor,reenact
reeveship,reeve
refashionment,refashion
refectioner,refection
referee,refer
reference,refer
referencer,reference
referent,refer
referentiality,referential
referrable,refer
referral,refer
referrer,refer
refillable,refill
refinedness,refined
refinement,refine
refiner,refine
refinery,refine
refinisher,refinish
refitment,refit
reflationary,reflation
reflectance,reflect
reflection,reflect
reflectional,reflection
reflectionless,reflection
reflective,reflect
reflectogram,reflect
reflectograph,reflect
reflectography,reflect
reflectometer,reflect
reflectometry,reflect
reflector,reflect
reflectorize,reflector
reflexional,reflexion
reflexive,reflex
reflexology,reflex
reforestation,reforest
reformability,reform
reformable,reform
reformate,reform
reformation,reform
reformational,reformation
reformer,reform
reformism,reform
reformist,reform
refounder,refound
refractable,refract
refractive,refract
refractiveness,refractive
refractometer,refract
refractometric,refract
refractometry,refract
refractor,refract
refrainer,refrain
refrainment,refrain
refresher,refresh
refreshful,refresh
refringence,refringe
refuelable,refuel
refuellable,refuel
refugee,refuge
refugeeism,refugee
refundability,refund
refundable,refund
refunder,refund
refundment,refund
refurbisher,refurbish
refurbishment,refurbish
refusenik,refuse
refuser,refuse
refuter,refute
regainable,regain
regainer,regain
regainment,regain
regalement,regale
regaler,regale
regalia,regal
regalism,regal
regalist,regal
regality,regal
regalness,regal
regardable,regard
regarder,regard
regardful,regard
regardless,regard
regenerateness,regenerate
regental,regent
regentship,regent
regifter,regift
regimental,regiment
regimentation,regiment
regionalise,regional
regionalism,regional
regionalist,regional
regionalize,regional
regionary,region
registerable,register
registerer,register
registrarship,registrar
registrational,registration
regmaker,reg
regrater,regrate
regression,regress
regressive,regress
regressor,regress
regretful,regret
regularisation,regular
regularise,regular
regularity,regular
regularization,regular
regularize,regular
rehabber,rehab
rehearser,rehearse
reheater,reheat
reimbursement,reimburse
reimburser,reimburse
reimporter,reimport
reinforceable,reinforce
reinforcement,reinforce
reinforcer,reinforce
reinless,rein
reinsman,reins
reinstatement,reinstate
reinsurer,reinsure
reintegrative,re
reinterment,reinter
reissuer,reissue
rejectable,reject
rejectee,reject
rejecter,reject
rejectionist,rejection
rejective,reject
rejector,reject
rejoiceful,rejoice
rejoicement,rejoice
rejoicer,rejoice
relapser,relapse
relatedness,related
relater,relate
relational,relation
relationism,relation
relationist,relation
relationless,relation
relationship,relation
relativeness,relative
relativistic,relativist
relaxable,relax
relaxation,relax
relaxative,relax
relaxedness,relaxed
relaxer,relax
relaxin,relax
releasee,release
releasement,release
releaser,release
relentless,relent
relentment,relent
reliableness,reliable
relicensure,re
reliefless,relief
reliever,relieve
religionary,religion
religioner,religion
religionism,religion
religionist,religion
religionize,religion
religionless,religion
religiousness,religious
relinquisher,relinquish
relinquishment,relinquish
relishable,relish
reliver,relive
reloader,reload
relocatee,relocate
reluctance,reluct
remailer,remail
remainderman,remainder
remainer,remain
remaker,remake
remandment,remand
remanufacturer,remanufacture
remarkability,remark
remarkable,remark
remarkableness,remarkable
remarker,remark
remarqued,remarque
remedilessness,remediless
rememberability,remember
rememberable,remember
rememberer,remember
remembrancer,remembrance
reminder,remind
remindful,remind
reminiscer,reminisce
remissness,remiss
remitment,remit
remittable,remit
remittal,remit
remittance,remit
remittee,remit
remitter,remit
remixer,remix
remnantal,remnant
remodeler,remodel
remodeller,remodel
remorseful,remorse
remorseless,remorse
remorselessness,remorseless
remoteness,remote
removedness,removed
renaturation,re
render,rend
renderable,render
renderer,render
rendible,rend
reneger,renege
renewability,renew
renewable,renew
renewal,renew
renewedness,renewed
renewer,renew
renogram,reno
renography,reno
renounceable,renounce
renouncement,renounce
renouncer,renounce
renowner,renown
rentability,rent
rentable,rent
rental,rent
rentaller,rental
renter,rent
renting,rent
reoffender,reoffend
reopener,reopen
reorganiser,reorganise
reorganizer,reorganize
repackager,repackage
repairability,repair
repairable,repair
repairer,repair
repairman,repair
repayable,repay
repayment,repay
repealable,repeal
repealer,repeal
repeatability,repeat
repeatable,repeat
repeater,repeat
repellent,repel
repeller,repel
repentance,repent
repentant,repent
repenter,repent
repetitional,repetition
repetitionary,repetition
repinement,repine
repiner,repine
replaceability,replace
replaceable,replace
replacement,replace
replacer,replace
replenishable,replenish
replenisher,replenish
replenishment,replenish
repleteness,replete
reportable,report
reporter,report
reportorial,report
reposedness,reposed
reposeful,repose
reposefulness,reposeful
reposer,repose
repository,reposit
repossessor,repossess
reprehendable,reprehend
reprehender,reprehend
representable,represent
representation,represent
representative,represent
representee,represent
representer,represent
representment,represent
representor,represent
represser,repress
repressibility,repress
repressible,repress
repression,repress
repressionist,repression
repressive,repress
repressiveness,repressive
reprinter,reprint
reproachable,reproach
reproacher,reproach
reproachful,reproach
reproachless,reproach
reprobater,reprobate
reprobationary,reprobation
reprover,reprove
republican,republic
republicanism,republican
republicanize,republican
republisher,republish
repudiationist,repudiation
repulser,repulse
repulsiveness,repulsive
reputational,reputation
reputationless,reputation
reputeless,repute
requester,request
requestor,request
requirement,require
requirer,require
requisiteness,requisite
requisitionary,requisition
requisitionist,requisition
requiteful,requite
requiteless,requite
requitement,requite
requiter,requite
reroller,reroll
res,re
resalable,re
rescindable,rescind
rescinder,rescind
rescindment,rescind
rescuee,rescue
rescuer,rescue
resealable,reseal
researchable,research
researcher,research
researchful,research
researchist,research
resectability,resect
resectable,resect
resectional,resection
reseller,resell
resembler,resemble
resenter,resent
resentful,resent
resentfulness,resentful
resentive,resent
resentment,resent
reservationist,reservation
reservedness,reserved
reserver,reserve
resettable,reset
resetter,reset
reshaper,reshape
reshipper,reship
residence,reside
residency,reside
resident,reside
residentship,resident
resider,reside
resignation,resign
resignedness,resigned
resigner,resign
resignment,resign
resilement,resile
resinate,resin
resiner,resin
resiniferous,resin
resinification,resin
resinify,resin
resinise,resin
resinize,resin
resinlike,resin
resinoid,resin
resinosis,resin
resinous,resin
resinousness,resinous
resiny,resin
resistance,resist
resistant,resist
resister,resist
resistible,resist
resistive,resist
resistless,resist
resistor,resist
resoluteness,resolute
resolutioner,resolution
resolutionist,resolution
resolvableness,resolvable
resolvedness,resolved
resolver,resolve
resorter,resort
resourceful,resource
resourcefulness,resourceful
resourceless,resource
respectability,respect
respectable,respect
respectableness,respectable
respecter,respect
respectful,respect
respectfulness,respectful
respective,respect
respectless,respect
respirational,respiration
respiteless,respite
resplendent,resplend
respondence,respond
responder,respond
responseless,response
responser,response
responsibleness,responsible
responsiveness,responsive
restartable,restart
restarter,restart
rester,rest
restful,rest
restfulness,restful
restitutionism,restitution
restitutionist,restitution
restiveness,restive
restless,rest
restorableness,restorable
restorationism,restoration
restorationist,restoration
restore,re
restorer,restore
restrainable,restrain
restrainedness,restrained
restrainer,restrain
restrictedness,restricted
restriction,restrict
restrictionism,restriction
restrictionist,restriction
restrictive,restrict
resultful,result
resultless,result
resultlessness,resultless
resumer,resume
resurfacer,resurface
resurgence,resurge
resurrection,resurrect
resurrectional,resurrection
resurrectionary,resurrection
resurrectionism,resurrection
resurrectionist,resurrection
resurrectionize,resurrection
resurrector,resurrect
retailer,retail
retailment,retail
retainable,retain
retainer,retain
retainership,retainer
retainment,retain
retaker,retake
retaliationist,retaliation
retardant,retard
retardate,retard
retarder,retard
reteller,retell
retentionist,retention
retentiveness,retentive
rethinker,rethink
retinal,retina
retinued,retinue
retinular,retinula
retiredness,retired
retiree,retire
retirement,retire
retirer,retire
retiringness,retiring
retorter,retort
retortive,retort
retouchable,retouch
retoucher,retouch
retraceable,retrace
retracer,retrace
retractability,retract
retractable,retract
retractible,retract
retraction,retract
retractive,retract
retractor,retract
retrainable,retrain
retrainee,retrain
retreatant,retreat
retreater,retreat
retrenchable,retrench
retrenchment,retrench
retrievement,retrieve
retriever,retrieve
retroactiveness,retroactive
retrogressional,retrogression
retrospect,retro
retrospective,retrospect
rettery,ret
returnability,return
returnee,return
returner,return
returnless,return
reunionism,reunion
reunionist,reunion
reuniter,reunite
revamper,revamp
revamping,revamp
revealability,reveal
revealable,reveal
revealer,reveal
revealing,reveal
revealingness,revealing
revealment,reveal
revelational,revelation
revelationist,revelation
reveller,revel
revelment,revel
revelry,revel
revengeful,revenge
revengefulness,revengeful
revengeless,revenge
revengement,revenge
revenger,revenge
revenuer,revenue
reverencer,reverence
reverent,revere
reverentness,reverent
reverer,revere
reverseless,reverse
reverser,reverse
reversional,reversion
reversionary,reversion
reversioner,reversion
reverter,revert
revertible,revert
revertive,revert
reviewable,review
reviewal,review
reviewer,review
revilement,revile
reviler,revile
reviser,revise
revisional,revision
revisionary,revision
revisionism,revision
revisionist,revision
revivalism,revival
revivalist,revival
revivalistic,revivalist
revivement,revive
reviver,revive
revocableness,revocable
revokement,revoke
revoker,revoke
revolter,revolt
revolutional,revolution
revolutionary,revolution
revolutioner,revolution
revolutionise,revolution
revolutioniser,revolutionise
revolutionism,revolution
revolutionist,revolution
revolutionize,revolution
revolutionizer,revolutionize
revolvency,revolve
revolver,revolve
rewardable,reward
rewardableness,rewardable
rewarder,reward
rewardful,reward
rewardless,reward
rewinder,rewind
rewriter,rewrite
rhabdomal,rhabdom
rheostatic,rheostat
rhetoric,rhetor
rhetorical,rhetoric
rhetorician,rhetoric
rheumaticky,rheumatic
rheumatismal,rheumatism
rheumed,rheum
rheumic,rheum
rheumy,rheum
rhinestone,rhine
rhinestoned,rhinestone
rhinolalia,rhino
rhinolith,rhino
rhinophonia,rhino
rhinorrhagia,rhino
rhinoscope,rhino
rhinoscopy,rhino
rhizopodous,rhizopod
rhombencephalon,rhomb
rhotacism,rho
rhubarby,rhubarb
rhymeless,rhyme
rhymer,rhyme
rhymester,rhyme
rhythmed,rhythm
rhythmic,rhythm
rhythmise,rhythm
ribaldry,ribald
ribband,rib
ribber,rib
ribbie,rib
ribbing,rib
ribbonfish,ribbon
ribbonlike,ribbon
ribbonry,ribbon
ribbonwood,ribbon
ribbony,ribbon
ribby,rib
ribgrass,rib
ribless,rib
riblet,rib
riblike,rib
ribwork,rib
ribwort,rib
ricebird,rice
ricefield,rice
ricegrass,rice
ricer,rice
ricey,rice
richen,rich
richness,rich
richweed,rich
rickburner,rick
ricker,rick
ricket,rick
rickettsial,rickettsia
rickety,ricket
rickstand,rick
rickyard,rick
riddance,rid
ridder,rid
riddler,riddle
rideable,ride
rider,ride
ridered,rider
riderless,rider
ridership,rider
ridgeback,ridge
ridgelike,ridge
ridgeline,ridge
ridgeling,ridge
ridgepole,ridge
ridgetop,ridge
ridgeway,ridge
ridiculer,ridicule
ridiculousness,ridiculous
rifeness,rife
riffage,riff
riffler,riffle
riflebird,rifle
rifleman,rifle
rifler,rifle
riflery,rifle
riftless,rift
rifty,rift
rigger,rig
rigging,rig
riggish,rig
rightable,right
righten,right
righteous,right
righteousness,righteous
righter,right
rightful,right
rightfulness,rightful
rightish,right
rightism,right
rightist,right
rightless,right
rightmost,right
rightness,right
righto,right
rightsize,right
rightward,right
rightwards,right
righty,right
rigidification,rigid
rigidify,rigid
rigidise,rigid
rigidity,rigid
rigidize,rigid
rigidness,rigid
rigorism,rigor
rigoristic,rigor
rigorous,rigor
rigorousness,rigorous
rimeless,rime
rimer,rime
rimester,rime
rimfire,rim
rimland,rim
rimless,rim
rimmer,rim
rimrock,rim
rimshot,rim
rindless,rind
rindy,rind
ringbark,ring
ringbolt,ring
ringbone,ring
ringdove,ring
ringer,ring
ringette,ring
ringleader,ring
ringless,ring
ringlet,ring
ringleted,ringlet
ringlety,ringlet
ringlike,ring
ringman,ring
ringmaster,ring
ringneck,ring
ringside,ring
ringsider,ringside
ringster,ring
ringstraked,ring
ringtail,ring
ringtone,ring
ringway,ring
ringwise,ring
ringwork,ring
rinkside,rink
rinseable,rinse
rinser,rinse
rioter,riot
riotise,riot
riotous,riot
riotousness,riotous
riotry,riot
ripcord,rip
ripen,ripe
ripener,ripen
ripeness,ripe
rippable,rip
ripper,rip
ripple,rip
rippler,ripple
ripplet,ripple
ripsaw,rip
ripstop,rip
riptide,rip
riser,rise
risker,risk
riskful,risk
riskless,risk
risky,risk
riteless,rite
ritualisation,ritual
ritualise,ritual
ritualism,ritual
ritualist,ritual
ritualistic,ritual
ritualization,ritual
ritualize,ritual
rivaless,rival
rivalise,rival
rivality,rival
rivalize,rival
rivalless,rival
rivalry,rival
rivalship,rival
rivel,rive
river,rive
riverbank,river
riverbed,river
riverboat,river
rivercraft,river
riveret,river
riverfront,river
riverine,river
riverless,river
riverlike,river
riverman,river
riverscape,river
riverside,river
riverwalk,river
riverward,river
riverwards,river
riverway,river
riverweed,river
riverworthy,river
rivery,river
riveter,rivet
roadability,road
roadbed,road
roadblock,road
roadcraft,road
roadholding,road
roadhouse,road
roadie,road
roading,road
roadkill,road
roadless,road
roadmaking,road
roadman,road
roadmender,road
roadrunner,road
roadshow,road
roadside,road
roadstead,road
roadster,road
roadway,road
roadwork,road
roadworthy,road
roamer,roam
roarer,roar
roaring,roar
roary,roar
roaster,roast
roastie,roast
roasting,roast
robber,rob
robbery,rob
robelike,robe
robotic,robot
robotics,robot
robotise,robot
robotism,robot
robotization,robot
robotize,robot
robotry,robot
robustious,robust
robustiousness,robustious
robustness,robust
rockable,rock
rockabye,rock
rockbound,rock
rockburst,rock
rockcress,rock
rocker,rock
rockery,rock
rocketeer,rocket
rocketer,rocket
rocketry,rocket
rocketsonde,rocket
rockfall,rock
rockfish,rock
rockhopper,rock
rockhounding,rock
rocking,rock
rockless,rock
rocklike,rock
rockling,rock
rockrose,rock
rockslide,rock
rocksteady,rock
rockweed,rock
rockwork,rock
rocky,rock
rodential,rodent
rodenticide,rodent
rodfisher,rod
rodfishing,rod
rodless,rod
rodlike,rod
rodman,rod
rodsman,rod
rodster,rod
roebuck,roe
roed,roe
roentgenium,roentgen
roentgenize,roentgen
roentgenology,roentgen
roestone,roe
rogering,roger
roguer,rogue
roguery,rogue
rogueship,rogue
roguishness,roguish
roily,roil
roisterer,roister
roisterous,roister
rollable,roll
rollaway,roll
rollbar,roll
roller,roll
rollerball,roller
rollerblade,roller
rollerblader,rollerblade
rollicky,rollick
rollie,roll
rolling,roll
rollneck,roll
rollway,roll
romancer,romance
romanize,roman
romanticisation,romantic
romanticise,romantic
romper,romp
rompish,romp
rompishness,rompish
roofer,roof
roofing,roof
roofless,roof
rooflessness,roofless
rooflike,roof
roofline,roof
roofscape,roof
rooftop,roof
rooftree,roof
roofy,roof
rookery,rook
rookie,rook
rookish,rook
rooky,rook
roomer,room
roomette,room
roomful,room
roomie,room
roommate,room
roomsome,room
roomy,room
roopit,roop
roopy,roop
rooster,roost
rootage,root
rootball,root
rootbound,root
rootedness,rooted
rooter,root
roothold,root
rooting,root
rootkit,root
rootle,root
rootless,root
rootlessness,rootless
rootlet,root
rootlike,root
rootstalk,root
rootstock,root
rootsy,roots
rootworm,root
rooty,root
ropeable,rope
ropedancing,rope
ropelike,rope
roper,rope
ropery,rope
ropewalk,rope
ropewalker,rope
ropeway,rope
ropework,rope
roseal,rose
roseate,rose
rosebed,rose
rosebud,rose
rosebush,rose
rosefinch,rose
rosehip,rose
roseless,rose
roselike,rose
roseolar,roseola
roseroot,rose
rosery,rose
rosette,rose
rosewater,rose
rosewood,rose
rosinous,rosin
rosinweed,rosin
rosiny,rosin
rostrated,rostrate
rotational,rotation
rotely,rote
rotgut,rot
rotiferous,rotifer
rotograph,roto
rotorcraft,rotor
rotoscope,roto
rotproof,rot
rotten,rot
rottenness,rotten
rottenstone,rotten
rotter,rot
rotundity,rotund
rotundness,rotund
roughage,rough
roughcast,rough
roughdry,rough
roughen,rough
roughie,rough
roughish,rough
roughleg,rough
roughness,rough
roughrider,rough
roughshod,rough
roughy,rough
roundabout,round
roundaboutness,roundabout
roundball,round
roundedness,rounded
rounder,round
roundhand,round
roundheaded,round
rounding,round
roundish,round
roundness,round
roundsman,rounds
roundwood,round
roundworm,round
roupy,roup
rousement,rouse
rouser,rouse
roustabout,roust
rouster,roust
routeman,route
router,rout
routeway,route
routing,rout
routous,rout
rover,rove
rowable,row
rowanberry,rowan
rowboat,row
rowdyish,rowdy
rowdyism,rowdy
rower,row
rowing,row
royalet,royal
royalise,royal
royalism,royal
royalist,royal
royalistic,royalist
royalize,royal
royalty,royal
roysterer,royster
rubber,rub
rubberise,rubber
rubberize,rubber
rubberlike,rubber
rubberneck,rubber
rubbernecker,rubberneck
rubberwear,rubber
rubbery,rubber
rubbing,rub
rubbishly,rubbish
rubbishy,rubbish
rubblework,rubble
rubboard,rub
rubeolar,rubeola
rubicundity,rubicund
rubrical,rubric
rubrication,rubric
rubrician,rubric
rubstone,rub
rubylike,ruby
rubythroat,ruby
ruckman,ruck
ruddle,rud
ruddleman,ruddle
ruddock,rud
ruddy,rud
rudeness,rude
rudery,rude
rudesby,rude
rudimental,rudiment
rudimentary,rudiment
rueful,rue
ruffianish,ruffian
ruffianism,ruffian
ruffianly,ruffian
ruffler,ruffle
rufflike,ruff
rugged,rug
ruggedise,rugged
ruggedization,rugged
ruggedize,rugged
ruggedness,rugged
ruggy,rug
ruglike,rug
rugrat,rug
ruinable,ruin
ruination,ruin
ruiner,ruin
ruinous,ruin
ruinousness,ruinous
ruleless,rule
ruler,rule
rulership,ruler
rumbler,rumble
rumbustious,rum
rumbustiousness,rumbustious
rummager,rummage
rummish,rum
rummy,rum
rumness,rum
rumorer,rumor
rumourer,rumour
rumpless,rump
rumpot,rum
rumpy,rump
rumrunner,rum
runback,run
rundale,run
rundled,rundle
runecraft,rune
runed,rune
runelike,rune
runged,rung
rungless,rung
runless,run
runlet,run
runnable,run
runnel,run
runner,run
running,run
runny,run
runproof,run
runrig,run
runted,runt
runtish,runt
runty,runt
runway,run
rupturewort,rupture
ruralisation,rural
ruralism,rural
ruralist,rural
ruralite,rural
rurality,rural
ruralization,rural
ruralize,rural
ruralness,rural
rushee,rush
rusher,rush
rushlight,rush
rushlike,rush
rushy,rush
russeting,russet
russety,russet
rustable,rust
rustbucket,rust
rusticate,rustic
rusticise,rustic
rusticism,rustic
rusticity,rustic
rusticize,rustic
rustler,rustle
rustless,rust
rustproof,rust
rustred,rustre
rusty,rust
rutherfordium,rutherford
ruthful,ruth
ruthfulness,ruthful
ruthless,ruth
ruthlessness,ruthless
rutter,rut
ruttish,rut
ruttishness,ruttish
rutty,rut
ryegrass,rye
saberlike,saber
sablefish,sable
saboted,sabot
sabrelike,sabre
sabrewing,sabre
saburral,saburra
saccharine,saccharin
sacerdotalise,sacerdotal
sacerdotalism,sacerdotal
sacerdotalist,sacerdotal
sacerdotalize,sacerdotal
sachemdom,sachem
sachemic,sachem
sachemship,sachem
sacheted,sachet
sackable,sack
sackage,sack
sackcloth,sack
sacker,sack
sackful,sack
sackless,sack
sacklike,sack
sackload,sack
sacless,sac
saclike,sac
sacrality,sacral
sacralize,sacral
sacramentalism,sacramental
sacramentalist,sacramental
sacramentality,sacramental
sacramentalness,sacramental
sacramentarian,sacrament
sacredness,sacred
sacrificeable,sacrifice
sacrificer,sacrifice
sacrosanctity,sacrosanct
sacrosanctness,sacrosanct
sadden,sad
saddie,sad
saddish,sad
saddleback,saddle
saddlebag,saddle
saddlebill,saddle
saddlecloth,saddle
saddleless,saddle
saddler,saddle
saddleroom,saddle
saddlery,saddle
saddo,sad
sadiron,sad
sadistic,sadist
sadness,sad
sadomasochistic,sadomasochist
safarist,safari
safecracker,safe
safecracking,safe
safeguard,safe
safekeeping,safe
safelight,safe
safeness,safe
saffroned,saffron
saffrony,saffron
sagaciousness,sagacious
sagaman,saga
sagebrush,sage
sagehood,sage
sageness,sage
sagger,sag
saggy,sag
sagittal,sagitta
saidest,said
sailable,sail
sailboard,sail
sailboarder,sailboard
sailboarding,sailboard
sailboat,sail
sailboater,sailboat
sailboating,sailboat
sailer,sail
sailfish,sail
sailing,sail
sailless,sail
sailmaking,sail
sailor,sail
sailoring,sailor
sailorless,sailor
sailorlike,sailor
sailorly,sailor
sailplane,sail
sailplaner,sailplane
sailroom,sail
saintdom,saint
saintess,saint
sainthood,saint
saintish,saint
saintism,saint
saintless,saint
saintlike,saint
saintling,saint
saintly,saint
saintship,saint
salableness,salable
salaciousness,salacious
salading,salad
saleability,sale
saleable,sale
saleableness,saleable
saleroom,sale
salesclerk,sales
salesgirl,sales
saleslady,sales
salesman,sales
salesmanship,salesman
salesroom,sales
saleswoman,sales
saleyard,sale
salival,saliva
salivary,saliva
sallowish,sallow
sallowness,sallow
sallowy,sallow
salmonberry,salmon
salmonet,salmon
salmonoid,salmon
salmony,salmon
salpiform,salp
saltationism,saltation
saltationist,saltation
saltbush,salt
saltcat,salt
saltchucker,saltchuck
salter,salt
saltery,salt
saltfish,salt
saltie,salt
saltine,salt
saltirewise,saltire
saltish,salt
saltishness,saltish
saltless,salt
saltlike,salt
saltness,salt
saltwork,salt
saltwort,salt
salty,salt
salutational,salutation
saluter,salute
salvableness,salvable
salvageability,salvage
salvageable,salvage
salvagee,salvage
salvager,salvage
salvational,salvation
salvationism,salvation
salvationist,salvation
salver,salve
salverform,salver
salvifical,salvific
sameness,same
samey,same
sameyness,samey
sampler,sample
sanctionable,sanction
sanctioneer,sanction
sanctioner,sanction
sanctionless,sanction
sandable,sand
sandalwood,sandal
sandbag,sand
sandbagger,sandbag
sandbank,sand
sandbar,sand
sandblast,sand
sandblaster,sand
sandbox,sand
sandboy,sand
sandbur,sand
sandcastle,sand
sander,sand
sanderling,sand
sandfish,sand
sandfly,sand
sandglass,sand
sandgroper,sand
sandgrouse,sand
sandheap,sand
sandhill,sand
sandhog,sand
sanding,sand
sandless,sand
sandlike,sand
sandling,sand
sandlot,sand
sandlotter,sandlot
sandman,sand
sandpainting,sand
sandpaper,sand
sandpapery,sandpaper
sandpile,sand
sandpiper,sand
sandpit,sand
sandshoe,sand
sandsoap,sand
sandspit,sand
sandspout,sand
sandspur,sand
sandstorm,sand
sandsucker,sand
sandworm,sand
sandwort,sand
sandy,sand
sandyish,sandy
saneness,sane
sanguineness,sanguine
sanitarianism,sanitarian
sanitationist,sanitation
sanitizer,sanitize
santalol,santal
sapful,sap
saphead,sap
sapheaded,sap
sapidity,sapid
sapidless,sapid
sapidness,sapid
sapless,sap
saplessness,sapless
sapling,sap
saponaceousness,saponaceous
sapper,sap
sapphired,sapphire
sappy,sap
saprogenicity,saprogenic
sapropelic,sapropel
saprotrophic,saprotroph
sapsucker,sap
sapwood,sap
sarcoidosis,sarcoid
sarcolemmal,sarcolemma
sarcomatoid,sarcoma
sarcomatosis,sarcoma
sarcomatous,sarcoma
sarcoplasmic,sarcoplasm
sardonicism,sardonic
sarmentaceous,sarment
sarodist,sarod
sartorius,sartor
sashless,sash
sassy,sass
satanicalness,satanical
satchelful,satchel
satchelled,satchel
satedness,sated
sateless,sate
satinette,satin
satinflower,satin
satinpod,satin
satinwood,satin
satiny,satin
satiricalness,satirical
satiriser,satirise
satirizer,satirize
satisficer,satisfice
satrapal,satrap
saturnalian,saturnalia
satyresque,satyr
satyress,satyr
satyrical,satyr
satyrlike,satyr
sauceboat,sauce
saucebox,sauce
sauceless,sauce
saucepan,sauce
saucepot,sauce
saucerful,saucer
saucerless,saucer
saucerlike,saucer
saunterer,saunter
sauropodous,sauropod
savableness,savable
savagedom,savage
savageness,savage
savagery,savage
saver,save
savingness,saving
savorer,savor
savorless,savor
savorous,savor
savourer,savour
savourless,savour
savourly,savour
sawbill,saw
sawblade,saw
sawbones,saw
sawbuck,saw
sawdust,saw
sawdusty,sawdust
sawer,saw
sawfish,saw
sawfly,saw
sawgrass,saw
sawhorse,saw
sawlike,saw
sawlog,saw
sawmill,saw
sawmiller,saw
sawpit,saw
sawshark,saw
sawtimber,saw
sawtooth,saw
sawyer,saw
saxist,sax
saxman,sax
saxophone,sax
saxtuba,sax
sayable,say
sayer,say
saying,say
scabbardless,scabbard
scabbedness,scabbed
scabby,scab
scabious,scab
scabland,scab
scablike,scab
scabridity,scabrid
scabrousness,scabrous
scaffoldage,scaffold
scaffolder,scaffold
scaffolding,scaffold
scalder,scald
scaldhead,scald
scalding,scald
scaleboard,scale
scaleless,scale
scalelike,scale
scalepan,scale
scaler,scale
scaletail,scale
scaleup,scale
scalework,scale
scalloper,scallop
scalpelliform,scalpel
scalper,scalp
scalping,scalp
scalpless,scalp
scambaiting,scam
scambler,scamble
scamblingly,scambling
scammer,scam
scamper,scamp
scamperer,scamper
scampish,scamp
scampishness,scampish
scamster,scam
scandalise,scandal
scandaliser,scandalise
scandalize,scandal
scandalizer,scandalize
scandalmonger,scandal
scandalous,scandal
scandalousness,scandalous
scannable,scan
scanner,scan
scantle,scant
scantness,scant
scanty,scant
scapegoat,scape
scapegoatism,scapegoat
scapegrace,scape
scapeless,scape
scapular,scapula
scapulary,scapula
scaraboid,scarab
scarcement,scarce
scarceness,scarce
scarecrow,scare
scared,scare
scaredy,scared
scarehead,scare
scarer,scare
scareware,scare
scarfpin,scarf
scarfwise,scarf
scarlatinal,scarlatina
scarless,scar
scarry,scar
scatheful,scathe
scathefulness,scatheful
scatheless,scath
scatterable,scatter
scatteration,scatter
scatterbrain,scatter
scatterbrained,scatter
scatterer,scatter
scattergood,scatter
scattergram,scatter
scattergun,scatter
scatterling,scatter
scatterometer,scatter
scattershot,scatter
scattery,scatter
scatty,scat
scavager,scavage
sceneman,scene
scenery,scene
sceneshifter,scene
scenester,scene
scentful,scent
scentless,scent
scentlessness,scentless
scepterless,scepter
sceptical,sceptic
scepticism,sceptic
sceptreless,sceptre
scheduler,schedule
schematic,schema
schemer,scheme
schillerization,schiller
schillerize,schiller
schistose,schist
schistous,schist
schizocarp,schizo
schizogenesis,schizo
schizogenic,schizo
schizognathous,schizo
schizogony,schizo
schizoid,schizo
schizophyte,schizo
schizothymia,schizo
schlepper,schlep
schleppy,schlep
schlocker,schlock
schlocky,schlock
schlumpy,schlump
schmaltzy,schmaltz
schmalzy,schmalz
schmecker,schmeck
schmoozer,schmooze
schmucky,schmuck
scholarly,scholar
scholarship,scholar
scholasticism,scholastic
scholiastic,scholiast
schoolbag,school
schoolbook,school
schoolboyish,schoolboy
schoolchild,school
schoolcraft,school
schoolday,school
schooler,school
schoolery,school
schoolfellow,school
schoolgirlish,schoolgirl
schoolgoing,school
schoolhouse,school
schoolie,school
schoolkid,school
schoolmaid,school
schoolman,school
schoolmarmish,schoolmarm
schoolmaster,school
schoolmasterish,schoolmaster
schoolmasterly,schoolmaster
schoolmate,school
schoolmistress,school
schoolmistressy,schoolmistress
schoolroom,school
schoolteacher,school
schoolteaching,school
schooltide,school
schooltime,school
schoolward,school
schoolwork,school
schoolyard,school
schorlaceous,schorl
scientifical,scientific
scientificity,scientific
sciolistic,sciolist
scissorer,scissor
scissortail,scissor
scissorwise,scissor
sclaffer,sclaff
scleral,sclera
scoffer,scoff
scofflaw,scoff
scoldable,scold
scolder,scold
scolding,scold
scoopable,scoop
scooper,scoop
scoopful,scoop
scooter,scoot
scooterist,scooter
scopulate,scopula
scorcher,scorch
scorchingness,scorching
scoreboard,score
scorecard,score
scorekeeper,score
scoreless,score
scoreline,score
scorepad,score
scorer,score
scoresheet,score
scoriaceous,scoria
scorner,scorn
scornful,scorn
scotomatous,scotoma
scoundrelly,scoundrel
scourer,scour
scourger,scourge
scoutcraft,scout
scowdering,scowder
scowler,scowl
scrabble,scrab
scrabbler,scrabble
scraggedness,scragged
scraggly,scrag
scramble,scramb
scrambler,scramble
scrapbook,scrap
scrapegut,scrape
scraper,scrape
scraperboard,scraper
scrapheap,scrap
scrappage,scrap
scrapper,scrap
scrappy,scrap
scratchback,scratch
scratchboard,scratch
scratcher,scratch
scratchie,scratch
scratchless,scratch
scratchplate,scratch
scratchy,scratch
scrawler,scrawl
scrawly,scrawl
screaky,screak
screamer,scream
screecher,screech
screechy,screech
screed,scree
screeder,screed
screenable,screen
screencast,screen
screencraft,screen
screener,screen
screenful,screen
screenie,screen
screening,screen
screenland,screen
screenlike,screen
screenplay,screen
screensaver,screen
screenshot,screen
screenwriter,screen
screenwriting,screen
screever,screeve
screwable,screw
screwball,screw
screwbean,screw
screwdriver,screw
screwer,screw
screwhead,screw
screwlike,screw
screwtop,screw
screwworm,screw
screwy,screw
scribaciousness,scribacious
scribblement,scribble
scribbler,scribble
scriber,scribe
scrimmager,scrimmage
scrimper,scrimp
scrimpness,scrimp
scrimpy,scrimp
scrimshanker,scrimshank
scripophily,scrip
scrippage,scrip
scripter,script
scripture,script
scriptwriting,script
scrivenership,scrivener
scrofulousness,scrofulous
scroggy,scrog
scrollable,scroll
scroller,scroll
scrollwise,scroll
scrollwork,scroll
scrouger,scrouge
scrounger,scrounge
scrubbable,scrub
scrubber,scrub
scrubbing,scrub
scrubby,scrub
scrubland,scrub
scrubwoman,scrub
scruffy,scruff
scrummager,scrummage
scrumpox,scrum
scrumptiousness,scrumptious
scrumpy,scrump
scrunchie,scrunch
scrunchy,scrunch
scrunty,scrunt
scrupleless,scruple
scrupler,scruple
scrupulousness,scrupulous
scrutiniser,scrutinise
scrutinizer,scrutinize
scryer,scry
scudder,scud
scuddle,scud
scuffer,scuff
scuffler,scuffle
sculler,scull
sculptor,sculpt
sculpturesque,sculpture
scumbag,scum
scumless,scum
scumlike,scum
scummer,scum
scumming,scum
scummy,scum
scurfy,scurf
scurrilousness,scurrilous
scutcheonless,scutcheon
scutcher,scutch
scutellated,scutellate
scuttleful,scuttle
scuttler,scuttle
scutwork,scut
scythelike,scythe
scytheman,scythe
scyther,scythe
seabag,sea
seabank,sea
seabeach,sea
seabed,sea
seabird,sea
seaboard,sea
seaboot,sea
seaborne,sea
seacoast,sea
seacock,sea
seacraft,sea
seadog,sea
seadrome,sea
seafaring,sea
seafoam,sea
seafolk,sea
seafood,sea
seafowl,sea
seafront,sea
seagirt,sea
seagoing,sea
seagrass,sea
seagull,sea
seahawk,sea
seahound,sea
sealable,seal
sealant,seal
sealer,seal
sealery,seal
sealift,sea
sealine,sea
sealing,seal
seallike,seal
sealskin,seal
sealwax,seal
seamaid,sea
seaman,sea
seamanlike,seaman
seamanly,seaman
seamanship,seaman
seamark,sea
seamer,seam
seamfree,seam
seamless,seam
seamlessness,seamless
seamlike,seam
seamount,sea
seamster,seam
seamstressy,seamstress
seamy,seam
seapiece,sea
seaplane,sea
seaport,sea
seaquake,sea
searchable,search
searcher,search
searchingness,searching
searchless,search
searchlight,search
searedness,seared
searness,sear
seascape,sea
seashell,sea
seashore,sea
seasickness,seasick
seaside,sea
seasonable,season
seasonableness,seasonable
seasonal,season
seasonality,seasonal
seasoner,season
seasoning,season
seasonless,season
seatback,seat
seatbelt,seat
seater,seat
seatless,seat
seatmate,seat
seatwork,seat
seawall,sea
seawalled,seawall
seaward,sea
seawards,sea
seaware,sea
seawater,sea
seaweed,sea
seaweedy,seaweed
seawife,sea
seawoman,sea
seaworthy,sea
seborrheal,seborrhea
seceder,secede
secernment,secern
secesher,secesh
secessional,secession
secessionism,secession
secessionist,secession
secludedness,secluded
seclusionist,seclusion
seclusiveness,seclusive
secondary,second
secondee,second
seconder,second
secondment,second
secretaryship,secretary
secretional,secretion
secretionary,secretion
secretive,secret
secretiveness,secretive
secretness,secret
sectarian,sect
sectarianism,sectarian
sectarianize,sectarian
sectional,section
sectionalise,sectional
sectionalism,sectional
sectionalist,sectional
sectionalize,sectional
sectionize,section
sectoral,sector
sectorise,sector
sectorization,sector
sectorize,sector
seculariser,secularise
secularism,secular
secularist,secular
secularistic,secularist
secularity,secular
secularize,secular
secularizer,secularize
securement,secure
secureness,secure
securer,secure
sedateness,sedate
sedged,sedge
sedgeland,sedge
sedimentable,sediment
sedimentary,sediment
sedimentation,sediment
sedimentology,sediment
sedimentous,sediment
seditionary,sedition
seditiousness,seditious
seduceable,seduce
seducement,seduce
seducer,seduce
seductiveness,seductive
sedulousness,sedulous
seeable,see
seed,see
seedbed,seed
seedbox,seed
seedcake,seed
seedcase,seed
seedeater,seed
seeder,seed
seedhead,seed
seedless,seed
seedlike,seed
seedling,seed
seedman,seed
seedness,seed
seedsman,seed
seedy,seed
seeing,see
seeker,seek
seemer,seem
seeming,seem
seemingness,seeming
seemless,seem
seemly,seem
seepage,seep
seepy,seep
seer,see
seeress,seer
seether,seethe
segmental,segment
segmentary,segment
segmentation,segment
segolate,segol
segregational,segregation
segregationist,segregation
seigneurial,seigneur
seigniorial,seignior
seigniorship,seignior
seiner,seine
seismical,seismic
seismicity,seismic
seizer,seize
seldomness,seldom
selectable,select
selectee,select
selection,select
selectionist,selection
selectiveness,selective
selectman,select
selectness,select
selector,select
selfdom,self
selfhood,self
selfie,self
selfing,self
selfish,self
selfishness,selfish
selfism,self
selfist,self
selfless,self
selflessness,selfless
selfness,self
selfsame,self
selfsameness,selfsame
selfward,self
selfwards,self
sellable,sell
seller,sell
semanticist,semantic
semantics,semantic
semestered,semester
semestering,semester
semicolonialism,semicolonial
semifinalist,semifinal
seminality,seminal
semiological,semiologic
semiotician,semiotic
semioticist,semiotic
semiyearly,semi
senatorial,senator
senatorian,senator
senatorship,senator
sendable,send
sender,send
seneschalship,seneschal
sensational,sensation
sensationalise,sensational
sensationalism,sensational
sensationalist,sensational
sensationalize,sensational
sensationism,sensation
sensationist,sensation
sensationless,sensation
senseful,sense
sensibleness,sensible
sensitiser,sensitise
sensitiveness,sensitive
sensitizer,sensitize
sensualise,sensual
sensualism,sensual
sensualist,sensual
sensualistic,sensual
sensuality,sensual
sensualization,sensual
sensualize,sensual
sensualness,sensual
sensuousness,sensuous
sentencer,sentence
sententiousness,sententious
sentimental,sentiment
sentimentalism,sentimental
sentimentalist,sentimental
sentimentality,sentimental
sentimentalize,sentimental
sepaled,sepal
sepaline,sepal
sepaloid,sepal
sepalous,sepal
separableness,separable
separateness,separate
separationism,separation
separationist,separation
separatistic,separatist
separativeness,separative
septal,sept
septemvirate,septemvir
septicity,septic
septillion,sept
septillionth,septillion
septuplet,septuple
sequaciousness,sequacious
sequelise,sequel
sequelize,sequel
sequencer,sequence
sequentiality,sequential
seraphic,seraph
seraskierate,seraskier
serenader,serenade
sereneness,serene
serfage,serf
serfhood,serf
serfish,serf
serflike,serf
serfship,serf
sergeantship,sergeant
serger,serge
serialise,serial
serialism,serial
serialist,serial
seriality,serial
serialize,serial
serifed,serif
serigraphic,serigraph
seriousness,serious
serjeantship,serjeant
sermoneer,sermon
sermonet,sermon
sermonette,sermon
sermonic,sermon
sermonical,sermon
sermoning,sermon
sermonise,sermon
sermonize,sermon
sermonizer,sermonize
serosal,serosa
serotoninergic,serotonin
serpentine,serpent
serpentize,serpent
serpentlike,serpent
serpentry,serpent
serriedness,serried
serumal,serum
servanthood,servant
servantless,servant
servantry,servant
servantship,servant
server,serve
servery,serve
serveware,serve
serviceability,service
serviceable,service
serviceableness,serviceable
serviceless,service
serviceman,service
servicer,service
servicewoman,service
servileness,servile
servitorship,servitor
servocontrol,servo
sesquipedalian,sesquipedal
sesquipedality,sesquipedal
sessional,session
setal,seta
setline,set
setness,set
setout,set
setter,set
setterwort,setter
settleable,settle
settledness,settled
settlement,settle
settler,settle
sevenfold,seven
sevenish,seven
sevenpence,seven
sevenpenny,seven
seventeen,seven
seventeenth,seventeen
seventh,seven
seventy,seven
severability,sever
severable,sever
several,sever
severalfold,several
severalty,several
severance,sever
severeness,severe
sewability,sew
sewable,sew
sewer,sew
sewerage,sewer
sewering,sewer
sewerless,sewer
sewerlike,sewer
sewing,sew
sexaholic,sex
sexer,sex
sexism,sex
sexist,sex
sexless,sex
sexlessness,sexless
sexlinked,sex
sexologist,sex
sexology,sex
sexpot,sex
sextantal,sextant
sextillionth,sextillion
sextoness,sexton
sextonship,sexton
sextuplet,sextuple
sexual,sex
sexualism,sexual
sexualist,sexual
sexualization,sexual
sexualize,sexual
sexy,sex
shackler,shackle
shacktown,shack
shacky,shack
shadbush,shad
shadeless,shade
shader,shade
shadfly,shad
shadowcast,shadow
shadowcasting,shadow
shadower,shadow
shadowgraph,shadow
shadowing,shadow
shadowless,shadow
shadowlike,shadow
shadowy,shadow
shafter,shaft
shaftless,shaft
shagbark,shag
shaggable,shag
shaggedness,shagged
shagger,shag
shaggy,shag
shagpile,shag
shagreened,shagreen
shagtastic,shag
shahdom,shah
shakeable,shake
shakeout,shake
shaker,shake
shalelike,shale
shaley,shale
shallowness,shallow
shamanic,shaman
shamanism,shaman
shamanist,shaman
shamanistic,shaman
shamateurism,shamateur
shameable,shame
shamefaced,shame
shamefacedness,shamefaced
shamefast,shame
shameful,shame
shameless,shame
shamer,shame
shameworthy,shame
shammer,sham
shampooer,shampoo
shandy,shand
shandygaff,shandy
shanghaier,shanghai
shantyman,shanty
shantytown,shanty
shapelessness,shapeless
shapely,shape
shapen,shape
shaper,shape
shapewear,shape
shareability,share
shareable,share
sharecrop,share
sharecropping,share
sharefarmer,share
shareholder,share
shareholding,share
shareman,share
sharemilker,share
sharer,share
shareware,share
sharifian,sharif
sharker,shark
sharkish,shark
sharklike,shark
sharkskin,shark
sharksucker,shark
sharny,sharn
sharpen,sharp
sharpener,sharpen
sharper,sharp
sharpie,sharp
sharpish,sharp
sharpness,sharp
sharpshooting,sharp
sharptail,sharp
shatterer,shatter
shatterproof,shatter
shattery,shatter
shaveable,shave
shaveling,shave
shaver,shave
shavetail,shave
shawlless,shawl
sheaflike,sheaf
sheafy,sheaf
shearer,shear
shearing,shear
shearling,shear
shearman,shear
shearwater,shear
sheathbill,sheath
sheather,sheath
sheathfish,sheath
sheathless,sheath
sheathlike,sheath
sheathy,sheath
shebeener,shebeen
sheddable,shed
shedder,shed
shedful,shed
shedhand,shed
shedlike,shed
shedload,shed
sheenful,sheen
sheeny,sheen
sheepberry,sheep
sheepcote,sheep
sheepherder,sheep
sheepherding,sheep
sheepish,sheep
sheepishness,sheepish
sheeplike,sheep
sheepman,sheep
sheepo,sheep
sheepshank,sheep
sheepshead,sheep
sheepshearer,sheep
sheepshearing,sheep
sheepskin,sheep
sheeptrack,sheep
sheepwalk,sheep
sheepy,sheep
sheerness,sheer
sheeter,sheet
sheetfed,sheet
sheeting,sheet
sheetless,sheet
sheetlike,sheet
sheety,sheet
sheikdom,sheik
sheikhdom,sheikh
shelfful,shelf
shelflike,shelf
shelfroom,shelf
shelfy,shelf
shellac,shell
shellacker,shellac
shellacking,shellac
shellback,shell
shellbark,shell
sheller,shell
shellfire,shell
shellfish,shell
shellful,shell
shellproof,shell
shellwork,shell
shelly,shell
shellycoat,shelly
shelterbelt,shelter
shelterer,shelter
shelterless,shelter
sheltery,shelter
shelver,shelve
shepherdess,shepherd
shepherdless,shepherd
shepherdling,shepherd
sheriffdom,sheriff
sheriffship,sheriff
shewbread,shew
shewer,shew
shielder,shield
shieldless,shield
shieldlike,shield
shiftable,shift
shifter,shift
shiftless,shift
shiftlessness,shiftless
shiftwork,shift
shifty,shift
shillingless,shilling
shillingsworth,shilling
shimmer,shim
shimmery,shimmer
shinbone,shin
shineless,shine
shiner,shine
shingler,shingle
shinguard,shin
shiningness,shining
shinny,shin
shinplaster,shin
shinsplints,shin
shipboard,ship
shipborne,ship
shipbroker,ship
shipbuilder,ship
shipfitter,ship
shipful,ship
shiplap,ship
shipless,ship
shipload,ship
shipman,ship
shipmaster,ship
shipmate,ship
shipment,ship
shipowner,ship
shippable,ship
shipper,ship
shipping,ship
shipshape,ship
shipside,ship
shipway,ship
shipworm,ship
shipwreck,ship
shipwright,ship
shipyard,ship
shireman,shire
shirker,shirk
shirtband,shirt
shirtdress,shirt
shirtfront,shirt
shirting,shirt
shirtless,shirt
shirtlike,shirt
shirtmaker,shirt
shirttail,shirt
shirtwaist,shirt
shirtwaisted,shirtwaist
shirtwaister,shirt
shirty,shirt
shitcan,shit
shitface,shit
shitfaced,shit
shitless,shit
shitlist,shit
shitload,shit
shitstorm,shit
shitter,shit
shittimwood,shittim
shitty,shit
shitwork,shit
shiverer,shiver
shivery,shiver
shlocky,shlock
shmaltzy,shmaltz
shmucky,shmuck
shoalness,shoal
shoalwise,shoal
shoaly,shoal
shockability,shock
shockable,shock
shocker,shock
shockingness,shocking
shockproof,shock
shoebill,shoe
shoeblack,shoe
shoebox,shoe
shoehorn,shoe
shoeless,shoe
shoemaker,shoe
shoemaking,shoe
shoer,shoe
shoeshine,shoe
shoestring,shoe
shoetree,shoe
shogunal,shogun
shogunate,shogun
shootable,shoot
shootaround,shoot
shooter,shoot
shooting,shoot
shootist,shoot
shopaholism,shop
shopboard,shop
shopbot,shop
shopboy,shop
shopbreaker,shop
shopbreaking,shop
shopfitter,shop
shopfront,shop
shopful,shop
shopgirl,shop
shophouse,shop
shopkeeper,shop
shopkeeping,shop
shopless,shop
shoplifter,shop
shoplifting,shoplift
shopman,shop
shopper,shop
shopping,shop
shoppy,shop
shopwoman,shop
shopworn,shop
shorebird,shore
shorefast,shore
shorefront,shore
shoreless,shore
shoreman,shore
shorer,shore
shoreside,shore
shoresman,shore
shoreward,shore
shorewards,shore
shoreweed,shore
shortage,short
shortarse,short
shortboard,short
shortbread,short
shortcake,short
shortchange,short
shortchanger,shortchange
shortcrust,short
shortcut,short
shorten,short
shortener,shorten
shortfall,short
shortgown,short
shorthair,short
shorthaired,short
shorthand,short
shorthanded,short
shorthold,short
shorthorn,short
shortie,short
shortish,short
shortness,short
shortsheet,short
shortstop,short
shortsword,short
shortwave,short
shorty,short
shotfirer,shot
shotgun,shot
shotgunner,shotgun
shothole,shot
shotmaker,shot
shotmaking,shot
shotproof,shot
shouter,shout
shoutline,shout
shouty,shout
shovel,shove
shoveler,shovel
shovelful,shovel
shovelhead,shovel
shovelnose,shovel
shover,shove
showable,show
showbizzy,showbiz
showboat,show
showboater,showboat
showbread,show
showcase,show
showdown,show
shower,show
showerer,shower
showerful,shower
showerhead,shower
showerless,shower
showerproof,shower
showery,shower
showgirl,show
showgoer,show
showground,show
showing,show
showman,show
showmanly,showman
showmanship,showman
showpiece,show
showplace,show
showroom,show
showstopper,show
showstopping,show
showtime,show
showyard,show
shredder,shred
shreddy,shred
shredless,shred
shrewd,shrew
shrewdie,shrewd
shrewish,shrew
shrewishness,shrewish
shrewlike,shrew
shrewmouse,shrew
shrieker,shriek
shrieking,shriek
shrieky,shriek
shrillness,shrill
shrilly,shrill
shrimper,shrimp
shrimplike,shrimp
shrimpy,shrimp
shrinelike,shrine
shrinkable,shrink
shrinkage,shrink
shrinker,shrink
shrinking,shrink
shriver,shrive
shroomer,shroom
shroudless,shroud
shroudy,shroud
shrubbery,shrub
shrubby,shrub
shrubless,shrub
shrublike,shrub
shticky,shtick
shucker,shuck
shuddersome,shudder
shuddery,shudder
shuffler,shuffle
shunless,shun
shunnable,shun
shunner,shun
shunter,shunt
shusher,shush
shutter,shut
shutterbug,shutter
shutterless,shutter
shuttle,shut
shuttleless,shuttle
shuttler,shuttle
shuttlewise,shuttle
shyish,shy
shyness,shy
shyster,shy
sialic,sial
sibling,sib
sibship,sib
sibyllic,sibyl
sibylline,sibyl
sickbay,sick
sickbed,sick
sickee,sick
sicken,sick
sickener,sicken
sickening,sicken
sicker,sick
sickerness,sicker
sickie,sick
sickish,sick
sickishness,sickish
sicklebill,sickle
sickleman,sickle
sicklemia,sickle
sickly,sick
sickness,sick
sicko,sick
sickout,sick
sickroom,sick
sicky,sick
sidearm,side
sidearmer,sidearm
sideband,side
sidebar,side
sideboard,side
sidebone,side
sideburn,side
sideburned,sideburn
sidecar,side
sidedness,sided
sidedress,side
sidehill,side
sidekick,side
sideless,side
sidelight,side
sideline,side
sideliner,sideline
sideling,side
sidelock,side
sidelong,side
sideman,side
sidemeat,side
sidenote,side
sidepath,side
sidepiece,side
sider,side
sideroad,side
siderostatic,siderostat
sidesaddle,side
sideshoot,side
sideshow,side
sideslip,side
sidespin,side
sidestep,side
sidestepper,sidestep
sidestream,side
sidestroke,side
sideswipe,side
sideswiper,sideswipe
sidetrack,side
sidewalk,side
sidewall,side
sideward,side
sidewards,side
sideway,side
sideways,side
sidewheeler,side
sidewinder,side
sidewise,side
sidler,sidle
siegecraft,siege
sieger,siege
sievelike,sieve
sifter,sift
sifting,sift
sigher,sigh
sighful,sigh
sighing,sigh
sighless,sigh
sighlike,sigh
sightable,sight
sighter,sight
sightless,sight
sightlessness,sightless
sightline,sight
sightly,sight
sightscreen,sight
sightseeing,sight
sightseer,sight
sightsman,sight
sightworthy,sight
sigillary,sigil
sigmatism,sigma
sigmoidectomy,sigmoid
sigmoidoscope,sigmoid
sigmoidoscopy,sigmoid
signable,sign
signage,sign
signaler,signal
signalisation,signal
signalise,signal
signalization,signal
signalize,signal
signaller,signal
signalman,signal
signalment,signal
signary,sign
signboard,sign
signee,sign
signer,sign
signless,sign
signpost,sign
silencer,silence
silentness,silent
silicone,silicon
silken,silk
silkgrower,silk
silkie,silk
silklike,silk
silkscreen,silk
silktail,silk
silkweed,silk
silkworm,silk
silky,silk
sillock,sill
siltation,silt
siltstone,silt
silty,silt
silverberry,silver
silverbill,silver
silverer,silver
silvereye,silver
silverfish,silver
silverise,silver
silverize,silver
silverling,silver
silverly,silver
silvern,silver
silverpoint,silver
silverside,silver
silverskin,silver
silversmithing,silver
silvertail,silver
silvertip,silver
silverware,silver
silverweed,silver
silvery,silver
simatic,sima
similarity,similar
simmer,sim
simperer,simper
simpleness,simple
simpleton,simple
sincereness,sincere
sindonologist,sindon
sindonology,sindon
sinewless,sinew
sinewy,sinew
sinful,sin
sinfulness,sinful
singable,sing
singableness,singable
singalong,sing
singer,sing
singing,sing
singledom,single
singlehood,single
singleness,single
singlestick,single
singlet,single
singleton,single
singletrack,single
singletree,single
singsong,sing
singularise,singular
singularism,singular
singularist,singular
singularity,singular
singularization,singular
singularize,singular
singularness,singular
sinisterity,sinister
sinisterness,sinister
sinisterwise,sinister
sinistrality,sinistral
sinkable,sink
sinkage,sink
sinker,sink
sinkful,sink
sinking,sink
sinky,sink
sinless,sin
sinlessness,sinless
sinner,sin
sinterability,sinter
sintery,sinter
sinuousness,sinuous
sinusitis,sinus
sinuslike,sinus
sinusoid,sinus
sinusoidal,sinusoid
siphonage,siphon
siphonal,siphon
siphonate,siphon
siphonet,siphon
siphonic,siphon
siphonostele,siphon
sippable,sip
sipper,sip
sipple,sip
sippy,sip
sirenic,siren
sirenise,siren
sirenize,siren
sirupy,sirup
sissy,sis
sissyish,sissy
sisterhood,sister
sisterless,sister
sisterlike,sister
sisterly,sister
sitarist,sitar
sitfast,sit
sithence,sithen
sitter,sit
sitting,sit
situational,situation
situationism,situation
sixer,six
sixfold,six
sixish,six
sixmo,six
sixpence,six
sixpenny,six
sixscore,six
sixteen,six
sixteener,sixteen
sixteenmo,sixteen
sixteenth,sixteen
sixth,six
sixty,six
sixtyfold,sixty
sixtyish,sixty
sizableness,sizable
sizarship,sizar
sizeableness,sizeable
sizeism,size
sizeist,size
sizer,size
sizzler,sizzle
skaldic,skald
skaldship,skald
skanker,skank
skanky,skank
skateboard,skate
skateboarder,skateboard
skatepark,skate
skatepunk,skate
skater,skate
skedaddler,skedaddle
skeletonic,skeleton
skeletoniser,skeletonise
skeletonize,skeleton
skeletonizer,skeletonize
skepful,skep
skeptical,skeptic
skepticalness,skeptical
skepticism,skeptic
sketchability,sketch
sketchable,sketch
sketchbook,sketch
sketcher,sketch
sketchy,sketch
skeuomorphic,skeuomorph
skeuomorphism,skeuomorph
skewback,skew
skewbald,skew
skewer,skew
skewness,skew
skiable,ski
skibobber,skibob
skidder,skid
skiddy,skid
skidooer,skidoo
skidooing,skidoo
skidpad,skid
skidpan,skid
skidproof,skid
skidway,skid
skier,ski
skiffless,skiff
skilfulness,skilful
skillessness,skilless
skillful,skill
skillfulness,skillful
skilly,skill
skimboard,skim
skimboarder,skimboard
skimmer,skim
skimming,skim
skimobile,ski
skimpy,skimp
skincare,skin
skinful,skin
skinhead,skin
skinker,skink
skinless,skin
skinlike,skin
skinner,skin
skinny,skin
skintight,skin
skiplane,ski
skippable,skip
skipper,skip
skippy,skip
skirmisher,skirmish
skirter,skirt
skirtless,skirt
skirtlike,skirt
skittery,skitter
skittishness,skittish
skiver,skive
skiwear,ski
skulker,skulk
skullcap,skull
skunkbird,skunk
skunkweed,skunk
skunky,skunk
skyboard,sky
skyborne,sky
skybox,sky
skybridge,sky
skycap,sky
skyclad,sky
skydive,sky
skydiver,sky
skyey,sky
skyglow,sky
skyhook,sky
skyish,sky
skyjack,sky
skyjacker,skyjack
skylab,sky
skylark,sky
skylarker,skylark
skylarking,skylark
skyless,sky
skylight,sky
skylighted,skylight
skylike,sky
skyline,sky
skylit,sky
skyman,sky
skyrocket,sky
skysail,sky
skyscape,sky
skysurfer,sky
skysurfing,sky
skywalk,sky
skyward,sky
skywards,sky
skywatch,sky
skyway,sky
skywrite,sky
skywriter,sky
skywriting,sky
slabber,slab
slabberer,slabber
slabbery,slabber
slabby,slab
slablike,slab
slacken,slack
slackener,slacken
slacker,slack
slackness,slack
slaggy,slag
slaistery,slaister
slakeless,slake
slaker,slake
slalomer,slalom
slalomist,slalom
slammer,slam
slanderer,slander
slanderous,slander
slanger,slang
slangish,slang
slangular,slang
slangy,slang
slanter,slant
slantways,slant
slantwise,slant
slanty,slant
slapdash,slap
slapper,slap
slapstick,slap
slasher,slash
slashing,slash
slatelike,slate
slater,slate
slatternly,slattern
slattery,slatter
slaughterable,slaughter
slaughterer,slaughter
slaughterhouse,slaughter
slaughterman,slaughter
slaughterous,slaughter
slaveholder,slave
slaveholding,slave
slaver,slave
slaverer,slaver
slavery,slave
slavey,slave
slavishness,slavish
slayable,slay
slayer,slay
sleazebag,sleaze
sledder,sled
sledger,sledge
sleechy,sleech
sleeken,sleek
sleeker,sleek
sleekness,sleek
sleekstone,sleek
sleeky,sleek
sleeper,sleep
sleepless,sleep
sleeplessness,sleepless
sleeplike,sleep
sleepover,sleep
sleepsuit,sleep
sleepwalk,sleep
sleepwalker,sleep
sleepwear,sleep
sleepy,sleep
sleepyhead,sleepy
sleety,sleet
sleevehand,sleeve
sleeveless,sleeve
sleevelet,sleeve
sleevelike,sleeve
sleever,sleeve
sleigher,sleigh
slenderize,slender
slenderness,slender
sliceable,slice
slicer,slice
slicken,slick
slicker,slick
slickered,slicker
slickness,slick
slickrock,slick
slickster,slick
slickstone,slick
sliddery,slidder
slider,slide
slideshow,slide
slideway,slide
slighter,slight
slightish,slight
slightness,slight
slimebag,slime
slimeball,slime
slimline,slim
slimmish,slim
slimness,slim
slingback,sling
slinger,sling
slingstone,sling
slingy,sling
slinker,slink
slinkskin,slink
slinky,slink
slipcase,slip
slipcased,slipcase
slipcover,slip
slipdress,slip
slipform,slip
slipless,slip
slipover,slip
slippage,slip
slipper,slip
slipperwort,slipper
slippery,slip
slippy,slip
sliprail,slip
slipshodness,slipshod
slipslop,slip
slipware,slip
slipway,slip
slithery,slither
slitless,slit
slitlike,slit
slitter,slit
slitty,slit
sliverer,sliver
slobberer,slobber
slobbery,slob
slobbish,slob
slobbishness,slobbish
slobby,slob
slobland,slob
sloebush,sloe
sloganed,slogan
sloganeer,slogan
sloganise,slogan
sloganize,slogan
slogger,slog
sloomy,sloom
sloper,slope
slopeside,slope
slopewise,slope
slopingness,sloping
sloppy,slop
slopwork,slop
sloshy,slosh
slotback,slot
slothful,sloth
slothfulness,slothful
slotter,slot
sloucher,slouch
slouchy,slouch
sloughy,slough
slovenlike,sloven
slovenly,sloven
slovenry,sloven
slowback,slow
slowcoach,slow
slowish,slow
slowness,slow
slowpoke,slow
slubby,slub
slugabed,slug
slugfest,slug
sluggardise,sluggard
sluggardize,sluggard
sluggardly,sluggard
sluggardness,sluggard
slugger,slug
sluggish,slug
sluggishness,sluggish
sluglike,slug
sluicelike,sluice
sluiceway,sluice
slumberer,slumber
slumberful,slumber
slumberland,slumber
slumberless,slumber
slumberous,slumber
slumberousness,slumberous
slumbersome,slumber
slumbery,slumber
slumbrousness,slumbrous
slumism,slum
slummer,slum
slummy,slum
slumpflationary,slumpflation
slumpy,slump
slungshot,slung
slurper,slurp
slurpy,slurp
slushy,slush
slutchy,slutch
sluttery,slut
sluttish,slut
sluttishness,sluttish
slutty,slut
slyboots,sly
slyish,sly
slyness,sly
smackdown,smack
smacker,smack
smackeroo,smacker
smackhead,smack
smallage,small
smallclothes,small
smallholding,small
smallish,small
smallmouth,small
smallness,small
smallpox,small
smallsat,small
smallsword,small
smalltime,small
smarmy,smarm
smartarsed,smart
smartass,smart
smarten,smart
smartish,smart
smartmouth,smart
smartness,smart
smartphone,smart
smartwatch,smart
smartweed,smart
smarty,smart
smartypants,smarty
smashable,smash
smasher,smash
smasheroo,smash
smashing,smash
smatterer,smatter
smattering,smatter
smearer,smear
smeary,smear
smellable,smell
smeller,smell
smelly,smell
smelter,smelt
smeltery,smelt
smileful,smile
smileless,smile
smiler,smile
smilet,smile
smiley,smile
smilingness,smiling
smirker,smirk
smirky,smirk
smiter,smite
smithcraft,smith
smithery,smith
smithing,smith
smocklike,smock
smoggy,smog
smogless,smog
smokebox,smoke
smokebush,smoke
smokehouse,smoke
smokeless,smoke
smokelessness,smokeless
smokelike,smoke
smokepot,smoke
smokeproof,smoke
smoker,smoke
smokescreen,smoke
smokestack,smoke
smoketight,smoke
smoocher,smooch
smoochy,smooch
smoothable,smooth
smoothbored,smooth
smoothen,smooth
smoothie,smooth
smoothish,smooth
smoothness,smooth
smoothy,smooth
smotherer,smother
smothery,smother
smouldering,smoulder
smoulderingly,smouldering
smudger,smudge
smuggery,smug
smuggler,smuggle
smugness,smug
smurry,smur
smutchy,smutch
smutty,smut
snacker,snack
snackette,snack
snacky,snack
snagger,snag
snaggle,snag
snaggletooth,snaggle
snaggletoothed,snaggle
snaggy,snag
snaglike,snag
snailery,snail
snailfish,snail
snaillike,snail
snaily,snail
snakebird,snake
snakebit,snake
snakebite,snake
snakebitten,snake
snakefish,snake
snakehead,snake
snakelike,snake
snakemouth,snake
snakeroot,snake
snakeskin,snake
snakestone,snake
snakeweed,snake
snakewise,snake
snakewood,snake
snakishness,snakish
snapback,snap
snapdragon,snap
snapless,snap
snappable,snap
snapper,snap
snappish,snap
snappishness,snappish
snappy,snap
snapshooter,snap
snapshot,snap
snapweed,snap
snareless,snare
snarer,snare
snarfle,snarf
snarky,snark
snarl,snar
snarler,snarl
snarly,snarl
snatcher,snatch
snatchy,snatch
sneakbox,sneak
sneaker,sneak
sneakered,sneaker
sneakingness,sneaking
sneakish,sneak
sneakishness,sneakish
sneaky,sneak
sneerer,sneer
sneerful,sneer
sneery,sneer
sneezeless,sneeze
sneezer,sneeze
sneezeweed,sneeze
sneezewood,sneeze
snicker,snick
snickerer,snicker
snickery,snicker
snideness,snide
snidey,snide
sniffable,sniff
sniffer,sniff
sniffish,sniff
sniffishness,sniffish
sniffle,sniff
sniffler,sniffle
sniffy,sniff
sniggerer,snigger
sniggle,snig
sniggler,sniggle
snipefish,snipe
snipelike,snipe
sniper,snipe
sniperscope,sniper
snipper,snip
snippet,snip
snippety,snippet
snippy,snip
snirtle,snirt
snitcher,snitch
snitchy,snitch
snitty,snit
sniveler,snivel
snivelly,snivel
snobbery,snob
snobbish,snob
snobbishness,snobbish
snobbism,snob
snobby,snob
snobling,snob
snobocracy,snob
snobography,snob
snogger,snog
snooper,snoop
snooperscope,snooper
snoopy,snoop
snootful,snoot
snooty,snoot
snoozer,snooze
snorer,snore
snorkeler,snorkel
snorkeller,snorkel
snorter,snort
snorty,snort
snotrag,snot
snottery,snot
snottie,snot
snotty,snot
snoutish,snout
snoutless,snout
snoutlike,snout
snouty,snout
snowball,snow
snowbank,snow
snowbell,snow
snowbelt,snow
snowberry,snow
snowbird,snow
snowblink,snow
snowblower,snow
snowboard,snow
snowboarder,snowboard
snowboot,snow
snowbound,snow
snowbrush,snow
snowbush,snow
snowcap,snow
snowcat,snow
snowdome,snow
snowdrop,snow
snowfall,snow
snowfield,snow
snowflake,snow
snowfleck,snow
snowish,snow
snowland,snow
snowless,snow
snowlike,snow
snowmaking,snow
snowman,snow
snowmelt,snow
snowmobile,snow
snowmobiler,snowmobile
snowpack,snow
snowplough,snow
snowplow,snow
snowscape,snow
snowshoeing,snowshoe
snowshoer,snowshoe
snowslide,snow
snowslip,snow
snowsuit,snow
snowsurfing,snow
snowy,snow
snubber,snub
snubbish,snub
snubfin,snub
snubness,snub
snuffbox,snuff
snuffer,snuff
snuffle,snuff
snuffler,snuffle
snuffy,snuff
snuggery,snug
snuggle,snug
snugness,snug
soakage,soak
soaker,soak
soaking,soak
soapbark,soap
soapberry,soap
soapbox,soap
soapdish,soap
soaper,soap
soapfish,soap
soapie,soap
soapland,soap
soapless,soap
soaplike,soap
soaproot,soap
soapwort,soap
soapy,soap
soaraway,soar
soarer,soar
sobber,sob
soberize,sober
soberness,sober
sobersided,sober
sobersidedness,sobersided
sobersides,sober
sobful,sob
socager,socage
sociableness,sociable
socialise,social
socialism,social
socialistic,socialist
socialite,social
sociality,social
socialization,social
socialize,social
socializer,socialize
socially,social
socialness,social
sockette,sock
sockless,sock
sodaic,soda
sodaless,soda
sodalite,soda
sodbuster,sod
soddenness,sodden
soddie,sod
sodicity,sodic
sodomite,sodom
sodomize,sodom
soever,so
softback,soft
softball,soft
softballer,softball
softbound,soft
softcore,soft
softcover,soft
soften,soft
softener,soften
softening,soften
softgoods,soft
softhead,soft
softheaded,soft
softheadedness,softheaded
softhearted,soft
softheartedness,softhearted
softie,soft
softish,soft
softling,soft
softness,soft
softpaste,soft
softscape,soft
softshell,soft
software,soft
softwood,soft
softy,soft
soggy,sog
soilage,soil
soilborne,soil
soilless,soil
soily,soil
sojourner,sojourn
sojournment,sojourn
solacement,solace
solacer,solace
solarisation,solar
solarism,solar
solarist,solar
solarize,solar
solation,sol
solderability,solder
solderable,solder
solderer,solder
soldierlike,soldier
soldierly,soldier
soldiership,soldier
soldiery,soldier
soleless,sole
solemness,solemn
solemnify,solemn
solemnisation,solemn
solemnise,solemn
solemnity,solemn
solemnization,solemn
solemnizer,solemnize
solemnness,solemn
soleness,sole
solenoidal,solenoid
soleplate,sole
soler,sole
solicitor,solicit
solicitorship,solicitor
solicitous,solicit
solicitousness,solicitous
solidification,solid
solidify,solid
solidish,solid
solidism,solid
solidist,solid
solidity,solid
solidness,solid
solidungulate,solid
solifidianism,solifidian
soliloquiser,soliloquise
soliloquizer,soliloquize
soloist,solo
soloistic,soloist
solonetzic,solonetz
solubleness,soluble
solutional,solution
solutionist,solution
solvableness,solvable
solvent,solve
solventless,solvent
solver,solve
somberness,somber
sombreness,sombre
somebody,some
somedeal,some
somehow,some
someone,some
someplace,some
something,some
sometime,some
someway,some
someways,some
somewhat,some
somewhence,some
somewhere,some
somewhile,some
somewhither,some
somewhy,some
somewise,some
somnambulistic,somnambulist
sonarman,sonar
songbird,song
songbook,song
songcraft,song
songfest,song
songful,song
songfulness,songful
songless,song
songlike,song
songman,song
songsheet,song
songsmith,song
songster,song
songwriter,song
songwriting,song
sonhood,son
sonicate,sonic
sonication,sonic
sonless,son
sonlike,son
sonly,son
sonnetary,sonnet
sonneteer,sonnet
sonnetize,sonnet
sonny,son
sonographer,sonograph
sonorousness,sonorous
sonship,son
sooky,sook
sooler,sool
soonish,soon
sooterkin,soot
sootflake,soot
soother,sooth
soothfastness,soothfast
soothful,sooth
soothingness,soothing
soothly,sooth
soothsay,sooth
soothsayer,sooth
soothsaying,sooth
sootless,soot
sooty,soot
sophister,sophist
sophistic,sophist
sophistical,sophist
sophistry,sophist
soppy,sop
sorbability,sorb
sorbable,sorb
sorbic,sorb
sorbite,sorb
sorbitol,sorb
sordidness,sordid
sorehead,sore
soreheaded,sore
soreness,sore
sorner,sorn
sorrower,sorrow
sorrowful,sorrow
sorrowfulness,sorrowful
sorrowless,sorrow
sorryish,sorry
sortable,sort
sortal,sort
sortation,sort
sorter,sort
sortileger,sortilege
sottish,sot
sottishness,sottish
souled,soul
soulful,soul
soulfulness,soulful
soulless,soul
soullessness,soulless
soullike,soul
soulmate,soul
soulster,soul
soundable,sound
soundalike,sound
soundbar,sound
soundboard,sound
sounder,sound
sounding,sound
soundless,sound
soundlessness,soundless
soundman,sound
soundness,sound
soundproof,sound
soundscape,sound
souper,soup
soupfin,soup
soupless,soup
souplike,soup
soupspoon,soup
soupy,soup
sourball,sour
sourcebook,source
sourceless,source
sourish,sour
sourness,sour
sourpuss,sour
soursop,sour
sourwood,sour
souser,souse
souterly,souter
southbound,south
southeast,south
southeaster,southeast
southeasterly,south
southeastern,south
southeastward,southeast
southeastwards,southeast
souther,south
southerly,souther
southern,south
southerner,southern
southernise,southern
southernism,southern
southernize,southern
southernly,southern
southernmost,southern
southernness,southern
southernwood,southern
southing,south
southland,south
southmost,south
southpaw,south
southward,south
southwardly,southward
southwards,south
southwest,south
southwester,southwest
southwestern,south
southwestward,southwest
southwestwardly,southwestward
southwestwards,southwest
sovereignty,sovereign
sovietic,soviet
sovranly,sovran
sowable,sow
sowback,sow
sowbelly,sow
sower,sow
soyburger,soy
soymeal,soy
spaceband,space
spaceborne,space
spacecraft,space
spacefaring,space
spaceless,space
spaceman,space
spaceplane,space
spaceport,space
spacer,space
spaceship,space
spacetime,space
spacewalk,space
spacewalker,space
spaceward,space
spacewoman,space
spaciousness,spacious
spadefish,spade
spadefoot,spade
spadeful,spade
spadelike,spade
spademan,spade
spader,spade
spadesman,spade
spadework,spade
spaghettify,spaghetti
spaghettilike,spaghetti
spallable,spall
spallation,spall
spaller,spall
spambot,spam
spammer,spam
spammy,spam
spandexed,spandex
spangle,spang
spangler,spangle
spank,span
spanker,spank
spanking,spank
spanless,span
spanner,span
spanworm,span
spareable,spare
spareless,spare
spareness,spare
sparer,spare
sparger,sparge
sparingness,sparing
sparker,spark
sparkie,spark
sparkish,spark
sparkle,spark
sparkleberry,sparkle
sparkler,sparkle
sparkless,spark
sparklet,spark
sparky,spark
sparlike,spar
sparrer,spar
sparrowgrass,sparrow
sparrowlike,sparrow
sparry,spar
sparseness,sparse
spasmic,spasm
spasticity,spastic
spatfall,spat
spathed,spathe
spatiality,spatial
spatialization,spatial
spatterdash,spatter
spatterdock,spatter
spatterwork,spatter
spatular,spatula
spavined,spavin
spawner,spawn
spawny,spawn
speakable,speak
speaker,speak
speakerine,speaker
speakerphone,speaker
speakership,speaker
speaking,speak
spearer,spear
spearfish,spear
speargun,spear
spearhead,spear
spearlike,spear
spearman,spear
spearmint,spear
spearwort,spear
speary,spear
speccy,spec
specialise,special
specialiser,specialise
specialism,special
specialist,special
specialistic,specialist
speciality,special
specialize,special
specializer,specialize
specialness,special
specialogue,special
speciational,speciation
speciesism,species
speciesist,species
specificate,specific
specificity,specific
speciousness,specious
speckledness,speckled
speckless,speck
specky,speck
spectacled,spectacle
spectacularity,spectacular
spectatorial,spectator
spectatorship,spectator
spectrality,spectral
spectralness,spectral
specularity,specular
speechcraft,speech
speechful,speech
speechfulness,speechful
speechification,speech
speechify,speech
speechless,speech
speechlessness,speechless
speechmaker,speech
speechmaking,speech
speechwriter,speech
speedball,speed
speedboat,speed
speeder,speed
speedfreak,speed
speedful,speed
speeding,speed
speedless,speed
speedometer,speed
speedster,speed
speedwalk,speed
speedway,speed
speedwell,speed
speedy,speed
spellable,spell
spellbind,spell
spellbinder,spell
spelldown,spell
speller,spell
spellful,spell
spelling,spell
spellingly,spelling
spelunker,spelunk
spelunking,spelunk
spendable,spend
spender,spend
spending,spend
spendthrift,spend
spendy,spend
spermaceti,sperm
spermary,sperm
spermathecal,spermatheca
spermatical,spermatic
spermatoblastic,spermatoblast
spermatozoon,sperm
spermic,sperm
spermicide,sperm
spermine,sperm
spermous,sperm
spewer,spew
spewy,spew
sphenoidal,sphenoid
sphereless,sphere
spherelike,sphere
sphericality,spherical
sphericalness,spherical
sphericity,spheric
spheroidize,spheroid
sphincteral,sphincter
sphincteric,sphincter
sphinxlike,sphinx
sphygmographic,sphygmograph
spiceberry,spice
spicebush,spice
spiceless,spice
spicer,spice
spicery,spice
spicular,spicula
spiderish,spider
spiderlike,spider
spiderman,spider
spiderwood,spider
spiderwork,spider
spiderwort,spider
spidery,spider
spikefish,spike
spikelet,spike
spikelike,spike
spikenard,spike
spiker,spike
spikery,spike
spillable,spill
spillage,spill
spiller,spill
spillikin,spill
spillover,spill
spillway,spill
spimmer,spim
spimming,spim
spinachlike,spinach
spinachy,spinach
spindle,spin
spindlelegs,spindle
spindleshanks,spindle
spined,spine
spineless,spine
spinelessness,spineless
spinelike,spine
spinescent,spine
spinless,spin
spinmeister,spin
spinner,spin
spinneret,spinner
spinnerette,spinner
spinnerule,spinner
spinny,spin
spinout,spin
spinster,spin
spinsterdom,spinster
spinsterhood,spinster
spinsterish,spinster
spinsterly,spinster
spinstership,spinster
spintext,spin
spinulescent,spinule
spiraliform,spiral
spiralism,spiral
spiralist,spiral
spirality,spiral
spireless,spire
spirelet,spire
spirewise,spire
spiritedness,spirited
spiritful,spirit
spiritual,spirit
spiritualise,spiritual
spiritualiser,spiritualise
spitball,spit
spiteful,spite
spitefulness,spiteful
spitter,spit
spittlebug,spittle
spittoon,spit
spitty,spit
spivvery,spiv
spivvish,spiv
spivvy,spiv
splashback,splash
splashboard,splash
splasher,splash
splashy,splash
splatterpunk,splatter
splayfoot,splay
spleenful,spleen
spleenish,spleen
spleenless,spleen
spleenlike,spleen
spleenwort,spleen
spleeny,spleen
splendidness,splendid
splendorous,splendor
splicer,splice
splinter,splint
splintery,splinter
splintlike,splint
splitter,split
splittism,split
splittist,split
splotchy,splotch
splurger,splurge
splutterer,splutter
spluttering,splutter
spluttery,splutter
spoddy,spod
spoilage,spoil
spoilful,spoil
spoilsman,spoils
spokeshave,spoke
spokesman,spoke
spokesmanship,spokesman
spokesperson,spoke
spokeswoman,spoke
spokewise,spoke
spondylosis,spondyl
spongeable,sponge
spongelike,sponge
sponger,sponge
spongeware,sponge
sponsional,sponsion
sponsorial,sponsor
sponsorship,sponsor
spontaneousness,spontaneous
spoofer,spoof
spoofery,spoof
spoofy,spoof
spookery,spook
spookish,spook
spooky,spook
spooler,spool
spoonbait,spoon
spoonbill,spoon
spoondrift,spoon
spooner,spoon
spoonerism,spooner
spoonful,spoon
spoonlike,spoon
spoonways,spoon
spoonwise,spoon
spoonworm,spoon
spoony,spoon
spoorer,spoor
sporadical,sporadic
sporadicalness,sporadical
sporelike,spore
sporocystic,sporocyst
sportability,sport
sportbike,sport
sporter,sport
sportfisherman,sport
sportfishing,sport
sportful,sport
sportfulness,sportful
sporting,sport
sportive,sport
sportiveness,sportive
sportless,sport
sportscast,sports
sportsman,sports
sportsmanlike,sportsman
sportsmanly,sportsman
sportsmanship,sports
sportsperson,sports
sportswear,sports
sportswoman,sports
sportswriter,sports
sportswriting,sports
sporty,sport
sposhy,sposh
spotless,spot
spotlessness,spotless
spotlight,spot
spottable,spot
spottedness,spotted
spotter,spot
spottie,spot
spotty,spot
spouseless,spouse
spouter,spout
spoutless,spout
sprawler,sprawl
sprawly,sprawl
sprayer,spray
sprayey,spray
spraying,spray
spreadability,spread
spreadable,spread
spreader,spread
spreading,spread
spreadsheet,spread
sprigger,sprig
spriggy,sprig
sprightful,spright
sprightfulness,sprightful
sprightless,spright
sprightly,spright
sprigtail,sprig
springboard,spring
springer,spring
springhead,spring
springhouse,spring
springle,spring
springless,spring
springlet,spring
springlike,spring
springtail,spring
springtide,spring
springtime,spring
springwater,spring
springwood,spring
springwort,spring
springy,spring
sprinkler,sprinkle
sprinter,sprint
spriteful,sprite
spritefulness,spriteful
spritely,sprite
spritsail,sprit
sproglet,sprog
spruceness,spruce
spruiker,spruik
spryness,spry
spudder,spud
spuddy,spud
spuggy,spug
spunbonded,spun
spunky,spunk
spurdog,spur
spurgall,spur
spuriousness,spurious
spurless,spur
spurlike,spur
spurner,spurn
spurrer,spur
spurrier,spur
spurtle,spurt
sputterer,sputter
sputtery,sputter
spycam,spy
spycatcher,spy
spyglass,spy
spyhole,spy
spying,spy
spymaster,spy
spyplane,spy
spyware,spy
squabbish,squab
squabby,squab
squaddie,squad
squaddy,squad
squailer,squail
squalidity,squalid
squalidness,squalid
squaller,squall
squallish,squall
squally,squall
squamation,squama
squamousness,squamous
squanderer,squander
squandermania,squander
squarehead,square
squareness,square
squarer,square
squarewise,square
squarishness,squarish
squashable,squash
squasher,squash
squashy,squash
squatness,squat
squatter,squat
squattle,squat
squattocracy,squat
squatty,squat
squawbush,squaw
squawfish,squaw
squawker,squawk
squawky,squawk
squawroot,squaw
squeaker,squeak
squeakery,squeak
squeaky,squeak
squealer,squeal
squeamishness,squeamish
squeezer,squeeze
squelcher,squelch
squelchy,squelch
squibber,squib
squidlike,squid
squiggler,squiggle
squinter,squint
squinty,squint
squirearchy,squire
squiredom,squire
squirehood,squire
squirelike,squire
squireling,squire
squirely,squire
squireship,squire
squiress,squire
squirmer,squirm
squirmy,squirm
squirrelfish,squirrel
squirrelly,squirrel
squirrely,squirrel
squirter,squirt
squishy,squish
squooshy,squoosh
stabber,stab
stabiliser,stabilise
stabilizer,stabilize
stableman,stable
stablemate,stable
stableness,stable
stabler,stable
stackable,stack
stacker,stack
stackless,stack
stackroom,stack
stadtholderate,stadtholder
stadtholdership,stadtholder
staffage,staff
staffer,staff
staffman,staff
staffroom,staff
stageable,stage
stagecoachman,stagecoach
stagecraft,stage
stageful,stage
stagehand,stage
stagehead,stage
stagelike,stage
stager,stage
stagery,stage
stagestruck,stage
stagette,stag
stagflationary,stagflation
staggard,stag
stagger,stag
staggerbush,stagger
staggerer,stagger
staggery,stagger
staggy,stag
staghorn,stag
staghound,stag
staidness,staid
stainable,stain
stainer,stain
stainless,stain
stainlessness,stainless
stainproof,stain
staircase,stair
staired,stair
stairfoot,stair
stairhead,stair
stairless,stair
stairlift,stair
stairlike,stair
stairstep,stair
stairway,stair
stairwell,stair
stairwise,stair
stairwork,stair
stakeholder,stake
staker,stake
stalactited,stalactite
stalemate,stale
staleness,stale
stalker,stalk
stalking,stalk
stalkless,stalk
stalklike,stalk
stalky,stalk
stallage,stall
stallholder,stall
stallman,stall
stalwartness,stalwart
stamened,stamen
stammerer,stammer
stampeder,stampede
stamper,stamp
stampless,stamp
stanchable,stanch
stancher,stanch
stanchless,stanch
stanchness,stanch
standard,stand
standardbred,standard
standardise,standard
standardize,standard
standardizer,standardize
standardless,standard
standee,stand
stander,stand
standfirst,stand
standing,stand
standish,stand
standoffishness,standoffish
standpipe,stand
standpoint,stand
standstill,stand
stanzaed,stanza
stanzaic,stanza
stapler,staple
starboard,star
starburst,star
starchedness,starched
starcher,starch
starchlike,starch
starchy,starch
stardom,star
stardrift,star
stardust,star
starer,stare
starfish,star
starflower,star
starfruit,star
starfucker,star
starfucking,star
stargaze,star
stargazer,star
starken,stark
starkers,stark
starkness,stark
starless,star
starlet,star
starlight,star
starlighted,star
starlike,star
starlit,star
starmonger,star
starnie,starn
starnose,star
starry,star
starshine,star
starship,star
starspot,star
starstone,star
starter,start
startful,start
startingly,starting
startish,start
startle,start
startlement,startle
startler,startle
startup,start
starveling,starve
starver,starve
starwort,star
statecraft,state
statedly,stated
statehood,state
statehouse,state
stateless,state
statelessness,stateless
statelet,state
stately,state
statement,state
statementing,statement
stater,state
stateroom,state
stateside,state
statesman,state
statesmanlike,statesman
statesmanly,statesman
statesmanship,statesman
statesperson,state
stateswoman,state
statewide,state
staticky,static
stationer,station
stationery,stationer
stationmaster,station
statistical,statistic
statistician,statistic
statued,statue
statuesque,statue
statuesqueness,statuesque
statuette,statue
statured,stature
statusy,status
staunchable,staunch
stauncher,staunch
staunchness,staunch
stayer,stay
stayless,stay
staymaker,stay
staysail,stay
steadfast,stead
steadfastness,steadfast
steady,stead
steakette,steak
steakhouse,steak
stealable,steal
stealage,steal
stealer,steal
stealth,steal
stealthful,stealth
stealthing,stealth
stealthy,stealth
steamer,steam
steamfitter,steam
steamie,steam
steaming,steam
steampunk,steam
steamroll,steam
steamroller,steam
steamship,steam
steamtight,steam
steamy,steam
steatomatous,steatoma
stedfastness,stedfast
steedlike,steed
steelhead,steel
steelie,steel
steelman,steel
steelware,steel
steelwork,steel
steelworking,steel
steely,steel
steelyard,steel
steepen,steep
steeper,steep
steepish,steep
steeple,steep
steeplebush,steeple
steeplechaser,steeplechase
steeplechasing,steeple
steeplejack,steeple
steepness,steep
steepy,steep
steerable,steer
steerage,steer
steerageway,steerage
steerer,steer
steerling,steer
steersman,steer
steersmate,steer
stellarator,stellar
stellate,stella
stemhead,stem
stemless,stem
stemlet,stem
stemlike,stem
stemmer,stem
stemmery,stem
stemmy,stem
stemware,stem
stemwinder,stem
stenchful,stench
stenchy,stench
stenciler,stencil
stenocardia,steno
stenograph,steno
stenography,steno
stenotherm,steno
stenotype,steno
stenotypy,steno
stentorian,stentor
stepdancer,step
stepless,step
steplike,step
stepmotherly,stepmother
stepover,step
stepparenting,stepparent
stepper,step
stepstool,step
stepwise,step
stereochrome,stereo
stereograph,stereo
stereography,stereo
stereology,stereo
stereometer,stereo
stereophonic,stereo
stereophony,stereo
stereopsis,stereo
stereoscope,stereo
stereotyper,stereotype
steriliser,sterilise
sterilizer,sterilize
sterlingness,sterling
sternfast,stern
sternforemost,stern
sternite,stern
sternmost,stern
sternness,stern
sternport,stern
sternpost,stern
sternward,stern
sternwards,stern
sternway,stern
stertorousness,stertorous
stewable,stew
stewardess,steward
stewardship,steward
stewer,stew
stewpan,stew
stewpot,stew
stewy,stew
stibialism,stibial
stichic,stich
stickability,stick
stickable,stick
stickball,stick
sticker,stick
stickful,stick
stickhandle,stick
stickhandler,stick
stickjaw,stick
stickler,stickle
sticklike,stick
stickling,stick
stickman,stick
stickpin,stick
stickseed,stick
sticktight,stick
stickweed,stick
stickwork,stick
sticky,stick
stickybeak,sticky
stiffen,stiff
stiffener,stiffen
stiffish,stiff
stiffness,stiff
stiffware,stiff
stiffy,stiff
stifler,stifle
stigmal,stigma
stigmatic,stigma
stigmatizer,stigmatize
stillage,still
stillbirth,still
stillborn,still
stiller,still
stillhouse,still
stillman,still
stillness,still
stillroom,still
stilly,still
stiltbird,stilt
stiltedness,stilted
stilter,stilt
stiltish,stilt
stiltlike,stilt
stilty,stilt
stimulater,stimulate
stingbull,sting
stinger,sting
stingfish,sting
stinging,sting
stingingness,stinging
stingless,sting
stingo,sting
stingray,sting
stingy,sting
stinkard,stink
stinkbird,stink
stinkbug,stink
stinker,stink
stinkeroo,stinker
stinkhorn,stink
stinking,stink
stinkingness,stinking
stinko,stink
stinkpot,stink
stinkstone,stink
stinkweed,stink
stinkwood,stink
stinky,stink
stintedness,stinted
stinter,stint
stintless,stint
stinty,stint
stiped,stipe
stipellate,stipel
stippler,stipple
stipuled,stipule
stirless,stir
stirrable,stir
stirrer,stir
stirring,stir
stitchcraft,stitch
stitcher,stitch
stitchery,stitch
stitchwork,stitch
stitchwort,stitch
stockade,stock
stockage,stock
stockbreeder,stock
stockbreeding,stock
stockbroker,stock
stockbrokerage,stock
stockbroking,stock
stocker,stock
stockfish,stock
stockholder,stock
stockholding,stock
stocking,stock
stockinged,stocking
stockinger,stocking
stockingless,stocking
stockish,stock
stockishness,stockish
stockist,stock
stockjobber,stock
stockkeeper,stock
stockless,stock
stocklist,stock
stockman,stock
stockpile,stock
stockpiler,stockpile
stockpot,stock
stockroom,stock
stocktake,stock
stocktaking,stock
stocky,stock
stockyard,stock
stodger,stodge
stoical,stoic
stoicalness,stoical
stoicism,stoic
stokehold,stoke
stokehole,stoke
stoker,stoke
stoled,stole
stolidity,stolid
stolidness,stolid
stolonic,stolon
stoloniferous,stolon
stomachache,stomach
stomachal,stomach
stomacher,stomach
stomachful,stomach
stomachical,stomach
stomachless,stomach
stomachous,stomach
stomachy,stomach
stomal,stoma
stomatous,stoma
stomper,stomp
stompy,stomp
stoneboat,stone
stonebrash,stone
stonebreak,stone
stonebreaker,stone
stonecast,stone
stonechat,stone
stonecrop,stone
stonecut,stone
stonecutter,stone
stonecutting,stone
stonefish,stone
stonefly,stone
stoneground,stone
stoneless,stone
stonelessness,stoneless
stonelike,stone
stonemason,stone
stonemasonry,stone
stonen,stone
stoner,stone
stonewall,stone
stonewaller,stonewall
stoneware,stone
stonewash,stone
stonework,stone
stoneworker,stone
stonewort,stone
stoney,stone
stonker,stonk
stonyhearted,stony
stooker,stook
stoolie,stool
stooly,stool
stoopball,stoop
stooper,stoop
stoozer,stooze
stopband,stop
stopbank,stop
stopcock,stop
stoper,stope
stopgap,stop
stopless,stop
stoplight,stop
stoppable,stop
stoppage,stop
stopper,stop
stopple,stop
stopwatch,stop
stopword,stop
storecard,store
storefront,store
storehouse,store
storekeeper,store
storekeeping,store
storeman,store
storer,store
storeroom,store
storeship,store
storewide,store
storeyed,storey
storksbill,stork
stormbound,storm
stormcock,storm
stormer,storm
stormful,storm
stormfulness,stormful
stormless,storm
stormlike,storm
stormproof,storm
stormy,storm
storyboard,story
storybook,story
storyette,story
storyless,story
storyline,story
storyteller,story
storytelling,story
storytime,story
stouten,stout
stouthearted,stout
stoutish,stout
stoutness,stout
stovepipe,stove
stovetop,stove
stovewood,stove
stowable,stow
stowage,stow
stower,stow
straddler,straddle
strafer,strafe
straggler,straggle
straighten,straight
straightener,straighten
straightforth,straight
straightforward,straight
straightish,straight
straightness,straight
straightway,straight
strainer,strain
straitjacket,strait
straitlacedness,straitlaced
straitness,strait
strandedness,stranded
strander,strand
strandline,strand
strangeness,strange
strangler,strangle
straphang,strap
straphanger,strap
strapless,strap
straplike,strap
strapline,strap
strapper,strap
strappy,strap
strapwort,strap
stravaiger,stravaig
strawberry,straw
strawboard,straw
strawen,straw
strawflower,straw
strawless,straw
strawlike,straw
strawweight,straw
strawworm,straw
strawy,straw
strayer,stray
strayling,stray
streaker,streak
streaklike,streak
streaky,streak
streamer,stream
streamered,streamer
streaming,stream
streamless,stream
streamlet,stream
streamlike,stream
streamline,stream
streamliner,streamline
streamling,stream
streamside,stream
streamy,stream
streeker,streek
streetage,street
streetcar,street
streetful,street
streetlight,street
streetscape,street
streetsmart,street
streetwalker,street
streetwalking,street
streetward,street
streetwards,street
streetwear,street
streetwise,street
streety,street
strengthen,strength
strengthener,strengthen
strengthful,strength
strengthless,strength
strenuousness,strenuous
stressbuster,stress
stressbusting,stress
stressful,stress
stressfulness,stressful
stressless,stress
stresslessness,stressless
stressor,stress
stressy,stress
stretchability,stretch
stretchable,stretch
stretcher,stretch
stretching,stretch
stretchless,stretch
stretchy,stretch
strewage,strew
strewer,strew
strewment,strew
strickle,strick
strictish,strict
strictness,strict
strictured,stricture
strider,stride
stridulousness,stridulous
strifeful,strife
strifeless,strife
strikebound,strike
strikebreaker,strike
strikebreaking,strike
strikeless,strike
strikeover,strike
striker,strike
strikingness,striking
stringboard,string
stringcourse,string
stringentness,stringent
stringer,string
stringhalted,stringhalt
stringless,string
stringlike,string
stringpiece,string
stringy,string
stringybark,stringy
stripeless,stripe
striper,stripe
stripey,stripe
stripling,strip
strippable,strip
stripper,strip
strippergram,stripper
striptease,strip
striver,strive
strobilaceous,strobila
stroker,stroke
stroller,stroll
stromal,stroma
stromatic,stroma
strongbox,strong
stronghold,strong
strongish,strong
strongman,strong
strongness,strong
strongpoint,strong
strongyloidosis,strongyloid
strontianite,strontian
stropper,strop
strouding,stroud
strower,strow
structuralise,structural
structuralism,structural
structuralist,structural
structuralize,structural
structureless,structure
struggler,struggle
strummer,strum
strutter,strut
stubbie,stub
stubbled,stubble
stubbornness,stubborn
stubby,stub
stuccoer,stucco
stuccowork,stucco
studentry,student
studentship,student
studenty,student
studfish,stud
studiedness,studied
studiousness,studious
studlike,stud
studly,stud
studwork,stud
stuffer,stuff
stuffing,stuff
stuffless,stuff
stuffy,stuff
stumblebum,stumble
stumbler,stumble
stumpage,stump
stumper,stump
stumpwork,stump
stumpy,stump
stunner,stun
stunning,stun
stuntedness,stunted
stuntman,stunt
stuntwoman,stunt
stupendousness,stupendous
stupidity,stupid
stupidness,stupid
stuporous,stupor
stutterer,stutter
stye,sty
stylebook,style
styleless,style
stylelessness,styleless
styler,style
stylet,style
stylishness,stylish
stylizer,stylize
stylophone,stylo
suasiveness,suasive
suaveness,suave
subahship,subah
subbie,sub
subchaser,sub
subdeaconship,subdeacon
subdeanery,subdean
subdivider,subdivide
subdivisional,subdivision
subduction,subduct
subduedness,subdued
subduement,subdue
subduer,subdue
subeditorship,subeditor
suberic,suber
suberin,suber
subfix,sub
subhedral,sub
subjectable,subject
subjectify,subject
subjection,subject
subjective,subject
subjectiveness,subjective
subjectivistic,subjectivist
subjectless,subject
subjectship,subject
sublapsarianism,sublapsarian
subletter,sublet
sublimeness,sublime
sublimer,sublime
submariner,submarine
submergement,submerge
submissiveness,submissive
submissness,submiss
submittable,submit
submittal,submit
submitter,submit
subnormality,subnormal
subordinateness,subordinate
subornation,suborn
subornative,suborn
suborner,suborn
subpoena,sub
subregional,subregion
subscriber,subscribe
subscriptive,subscript
subsequential,subsequent
subsequentness,subsequent
subshrubby,subshrub
subsidence,subside
subsider,subside
subsidiser,subsidise
subsidizer,subsidize
subsistence,subsist
subsistent,subsist
subsistential,subsistent
subsister,subsist
subsoiler,subsoil
subsoiling,subsoil
subspace,sub
substanceless,substance
substantialise,substantial
substantialism,substantial
substantialist,substantial
substantiality,substantial
substantialize,substantial
substantialness,substantial
substantiveness,substantive
substitutional,substitution
substitutionary,substitution
subtileness,subtile
subtilizer,subtilize
subtleness,subtle
subtlety,subtle
subtopian,subtopia
subtracter,subtract
subtraction,subtract
subtractive,subtract
subtractor,subtract
suburbanise,suburban
suburbanism,suburban
suburbanite,suburban
suburbanity,suburban
suburbanize,suburban
suburbed,suburb
suburbia,suburb
subversionary,subversion
subversiveness,subversive
subverter,subvert
succeedable,succeed
succeeder,succeed
successantly,success
successful,success
successfulness,successful
successional,succession
successionist,succession
successionless,succession
successiveness,successive
successless,success
successlessness,successless
successoral,successor
successorship,successor
succinctness,succinct
succinylcholine,succinyl
succorable,succor
succorer,succor
succorless,succor
succourless,succour
succumber,succumb
suchlike,such
suchness,such
suchwise,such
suckener,sucken
sucker,suck
suckerfish,sucker
suckfish,suck
suckhole,suck
suckle,suck
suckler,suckle
suckless,suck
suckling,suck
sucky,suck
suctional,suction
suddenness,sudden
sudoral,sudor
sudser,suds
sudsless,suds
sudsy,suds
sueable,sue
suedelike,suede
suedette,suede
suer,sue
suety,suet
sufferable,suffer
sufferableness,sufferable
sufferance,suffer
sufferer,suffer
suffering,suffer
sufficer,suffice
sufficingness,sufficing
suffixal,suffix
suffixation,suffix
suffixion,suffix
suffraganship,suffragan
suffragette,suffrage
sugarbush,sugar
sugarcoat,sugar
suggester,suggest
suggestible,suggest
suggestibleness,suggestible
suggestion,suggest
suggestionism,suggestion
suggestionist,suggestion
suggestive,suggest
suggestiveness,suggestive
suitability,suit
suitable,suit
suitableness,suitable
suitcase,suit
suiter,suit
suitlike,suit
sulcated,sulcate
sulfonylurea,sulfonyl
sulfurate,sulfur
sulfuret,sulfur
sulfuric,sulfur
sulfurise,sulfur
sulfurization,sulfur
sulfurize,sulfur
sulfurous,sulfur
sulfurousness,sulfurous
sulfury,sulfur
sulker,sulk
sullenness,sullen
sulphonylurea,sulphonyl
sulphurate,sulphur
sulphureousness,sulphureous
sulphuric,sulphur
sulphurise,sulphur
sulphurization,sulphur
sulphurousness,sulphurous
sulphurwort,sulphur
sulphury,sulphur
sulphuryl,sulphur
sultaness,sultan
sultanic,sultan
sultanship,sultan
sumless,sum
summability,sum
summable,sum
summand,sum
summarizer,summarize
summate,sum
summation,sum
summational,summation
summative,sum
summer,sum
summerless,summer
summerlike,summer
summerlong,summer
summerly,summer
summertide,summer
summertime,summer
summerweight,summer
summerwood,summer
summery,summer
summist,sum
summital,summit
summiteer,summit
summitless,summit
summitry,summit
summonable,summon
summoner,summon
sumoist,sumo
sumphish,sumph
sumphishness,sumphish
sumptuousness,sumptuous
sumpweed,sump
sunback,sun
sunbake,sun
sunbath,sun
sunbathe,sun
sunbather,sunbathe
sunbeamy,sunbeam
sunbeaten,sun
sunbed,sun
sunberry,sun
sunbird,sun
sunblind,sun
sunblock,sun
sunbonnet,sun
sunbonneted,sunbonnet
sunbow,sun
sunbright,sun
sunburn,sun
sunburst,sun
suncare,sun
sundeck,sun
sunderable,sunder
sunderance,sunder
sunderer,sunder
sunderment,sunder
sundew,sun
sundial,sun
sundown,sun
sundowner,sundown
sundress,sun
sundrops,sun
sunfast,sun
sunfish,sun
sungazer,sun
sungazing,sun
sunglass,sun
sunglow,sun
sungrebe,sun
sunhat,sun
sunlamp,sun
sunland,sun
sunless,sun
sunlessness,sunless
sunlight,sun
sunlike,sun
sunlit,sun
sunlounger,sun
sunny,sun
sunproof,sun
sunray,sun
sunrise,sun
sunrising,sun
sunroof,sun
sunroom,sun
sunscald,sun
sunscreen,sun
sunscreening,sun
sunseeker,sun
sunset,sun
sunshade,sun
sunshiny,sun
sunspot,sun
sunstone,sun
sunstroke,sun
sunstruck,sun
sunsuit,sun
suntan,sun
suntrap,sun
sunward,sun
sunwards,sun
sunwise,sun
superableness,superable
superbity,superb
superbness,superb
supercargoship,supercargo
superego,super
superficiality,superficial
superficialize,superficial
superficialness,superficial
superfineness,superfine
superfix,super
superfluousness,superfluous
superheater,superheat
superhumanize,superhuman
superhumanness,superhuman
superioress,superior
superiority,superior
superiorship,superior
superlativeness,superlative
supernaturalism,supernatural
supernaturalist,supernatural
supernaturalize,supernatural
supernormality,supernormal
superorganicism,superorganic
superorganicist,superorganic
superseder,supersede
superstardom,superstar
supervisee,supervise
supervisorship,supervisor
supineness,supine
supper,sup
supperless,supper
suppertime,supper
supplantation,supplant
supplanter,supplant
supplemental,supplement
supplementary,supplement
supplementation,supplement
supplementer,supplement
suppleness,supple
supplyment,supply
supportability,support
supportable,support
supportableness,supportable
supportance,support
supporter,support
supportive,support
supportiveness,supportive
supportless,support
supportment,support
supposer,suppose
suppositional,supposition
suppositionary,supposition
suppressant,suppress
suppressible,suppress
suppressive,suppress
suppressiveness,suppressive
suppressor,suppress
supremeness,supreme
surbasement,surbase
surchargement,surcharge
surcharger,surcharge
surdity,surd
surefooted,sure
surefootedness,surefooted
sureness,sure
surety,sure
suretyship,surety
surfable,surf
surfaceless,surface
surfaceman,surface
surfacer,surface
surfbird,surf
surfboard,surf
surfboarder,surfboard
surfeiter,surfeit
surfer,surf
surfie,surf
surfing,surf
surflike,surf
surfman,surf
surfperch,surf
surfrider,surf
surfriding,surf
surfside,surf
surfy,surf
surgeful,surge
surgeless,surge
surgeoncy,surgeon
surgeonfish,surgeon
surgeonship,surgeon
surmiser,surmise
surmountable,surmount
surmounter,surmount
surpassable,surpass
surpasser,surpass
surpassingness,surpassing
surpliced,surplice
surpriser,surprise
surprisingness,surprising
surrealism,surreal
surrenderee,surrender
surrenderer,surrender
surrenderor,surrender
surrogateship,surrogate
surveyable,survey
surveyal,survey
surveyance,survey
surveying,survey
surveyor,survey
surveyorship,surveyor
survivalism,survival
survivalist,survival
surviver,survive
survivorship,survivor
susceptibleness,susceptible
susceptiveness,susceptive
suspectable,suspect
suspectedness,suspected
suspectful,suspect
suspectless,suspect
suspender,suspend
suspendered,suspender
suspenseful,suspense
suspensefulness,suspenseful
suspenseless,suspense
suspenser,suspense
suspensiveness,suspensive
suspicional,suspicion
suspicionless,suspicion
suspiciousness,suspicious
sustainability,sustain
sustainable,sustain
sustainer,sustain
sustainment,sustain
sutlership,sutler
sutteeism,suttee
suzerainty,suzerain
svelteness,svelte
swabber,swab
swabby,swab
swaddler,swaddle
swager,swage
swagger,swag
swaggerer,swagger
swaggie,swag
swagman,swag
swagsman,swag
swaining,swain
swainish,swain
swainishness,swainish
swallowable,swallow
swallower,swallow
swallowtail,swallow
swamper,swamp
swampish,swamp
swampland,swamp
swampless,swamp
swampy,swamp
swanherd,swan
swankpot,swank
swanky,swank
swanlike,swan
swannery,swan
swanny,swan
swanskin,swan
swappable,swap
swapper,swap
swarajism,swaraj
swarajist,swaraj
swardy,sward
swarmer,swarm
swarthness,swarth
swarthy,swart
swartness,swart
swarty,swart
swashbuckler,swash
swasher,swash
swather,swath
swatter,swat
swatting,swat
swayable,sway
swayback,sway
swaybacked,swayback
swayer,sway
swayful,sway
swearer,swear
swearing,swear
sweary,swear
sweatband,sweat
sweatbox,sweat
sweater,sweat
sweatered,sweater
sweating,sweat
sweatless,sweat
sweatpants,sweat
sweatshirt,sweat
sweatshop,sweat
sweatsuit,sweat
sweaty,sweat
sweepback,sweep
sweeper,sweep
sweeping,sweep
sweepingness,sweeping
sweepstake,sweep
sweepy,sweep
sweetbread,sweet
sweetbrier,sweet
sweeten,sweet
sweetener,sweeten
sweetheart,sweet
sweethearting,sweetheart
sweetie,sweet
sweeting,sweet
sweetish,sweet
sweetishness,sweetish
sweetmeat,sweet
sweetness,sweet
sweetshop,sweet
sweetsop,sweet
sweetwood,sweet
sweety,sweet
swelldom,swell
sweller,swell
swellfish,swell
swellhead,swell
swellheadedness,swellheaded
swellish,swell
swelter,swelt
sweltering,swelter
sweptback,swept
sweptwing,swept
swerveless,swerve
swerver,swerve
swiftie,swift
swiftlet,swift
swiftness,swift
swigger,swig
swiller,swill
swimmable,swim
swimmer,swim
swimmeret,swimmer
swimming,swim
swimmingness,swimming
swimmy,swim
swimsuit,swim
swimwear,swim
swinehood,swine
swinelike,swine
swinepox,swine
swinery,swine
swinestone,swine
swingarm,swing
swingbeat,swing
swingboat,swing
swingby,swing
swinger,swing
swingle,swing
swingletree,swingle
swingman,swing
swingometer,swing
swingtail,swing
swingtree,swing
swingy,swing
swinishness,swinish
swiper,swipe
swipey,swipe
swirly,swirl
swisher,swish
swishy,swish
switchable,switch
switchback,switch
switchblade,switch
switchboard,switch
switcher,switch
switcheroo,switch
switchgear,switch
switchgirl,switch
switchgrass,switch
switchlike,switch
switchman,switch
switchover,switch
switchy,switch
switchyard,switch
swithly,swith
swivel,swive
swizzler,swizzle
swobber,swob
swollenness,swollen
swooner,swoon
swooper,swoop
swoopstake,swoop
swoopy,swoop
swopper,swop
swordbearer,sword
swordbill,sword
swordcraft,sword
sworder,sword
swordfish,sword
swordless,sword
swordlike,sword
swordman,sword
swordplay,sword
swordproof,sword
swordsman,sword
swordsmanship,swordsman
swordswoman,sword
swordtail,sword
swotter,swot
swotty,swot
sycophantic,sycophant
sycophantical,sycophant
sycophantish,sycophant
sycophantism,sycophant
sycophantize,sycophant
sycophantly,sycophant
sycophantry,sycophant
syllabicity,syllabic
syllogizer,syllogize
sylphic,sylph
sylphid,sylph
sylphish,sylph
sylphlike,sylph
sylphy,sylph
sylvan,sylva
sylvanite,sylvan
symbolic,symbol
symbolicalness,symbolical
symbolisation,symbol
symbolism,symbol
symbolistic,symbol
symbolization,symbol
symbolizer,symbolize
symbologist,symbol
symbology,symbol
symbololatry,symbol
symmetricalness,symmetrical
sympathiser,sympathise
sympathizer,sympathize
symplastic,symplast
symptomatic,symptom
symptomless,symptom
symptomology,symptom
syncarpous,syn
synchronizer,synchronize
synchronousness,synchronous
synchroscope,synchro
synchrotron,synchro
synclinal,syn
syncline,syn
syndactylism,syn
syndetical,syndetic
syndicalist,syndical
syndicate,syndic
syndicship,syndic
syngamous,syn
syngenesis,syn
synodal,synod
synodic,synod
synoecious,syn
synonymic,synonym
synonymical,synonym
synonymise,synonym
synonymist,synonym
synonymity,synonym
synonymize,synonym
synonymous,synonym
synonymousness,synonymous
synonymy,syn
synovial,synovia
synthesiser,synthesise
synthesizer,synthesize
synthetical,synthetic
syntheticism,synthetic
synthpop,synth
syntype,syn
syphonal,syphon
syphonic,syphon
syruplike,syrup
syrupy,syrup
systematic,system
systematicness,systematic
systematics,systematic
systematiser,systematise
systematizer,systematize
systemed,system
systemic,system
systemise,system
systemization,system
systemize,system
systemizer,systemize
systemless,system
tabarded,tabard
tabbyhood,tabby
tablecloth,table
tableful,table
tableland,table
tableless,table
tablemate,table
tableside,table
tablespoon,table
tablespoonful,tablespoon
tabletop,table
tabletopped,table
tableware,table
tablewise,table
tabloidy,tabloid
taborer,tabor
tabular,tabula
tabularization,tabular
tabularize,tabular
tabulate,tabula
tachograph,tacho
tachometer,tacho
tachyonic,tachyon
tacitness,tacit
taciturnity,taciturn
tackboard,tack
tacker,tack
tacket,tack
tackify,tack
tackler,tackle
tackless,tack
tacksman,tack
tacky,tack
tactful,tact
tactfulness,tactful
tactical,tactic
tactician,tactic
tactless,tact
tactlessness,tactless
tactuality,tactual
taeniacide,taenia
taggee,tag
tagger,tag
taggy,tag
tagless,tag
taglike,tag
tagline,tag
tailback,tail
tailboard,tail
tailbone,tail
tailcoat,tail
tailcoated,tailcoat
tailer,tail
tailfan,tail
tailfin,tail
tailgate,tail
tailgater,tailgate
tailhook,tail
taillamp,tail
tailless,tail
taillessness,tailless
taillight,tail
taillike,tail
tailorbird,tailor
tailoress,tailor
tailpiece,tail
tailpipe,tail
tailplane,tail
tailrace,tail
tailskid,tail
tailslide,tail
tailspin,tail
tailstock,tail
tailwater,tail
taintless,taint
tainture,taint
takeable,take
taker,take
takingness,taking
talbotype,talbot
talcous,talc
talcy,talc
talebearer,tale
talebearing,tale
taleful,tale
talented,talent
talentless,talent
taler,tale
talesman,tale
taletelling,tale
talionic,talion
talismanic,talisman
talkable,talk
talkathon,talk
talkative,talk
talker,talk
talkfest,talk
talking,talk
talky,talk
tallboy,tall
tallgrass,tall
tallish,tall
tallness,tall
tallowish,tallow
tallowy,tallow
tally,tall
tallyman,tally
tallywoman,tally
taloned,talon
tamableness,tamable
tambourer,tambour
tameability,tame
tameable,tame
tameableness,tameable
tameless,tame
tamelessness,tameless
tameness,tame
tamper,tamp
tamperer,tamper
tamperproof,tamper
tamping,tamp
tamponade,tampon
tanbark,tan
tandemwise,tandem
tangental,tangent
tangential,tangent
tangentiality,tangential
tangibleness,tangible
tanglefoot,tangle
tangler,tangle
tanglesome,tangle
tangoist,tango
tangolike,tango
tangy,tang
tanistry,tanist
tankage,tank
tankbuster,tank
tankbusting,tank
tanker,tank
tankful,tank
tankless,tank
tanklike,tank
tankship,tank
tanky,tank
tanling,tan
tannable,tan
tannage,tan
tanner,tan
tannery,tan
tannish,tan
tantalizer,tantalize
tanyard,tan
tapeable,tape
tapeless,tape
tapelike,tape
tapeline,tape
taper,tape
taperer,taper
taperness,taper
taperstick,taper
taperwise,taper
tapescript,tape
tapeworm,tape
taphole,tap
taphouse,tap
tapiroid,tapir
taplash,tap
tapless,tap
tappable,tap
tapper,tap
tappet,tap
taproom,tap
taproot,tap
taprooted,taproot
tapster,tap
tardyon,tardy
targetable,target
targeteer,target
targetless,target
tariffication,tariff
tariffless,tariff
tarmacadam,tar
tarnishable,tarnish
tarnisher,tarnish
tarpaper,tar
tarry,tar
tarseal,tar
tartareous,tartar
tartarise,tartar
tartarization,tartar
tartarize,tartar
tartarly,tartar
tartarous,tartar
tartish,tart
tartlet,tart
tartness,tart
tarty,tart
tarweed,tar
taskbar,task
tasker,task
taskless,task
taskmaster,task
taskmistress,task
tasselly,tassel
tasset,tasse
tasteable,taste
tasteful,taste
tastefulness,tasteful
tasteless,taste
tastelessness,tasteless
tastemaker,taste
taster,taste
tatter,tat
tattery,tatter
tattie,tat
tattler,tattle
tattletale,tattle
tattooer,tattoo
tattooist,tattoo
tatty,tat
taunter,taunt
taunting,taunt
tauon,tau
tauten,taut
tautness,taut
tautomer,taut
tautomeric,tautomer
tautomerism,tautomer
tautonymic,tautonym
tautonymous,tautonym
tawer,taw
tawery,taw
taxability,tax
taxable,tax
taxableness,taxable
taxation,tax
taxational,taxation
taxer,tax
taxicab,taxi
taximan,taxi
taxiplane,taxi
taxiway,taxi
taxless,tax
taxman,tax
taxor,tax
taxpaid,tax
taxpayer,tax
taxpaying,tax
taxwise,tax
tayberry,tay
teabag,tea
teaberry,tea
teaboard,tea
teabowl,tea
teabox,tea
teacart,tea
teachability,teach
teachable,teach
teachableness,teachable
teacher,teach
teacherless,teacher
teacherly,teacher
teachership,teacher
teaching,teach
teachless,teach
teacup,tea
teacupful,teacup
teahouse,tea
teakettle,tea
teakwood,teak
tealight,tea
tealike,tea
teamer,team
teammate,team
teamster,team
teamwise,team
tearable,tear
tearaway,tear
teardrop,tear
tearer,tear
tearful,tear
tearfulness,tearful
tearjerker,tear
tearless,tear
tearlike,tear
tearsheet,tear
tearstain,tear
tearstained,tear
tearstrip,tear
teary,tear
teaseler,teasel
teaser,tease
teaspoon,tea
teaspoonful,teaspoon
teataster,tea
teated,teat
teaware,tea
techie,tech
technicality,technical
technicalize,technical
technicalness,technical
technician,technic
technicist,technic
technocratic,techno
technography,techno
technoid,techno
technomania,techno
technophile,techno
technophilia,techno
technophobe,techno
technopolis,techno
technospeak,techno
techy,tech
tedder,ted
tediousness,tedious
tediousome,tedious
teemer,teem
teemful,teem
teemingness,teeming
teemless,teem
teenaged,teen
teenager,teenage
teendom,teen
teener,teen
teenful,teen
teeny,teen
teenybopper,teen
teeterboard,teeter
teether,teethe
teethless,teeth
teetotaler,teetotal
teetotalism,teetotal
teetotalist,teetotal
teetotaller,teetotal
tegulated,tegula
tegumental,tegument
tegumentary,tegument
telco,tel
telecaster,telecast
telegenic,tele
telegony,tele
telegrammic,telegram
telegrapher,telegraph
telegraphese,telegraph
telegraphic,telegraph
telegraphist,telegraph
telegraphy,tele
telekinesis,tele
telemetry,tele
teleological,teleologic
telepathize,telepath
telepathy,tele
telephoner,telephone
telergy,tele
telescopic,tele
televisional,television
telicity,telic
tellable,tell
tellen,tell
teller,tell
tellership,teller
telling,tell
telly,tell
telpherage,telpher
telpheric,telpher
telpherman,telpher
telpherway,telpher
telsonic,telson
temerariousness,temerarious
temperability,temper
temperable,temper
temperamental,temperament
temperance,temper
temperateness,temperate
temperer,temper
tempestuous,tempest
tempestuousness,tempestuous
templed,temple
temporality,temporal
temporalize,temporal
temporalness,temporal
temporizer,temporize
temptability,tempt
temptable,tempt
temptableness,temptable
temptation,tempt
tempter,tempt
temptingness,tempting
tenableness,tenable
tenaciousness,tenacious
tenantable,tenant
tenantless,tenant
tenantry,tenant
tenantship,tenant
tendentiousness,tendentious
tender,tend
tenderable,tender
tenderer,tender
tenderfoot,tender
tenderhearted,tender
tenderise,tender
tenderization,tender
tenderize,tender
tenderizer,tenderize
tenderling,tender
tenderloin,tender
tenderness,tender
tenderometer,tender
tendonitis,tendon
tendrilled,tendril
tendrilly,tendril
tendrilous,tendril
tenebrousness,tenebrous
tenemental,tenement
tenementary,tenement
tenemented,tenement
tenfold,ten
tenner,ten
tennist,tennis
tenoner,tenon
tenorist,tenor
tenorless,tenor
tenorman,tenor
tenpence,ten
tenpenny,ten
tenpounder,ten
tenseless,tense
tenseness,tense
tensileness,tensile
tensorial,tensor
tentacled,tentacle
tentage,tent
tentativeness,tentative
tenterhook,tenter
tentful,tent
tenth,ten
tentless,tent
tentlike,tent
tentmaker,tent
tentpole,tent
tentwise,tent
tenuousness,tenuous
tepidity,tepid
tepidness,tepid
teratogenicity,teratogenic
terebinthine,terebinth
termagantly,termagant
termer,term
terminational,termination
termless,term
termly,term
terpeneless,terpene
terraceless,terrace
terracette,terrace
terraform,terra
terrestrialness,terrestrial
terribleness,terrible
territorialise,territorial
territorialism,territorial
territorialist,territorial
territoriality,territorial
territorialize,territorial
terrorful,terror
terrorise,terror
terrorism,terror
terroristic,terror
terrorize,terror
terrorizer,terrorize
terrorless,terror
terseness,terse
tesseral,tessera
testability,test
testable,test
testate,test
testcross,test
testee,test
tester,test
testimonialise,testimonial
testimonialize,testimonial
tetrabasicity,tetrabasic
tetrachordal,tetrachord
tetrad,tetra
tetraethyllead,tetraethyl
tetragonal,tetragon
tetragram,tetra
tetrahedral,tetra
tetralogy,tetra
tetrameric,tetramer
tetramerous,tetra
tetramorphic,tetra
tetraploidy,tetraploid
tetrapod,tetra
tetrapodic,tetrapod
tetrapteran,tetra
tetrapterous,tetra
tetrastichal,tetrastich
tetrastichic,tetrastich
tetrathlon,tetra
tetravalent,tetra
tetterous,tetter
textbook,text
textbookish,textbook
texter,text
textism,text
textless,text
textphone,text
textspeak,text
textual,text
textualism,textual
textualist,textual
textureless,texture
thanedom,thane
thanehood,thane
thaneship,thane
thanker,thank
thankful,thank
thankfulness,thankful
thankless,thank
thanklessness,thankless
thanksgiver,thanks
thanksgiving,thanks
thankworthy,thank
thatcher,thatch
thatchless,thatch
thatchy,thatch
thatness,that
thawer,thaw
thawing,thaw
thawless,thaw
thawy,thaw
theatergoer,theater
theaterland,theater
theatregoer,theatre
theatregoing,theatre
theatreland,theatre
theatricalise,theatrical
theatricalism,theatrical
theatricality,theatrical
theatricalize,theatrical
theatricalness,theatrical
theatricism,theatric
theatricize,theatric
theatrics,theatric
thecal,theca
thecate,theca
theftless,theft
theftuous,theft
thegnly,thegn
theirs,their
theirself,their
theirselves,their
themeless,theme
themself,them
themselves,them
thenabout,then
thenceforth,thence
thenceforward,thence
theocentricity,theocentric
theocratic,theocrat
theocratical,theocratic
theologizer,theologize
theorematic,theorem
theoremic,theorem
theoretician,theoretic
theorizer,theorize
therapeutical,therapeutic
thereabouts,thereabout
thereafter,there
thereamong,there
thereanent,there
therebeside,there
thereby,there
thereinbefore,therein
thereinto,there
thereness,there
thereon,there
thereto,there
theretofore,there
thereunder,there
thereunto,there
thereupon,there
therewith,there
therewithal,there
therewithin,there
theriacal,theriac
thermalisation,thermal
thermalise,thermal
thermalization,thermal
thermalize,thermal
thermette,therm
thermionics,thermion
thermite,therm
thermoformable,thermoform
thewed,thew
thewless,thew
thewy,thew
thicken,thick
thickener,thicken
thickening,thicken
thicketed,thicket
thickety,thicket
thickheaded,thick
thickheadedness,thickheaded
thickie,thick
thickish,thick
thickleaf,thick
thickness,thick
thicko,thick
thickset,thick
thickskin,thick
thicky,thick
thieflike,thief
thievery,thieve
thievishness,thievish
thigger,thig
thigging,thig
thighbone,thigh
thighed,thigh
thiller,thill
thimbleberry,thimble
thimbleful,thimble
thimblerig,thimble
thimblerigger,thimble
thimbleweed,thimble
thinghood,thing
thinginess,thing
thingness,thing
thingo,thing
thingy,thing
thinkable,think
thinkableness,thinkable
thinker,think
thinking,think
thinkingness,thinking
thinner,thin
thinness,thin
thinnish,thin
thiolic,thiol
thirdhand,third
thirdsman,third
thirster,thirst
thirstful,thirst
thirstless,thirst
thirsty,thirst
thirtyfold,thirty
thirtyish,thirty
thirtysomething,thirty
thisness,this
thistledown,thistle
thitherto,thither
thitherward,thither
thitherwards,thither
tholepin,thole
thongy,thong
thornback,thorn
thornbill,thorn
thornbird,thorn
thornbush,thorn
thornless,thorn
thornlike,thorn
thornproof,thorn
thorntail,thorn
thorny,thorn
thoroughbrace,thorough
thoroughbred,thorough
thoroughgoing,thorough
thoroughness,thorough
thoroughpaced,thorough
thoroughwort,thorough
thoughted,thought
thoughten,thought
thoughtful,thought
thoughtfulness,thoughtful
thoughtway,thought
thousandfold,thousand
thrasher,thrash
thrashy,thrash
threadbare,thread
threadbareness,threadbare
threaden,thread
threader,thread
threadfin,thread
threadless,thread
threadlike,thread
threadmaker,thread
threadworm,thread
thready,thread
threaten,threat
threatener,threaten
threatening,threaten
threatful,threat
threefold,three
threefoldness,threefold
threeness,three
threepence,three
threepenny,three
threepennyworth,threepenny
threesome,three
threnetic,threne
threshel,thresh
thresher,thresh
threshing,thresh
thriftless,thrift
thrifty,thrift
thrillant,thrill
thriller,thrill
thrillingness,thrilling
thrilly,thrill
thriver,thrive
thrivingness,thriving
throatlatch,throat
throatwort,throat
throaty,throat
throbber,throb
throbless,throb
throneless,throne
throngful,throng
throttleable,throttle
throttlehold,throttle
throttler,throttle
throughly,through
throughput,through
throwable,throw
thrower,throw
throwster,throw
thrummer,thrum
thrummy,thrum
thruput,thru
thrushlike,thrush
thruster,thrust
thrustful,thrust
thrustor,thrust
thruway,thru
thuggery,thug
thuggish,thug
thuggism,thug
thumbkin,thumb
thumbless,thumb
thumblike,thumb
thumbling,thumb
thumbnut,thumb
thumbpiece,thumb
thumbpot,thumb
thumbprint,thumb
thumbscrew,thumb
thumbtack,thumb
thumby,thumb
thumper,thump
thunderbird,thunder
thunderbolt,thunder
thunderbox,thunder
thunderclap,thunder
thundercloud,thunder
thunderer,thunder
thunderflash,thunder
thunderhead,thunder
thundering,thunder
thunderless,thunder
thunderous,thunder
thunderousness,thunderous
thundershower,thunder
thunderstone,thunder
thunderstorm,thunder
thunderstrike,thunder
thundery,thunder
thusly,thus
thusness,thus
thuswise,thus
thwacker,thwack
thwarter,thwart
thwartwise,thwart
thymey,thyme
thyself,thy
tiaraed,tiara
tibial,tibia
ticker,tick
ticketless,ticket
ticking,tick
tickle,tick
tickler,tickle
ticklishness,ticklish
tickseed,tick
ticky,tick
tiddlywink,tiddly
tideland,tide
tideless,tide
tidelike,tide
tideline,tide
tidemark,tide
tidesman,tide
tidewater,tide
tideway,tide
tidytips,tidy
tieback,tie
tiebreak,tie
tiebreaker,tie
tieless,tie
tiepin,tie
tier,tie
tierced,tierce
tigerish,tiger
tigerishness,tigerish
tigerism,tiger
tigerlike,tiger
tigerly,tiger
tigerwood,tiger
tigery,tiger
tightass,tight
tighten,tight
tightener,tighten
tightfistedness,tightfisted
tightish,tight
tightknit,tight
tightness,tight
tightrope,tight
tights,tight
tightwad,tight
tightwire,tight
tilefish,tile
tilelike,tile
tiler,tile
tilery,tile
tillable,till
tiller,till
tillerless,tiller
tillerman,tiller
tilling,till
tillite,till
tilly,till
tiltable,tilt
tilter,tilt
tiltmeter,tilt
tiltrotor,tilt
timberhead,timber
timbering,timber
timberline,timber
timberman,timber
timberwork,timber
timbery,timber
timbrelled,timbrel
timecard,time
timekeeper,time
timekeeping,time
timeless,time
timelessness,timeless
timeline,time
timely,time
timeous,time
timeout,time
timepiece,time
timepleaser,time
timer,time
timesaver,time
timescale,time
timeserver,time
timeshare,time
timeshift,time
timestamp,time
timetable,time
timework,time
timeworker,timework
timeworn,time
timidity,timid
timidness,timid
timorousness,timorous
timpanist,timpani
tinderbox,tinder
tindery,tinder
tinfoil,tin
tinful,tin
tingle,ting
tingler,tingle
tinhorn,tin
tink,tin
tinker,tin
tinkerer,tinker
tinkle,tink
tinkler,tinkle
tinlike,tin
tinman,tin
tinner,tin
tinnie,tin
tinny,tin
tinplate,tin
tinselly,tinsel
tinselry,tinsel
tinsmith,tin
tinsmithing,tin
tinsnips,tin
tinstone,tin
tintack,tin
tinter,tint
tintinnabulary,tintinnabular
tintless,tint
tintometer,tint
tinty,tint
tintype,tin
tinware,tin
tinwork,tin
tipcart,tip
tipcat,tip
tipless,tip
tippable,tip
tippee,tip
tipper,tip
tipping,tip
tipple,tip
tippler,tipple
tippy,tip
tipsheet,tip
tipstaff,tip
tipstock,tip
tipsy,tip
tiptoe,tip
tiptop,tip
tiredness,tired
tireless,tire
tirelessness,tireless
tireling,tire
tiremaker,tire
tiresome,tire
tiresomeness,tiresome
tirewoman,tire
tissuey,tissue
titanism,titan
titchy,titch
tither,tithe
tithingman,tithing
titlark,tit
titleholder,title
titleholding,title
titleless,title
titler,title
titlike,tit
titman,tit
titter,tit
titterer,titter
tittie,tit
tittuppy,tittup
titty,tit
titularity,titular
toadeater,toad
toadfish,toad
toadflax,toad
toadish,toad
toadless,toad
toadlet,toad
toadlike,toad
toadstone,toad
toady,toad
toadyish,toady
toadyism,toady
toaster,toast
toastie,toast
toastmaster,toast
toastmistress,toast
toasty,toast
tobaccoless,tobacco
tobacconist,tobacco
tobogganer,toboggan
tobogganist,toboggan
tocherless,tocher
today,to
toddler,toddle
toddlerhood,toddler
toecap,toe
toehold,toe
toeless,toe
toelike,toe
toenail,toe
toepiece,toe
toeplate,toe
toerag,toe
toey,toe
toffish,toff
toffishness,toffish
toffy,toff
togaed,toga
togetherness,together
toggery,tog
toggler,toggle
toiler,toil
toiletry,toilet
toilful,toil
toilfulness,toilful
toilless,toil
toilsome,toil
toilsomeness,toilsome
toilworn,toil
tokenism,token
tokenistic,token
toker,toke
tolerableness,tolerable
tolerationism,toleration
tolerationist,toleration
toleware,tole
tollable,toll
tollage,toll
tollbar,toll
tolldish,toll
toller,toll
tollgate,toll
tollhouse,toll
tollkeeper,toll
tollman,toll
tollway,toll
tomatoey,tomato
tombal,tomb
tombic,tomb
tombless,tomb
tomblike,tomb
tombstone,tomb
tomfool,tom
tomfoolery,tom
tomfoolish,tomfool
tomfoolishness,tomfoolish
tomogram,tomo
tomograph,tomo
tonearm,tone
toneless,tone
tonelessness,toneless
toneme,tone
tonepad,tone
toner,tone
tonger,tong
tongman,tong
tongster,tong
tongueless,tongue
tonguelet,tongue
tonguelike,tongue
tonguester,tongue
tonicity,tonic
tonish,ton
tonishness,tonish
tonner,ton
tonsillar,tonsil
tonsillectomy,tonsil
tonsillitis,tonsil
tonsillotomy,tonsil
tontiner,tontine
toolbag,tool
toolbar,tool
toolbox,tool
toolcase,tool
tooler,tool
toolholder,tool
toolhouse,tool
toolie,tool
toolkit,tool
toolless,tool
toolmaker,tool
toolmaking,tool
toolman,tool
toolpusher,tool
toolroom,tool
toolset,tool
toolshed,tool
tooltip,tool
tooter,toot
toothache,tooth
toothbrush,tooth
toothcomb,tooth
toothfish,tooth
toothful,tooth
toothing,tooth
toothless,tooth
toothlike,tooth
toothpaste,tooth
toothpick,tooth
toothsome,tooth
toothsomeness,toothsome
toothwash,tooth
toothwort,tooth
toothy,tooth
tootle,toot
tootler,tootle
topazine,topaz
topectomy,top
toper,tope
topflight,top
topful,top
topfull,top
topical,topic
topicality,topical
topknot,top
topknotted,topknot
topless,top
toplessness,topless
topline,top
topliner,topline
toploftical,top
topmaker,top
topmaking,top
topman,top
topmast,top
topminnow,top
topmost,top
topnotcher,top
topocentric,topo
topograph,topo
topometry,topo
toponym,topo
toponymal,toponym
toponymic,toponym
toponymics,toponym
toponymy,topo
topotype,topo
topper,top
topping,top
topple,top
toppy,top
topsail,top
topside,top
topsider,topside
topsman,top
topsoiling,topsoil
topspin,top
topstitch,top
topstone,top
topwater,top
torchable,torch
torchbearer,torch
torcher,torch
torchlight,torch
torchlike,torch
torchwood,torch
torchy,torch
torminal,tormina
toroidal,toroid
torpedoer,torpedo
torpedoist,torpedo
torpidity,torpid
torpidness,torpid
torporific,torpor
torquer,torque
torquey,torque
torrential,torrent
torrentiality,torrential
torridity,torrid
torridness,torrid
torsional,torsion
tortious,tort
tortoiseshell,tortoise
tortuousness,tortuous
torturer,torture
torturesome,torture
toshy,tosh
tosser,toss
tosspot,toss
tossy,toss
totalise,total
totalism,total
totalistic,totalist
totalitarianism,totalitarian
totalitarianize,totalitarian
totality,total
totalization,total
totalize,total
totalizer,totalize
totemic,totem
totemism,totem
totemist,totem
totemistic,totem
totemite,totem
toter,tote
totterer,totter
tottery,totter
toucanet,toucan
touchable,touch
touchableness,touchable
touchdown,touch
toucher,touch
touching,touch
touchingness,touching
touchless,touch
touchline,touch
touchmark,touch
touchpad,touch
touchstone,touch
touchtone,touch
touchwood,touch
touchy,touch
toughen,tough
toughener,toughen
toughie,tough
toughish,tough
toughness,tough
toupeed,toupee
tourer,tour
tourism,tour
tourist,tour
touristed,tourist
touristic,tourist
touristy,tourist
touser,touse
touter,tout
towable,tow
towage,tow
toward,to
towardly,toward
towardness,toward
towards,toward
towaway,tow
towboat,tow
towelette,towel
towelhead,towel
tower,tow
towerless,tower
towerlike,tower
towery,tower
towhead,tow
towheaded,tow
towline,tow
townee,town
townfolk,town
townhome,town
townie,town
townish,town
townland,town
townless,town
townlet,town
townling,town
townly,town
townscape,town
townsfolk,town
township,town
townsite,town
townsman,town
townspeople,town
townswoman,town
townward,town
townwear,town
towny,town
towpath,tow
towrope,tow
towsack,tow
towser,towse
towy,tow
toxication,toxic
toxigenicity,toxigenic
toybox,toy
toychest,toy
toyer,toy
toyetic,toy
toyish,toy
toyishness,toyish
toyless,toy
toylike,toy
toyman,toy
toyshop,toy
toysome,toy
toytown,toy
toywoman,toy
trabecular,trabecula
trabeculate,trabecula
traceability,trace
traceable,trace
traceableness,traceable
traceless,trace
tracer,trace
tracery,trace
trackable,track
trackage,track
trackball,track
trackbed,track
tracker,track
trackerball,tracker
tracklayer,track
tracklaying,track
trackless,track
tracklessness,trackless
trackman,track
trackpad,track
trackside,track
tracksuit,track
trackwalker,track
trackway,track
tractableness,tractable
tractional,traction
tractoration,tractor
tradecraft,trade
tradeful,trade
tradeless,trade
tradename,trade
trader,trade
tradership,trader
tradesfolk,trade
tradesman,trade
tradesmanlike,tradesman
tradesperson,trade
tradeswoman,trade
traditional,tradition
traditionalise,traditional
traditionalism,traditional
traditionalist,traditional
traditionality,traditional
traditionalize,traditional
traditionary,tradition
traditioner,tradition
traditionist,tradition
traditionless,tradition
traducement,traduce
traducer,traduce
traducianism,traducian
traducianist,traducian
trafficability,traffic
trafficable,traffic
trafficator,traffic
trafficker,traffic
trafficking,traffic
trafficky,traffic
trafficless,traffic
tragical,tragic
tragicalness,tragical
tragicomedy,tragic
trailable,trail
trailblazer,trail
trailblazing,trail
trailbreaker,trail
trailer,trail
trailerable,trailer
trailerist,trailer
trailerite,trailer
trailhead,trail
trailless,trail
trailside,trail
trainability,train
trainable,train
trainbearer,train
trainee,train
traineeship,trainee
trainful,train
trainless,train
trainspotter,train
trainspotterish,trainspotter
trainway,train
traitoress,traitor
traitorhood,traitor
traitorism,traitor
traitorly,traitor
traitorousness,traitorous
traitorship,traitor
tramcar,tram
tramless,tram
tramline,tram
tramlined,tramline
trammeler,trammel
tramper,tramp
trampish,tramp
trample,tramp
trampler,trample
trampoliner,trampoline
trampy,tramp
tramroad,tram
tramway,tram
trancelike,trance
trancey,trance
tranquilize,tranquil
tranquilizer,tranquilize
tranquillity,tranquil
tranquilness,tranquil
transactional,transaction
transactor,transact
transcendence,transcend
transcendency,transcend
transcendent,transcend
transcoder,transcode
transcriber,transcribe
transcriptase,transcript
transcriptional,transcription
transcriptome,transcript
transducer,transduce
transductional,transduction
transepted,transept
transferability,transfer
transferable,transfer
transferal,transfer
transferase,transfer
transferee,transfer
transferor,transfer
transferral,transfer
transferrer,transfer
transfigurement,transfigure
transfix,trans
transfixion,transfix
transformable,transform
transformation,transform
transformative,transform
transformer,transform
transformism,transform
transformist,transform
transfuser,transfuse
transfusional,transfusion
transfusionist,transfusion
transgenesis,trans
transgenic,trans
transgressional,transgression
transgressive,transgress
transgressor,transgress
transientness,transient
transistorise,transistor
transistorize,transistor
transit,trans
transition,transit
transitional,transition
transitionary,transition
transitiveness,transitive
translational,translation
translatorial,translator
transman,trans
transmittable,transmit
transmittal,transmit
transmitter,transmit
transmittible,transmit
transmutational,transmutation
transmuter,transmute
transomed,transom
transonics,transonic
transparentise,transparent
transparentize,transparent
transparentness,transparent
transphobia,trans
transphobic,trans
transpirational,transpiration
transplantable,transplant
transplanter,transplant
transportable,transport
transportal,transport
transportance,transport
transportation,transport
transportedness,transported
transporter,transport
transporting,transport
transportive,transport
transpositional,transposition
transsexualism,transsexual
transsexuality,transsexual
transudation,trans
transverseness,transverse
transwoman,trans
tranter,trant
trapanner,trapan
trapball,trap
trapdoor,trap
trapezoidal,trapezoid
traplike,trap
trapline,trap
trapper,trap
trappose,trap
trappous,trap
trappy,trap
trapshooter,trap
trapshooting,trap
trasher,trash
trashery,trash
trashman,trash
trashy,trash
traumatic,trauma
traumatology,trauma
traveler,travel
traveller,travel
traverser,traverse
trawler,trawl
trawlerman,trawler
trawlnet,trawl
traybake,tray
traycloth,tray
trayful,tray
traymobile,tray
treacherous,treacher
treacherousness,treacherous
treader,tread
treading,tread
treadle,tread
treadler,treadle
treadless,tread
treadwheel,tread
treasonable,treason
treasonableness,treasonable
treasonous,treason
treasureless,treasure
treasurership,treasurer
treatability,treat
treatable,treat
treater,treat
treatment,treat
treatyless,treaty
trebleness,treble
treehopper,tree
treehouse,tree
treeless,tree
treelessness,treeless
treelike,tree
treen,tree
treenail,tree
treenware,treen
treeship,tree
treeware,tree
trefoiled,trefoil
trekker,trek
trelliswork,trellis
tremblement,tremble
trembler,tremble
tremendousness,tremendous
tremorless,tremor
tremorous,tremor
tremulousness,tremulous
trendify,trend
trendoid,trend
trendsetter,trend
trendsetting,trend
trendy,trend
trendyism,trendy
trepanner,trepan
trephiner,trephine
treponemal,treponema
trespasser,trespass
tressure,tress
tressured,tressure
tressy,tress
trestletree,trestle
trestlework,trestle
trewsman,trews
triableness,triable
triadic,triad
triadism,triad
triadist,triad
trialism,trial
trialist,trial
triality,trial
trialware,trial
triangled,triangle
triangularity,triangular
triaxiality,triaxial
tribalism,tribal
tribalist,tribal
tribalistic,tribal
tribeless,tribe
tribesman,tribe
tribespeople,tribe
tribeswoman,tribe
tribrachic,tribrach
tribuneship,tribune
tributer,tribute
tricker,trick
trickery,trick
trickie,trick
trickish,trick
trickishness,trickish
trickless,trick
tricklet,trickle
tricksome,trick
trickster,trick
tricksy,tricks
tricky,trick
tricycler,tricycle
tridental,trident
tridented,trident
triffidian,triffid
trifler,trifle
triflingness,trifling
triggerfish,trigger
triggerless,trigger
triggerman,trigger
trigness,trig
trigonal,trigon
trigonic,trigon
trigonometry,trigon
trilingualism,trilingual
triliteralism,triliteral
trilithic,trilith
triller,trill
trillionaire,trillion
trillionth,trillion
trimeric,trimer
trimethylamine,trimethyl
trimmer,trim
trimness,trim
trimphone,trim
trinketer,trinket
trinketry,trinket
trinomialism,trinomial
trinomialist,trinomial
tripersonalism,tripersonal
triphthongal,triphthong
tripleness,triple
triplet,triple
tripletail,triple
triploidy,triploid
tripman,trip
tripmeter,trip
tripodic,tripod
trippant,trip
tripper,trip
tripperish,tripper
trippy,trip
tripwire,trip
trisector,trisect
tristful,trist
tristfulness,tristful
triteness,trite
triumphalism,triumphal
triumphalist,triumphal
triumphant,triumph
triumpher,triumph
triumviral,triumvir
triumvirate,triumvir
trivialisation,trivial
trivialise,trivial
trivialism,trivial
trivialist,trivial
triviality,trivial
trivialization,trivial
trivialize,trivial
trivialness,trivial
trochanteral,trochanter
trochanteric,trochanter
trochlear,trochlea
trochoidal,trochoid
troller,troll
trolley,troll
trolleybus,trolley
trollish,troll
trollopish,trollop
trollopy,trollop
trolly,troll
trooper,troop
troopship,troop
trophoblastic,trophoblast
tropical,tropic
tropicality,tropical
tropicalization,tropical
tropicalize,tropical
tropicbird,tropic
trothful,troth
trothless,troth
trothplight,troth
trotline,trot
trotter,trot
troublefree,trouble
troublemaker,trouble
troublemaking,trouble
troubler,trouble
troubleshoot,trouble
troubleshooter,trouble
troublesome,trouble
troublesomeness,troublesome
troublousness,troublous
troughlike,trough
trouncer,trounce
trouper,troupe
trouserless,trouser
trouter,trout
troutful,trout
troutless,trout
troutlet,trout
troutlike,trout
troutling,trout
trouty,trout
troweller,trowel
truantly,truant
truantry,truant
truantship,truant
truceless,truce
truckable,truck
truckage,truck
trucker,truck
truckful,truck
truckie,truck
trucking,truck
truckle,truck
truckler,truckle
truckload,truck
truckman,truck
truckmaster,truck
trudger,trudge
trueborn,true
trueheartedness,truehearted
truelove,true
trueness,true
trumpeter,trumpet
trumpetlike,trumpet
trumpetweed,trumpet
trumpless,trump
truncheoner,truncheon
trundler,trundle
trunked,trunk
trunkfish,trunk
trunkful,trunk
trunking,trunk
trunkless,trunk
trunklike,trunk
trunnioned,trunnion
trusser,truss
trustability,trust
trustable,trust
trustbuster,trust
trustbusting,trust
trustee,trust
trusteeship,trustee
truster,trust
trustful,trust
trustfulness,trustful
trustingness,trusting
trustless,trust
trustlessness,trustless
trustor,trust
trustworthy,trust
trusty,trust
truther,truth
truthful,truth
truthfulness,truthful
truthless,truth
truthlessness,truthless
truthlike,truth
truthy,truth
trying,try
tryingness,trying
trypsinogen,trypsin
tryster,tryst
tsardom,tsar
tsarina,tsar
tsarism,tsar
tsarist,tsar
tsunamic,tsunami
tsunamigenic,tsunami
tubaist,tuba
tubbable,tub
tubber,tub
tubbish,tub
tubby,tub
tubectomy,tube
tubeful,tube
tubeless,tube
tubelike,tube
tubenose,tube
tuber,tube
tubercled,tubercle
tuberiferous,tuber
tuberiform,tuber
tuberoid,tuber
tuberosity,tuber
tuberous,tuber
tubework,tube
tubeworm,tube
tubfast,tub
tubful,tub
tublike,tub
tubularian,tubular
tucker,tuck
tuckerbag,tucker
tuckerbox,tucker
tufaceous,tufa
tuffaceous,tuff
tufter,tuft
tufty,tuft
tugboat,tug
tugger,tug
tugless,tug
tuillette,tuille
tuitional,tuition
tuitionary,tuition
tuliplike,tulip
tulipomania,tulip
tulipwood,tulip
tumblebug,tumble
tumblehome,tumble
tumbler,tumble
tumblerful,tumbler
tumbleset,tumble
tumbleweed,tumble
tumidity,tumid
tumidness,tumid
tumoral,tumor
tumorgenic,tumor
tumorigenesis,tumor
tumorigenic,tumor
tumorigenicity,tumorigenic
tumorlike,tumor
tumpline,tump
tumpy,tump
tumultuousness,tumultuous
tunableness,tunable
tundish,tun
tuneable,tune
tuneage,tune
tuneful,tune
tunefulness,tuneful
tuneless,tune
tunelessness,tuneless
tuner,tune
tunesmith,tune
tunicated,tunicate
tunicin,tunic
tunicked,tunic
tunnage,tun
tunneler,tunnel
tunneller,tunnel
tunnellike,tunnel
turbanned,turban
turbidimeter,turbid
turbidimetric,turbid
turbidimetry,turbid
turbidite,turbid
turbidity,turbid
turbidness,turbid
turbinated,turbinate
turfen,turf
turfgrass,turf
turfite,turf
turfless,turf
turflike,turf
turfman,turf
turfy,turf
turgidity,turgid
turgidness,turgid
turnable,turn
turnabout,turn
turnagain,turn
turnbroach,turn
turncock,turn
turner,turn
turnery,turn
turning,turn
turnpike,turn
turnround,turn
turnspit,turn
turnstone,turn
turntable,turn
turreted,turret
turtleback,turtle
turtlehead,turtle
turtleneck,turtle
turtlenecked,turtleneck
turtler,turtle
tushery,tush
tusker,tusk
tuskless,tusk
tusklike,tusk
tusky,tusk
tussocked,tussock
tussocky,tussock
tutelary,tutelar
tutorage,tutor
tutoress,tutor
tutorial,tutor
tutorism,tutor
tutorize,tutor
tutorship,tutor
tutued,tutu
tuxedoed,tuxedo
twaddler,twaddle
twanger,twang
twanging,twang
twangle,twang
twangler,twangle
twangy,twang
twattler,twattle
tweaker,tweak
tweaky,tweak
tweedler,tweedle
tweedy,tweed
tweeness,twee
tweeny,tween
tweer,twee
tweetable,tweet
tweeter,tweet
twelvefold,twelve
twelvemo,twelve
twelvemonth,twelve
twentyfold,twenty
twentyish,twenty
twerpy,twerp
twicer,twice
twiddler,twiddle
twiggen,twig
twigger,twig
twiggy,twig
twigless,twig
twiglike,twig
twigsome,twig
twilling,twill
twinberry,twin
twinborn,twin
twiner,twine
twinflower,twin
twinjet,twin
twinkle,twink
twinkler,twinkle
twinky,twink
twinling,twin
twinning,twin
twinset,twin
twinship,twin
twirler,twirl
twirly,twirl
twistability,twist
twistable,twist
twister,twist
twistor,twist
twisty,twist
twitcher,twitch
twitchy,twitch
twitterer,twitter
twittery,twitter
twittish,twit
twoer,two
twofold,two
twofoldness,twofold
twoness,two
twopence,two
twopenny,two
twosome,two
tycoonery,tycoon
tympanitis,tympan
typeable,type
typebar,type
typecase,type
typecasting,typecast
typeface,type
typefounding,type
typescript,type
typeset,type
typesetter,type
typestyle,type
typewriter,type
typewriting,type
typhoidal,typhoid
typhoidin,typhoid
typical,typic
typicality,typical
typicalness,typical
typomania,typo
tyranniser,tyrannise
tyrannizer,tyrannize
tyrannousness,tyrannous
tyreless,tyre
tyrosine,tyro
tzardom,tzar
tzarist,tzar
ubiquitarianism,ubiquitarian
ubiquitination,ubiquitin
udaller,udal
uddered,udder
udderful,udder
udderless,udder
ufologist,ufo
ufology,ufo
ugly,ug
ugsome,ug
ugsomeness,ugsome
ulceration,ulcer
ulcerogenic,ulcer
ulcerous,ulcer
ulcerousness,ulcerous
ulstered,ulster
ulsterette,ulster
ultimateness,ultimate
ultraism,ultra
ultraist,ultra
ultraistic,ultra
ultraleftism,ultraleft
ultraleftist,ultraleft
ultraliberalism,ultraliberal
ultramarathoner,ultramarathon
ultramarine,ultra
ultroneousness,ultroneous
umbeled,umbel
umbellar,umbel
umbellate,umbel
umbelled,umbel
umbellet,umbel
umbelliferous,umbel
umbellule,umbel
umbery,umber
umbrageous,umbrage
umbrageousness,umbrageous
umpie,ump
umpireship,umpire
umpteen,ump
umpteenth,umpteen
umpty,ump
umpy,ump
unadvisableness,unadvisable
unadvisedness,unadvised
unaffectedness,unaffected
unalterableness,unalterable
unamiableness,unamiable
unaptness,unapt
unashamedness,unashamed
unassumingness,unassuming
unavailableness,unavailable
unavoidableness,unavoidable
unawareness,unaware
unawares,unaware
unbearableness,unbearable
unbelievingness,unbelieving
unbending,unbend
unbendingness,unbending
unbiasedness,unbiased
unbiassedness,unbiassed
unblessedness,unblessed
unblushingness,unblushing
unbosomer,unbosom
unboundedness,unbounded
unbridledness,unbridled
unbrokenness,unbroken
unbundler,unbundle
uncandidness,uncandid
uncanonicalness,uncanonical
unceasingness,unceasing
uncertainness,uncertain
uncertainty,uncertain
unchangingness,unchanging
unchasteness,unchaste
uncheerfulness,uncheerful
unchicly,unchic
uncivilizedness,uncivilized
uncivilness,uncivil
uncleanly,unclean
uncleanness,unclean
unclearness,unclear
uncleship,uncle
unclimbableness,unclimbable
uncloudedness,unclouded
uncommonness,uncommon
unconcerned,unconcern
unconcernedness,unconcerned
unconnectedness,unconnected
unconsciousness,unconscious
uncoupler,uncouple
uncouthness,uncouth
uncreatedness,uncreated
unctionless,unction
unctuousness,unctuous
undauntedness,undaunted
undeceiver,undeceive
undecidedness,undecided
undeniableness,undeniable
underachiever,underachieve
underage,under
underbearer,underbear
underbody,under
underclothes,under
undercover,under
underdoer,underdo
undergoer,undergo
underground,under
undergrounder,underground
underhand,under
underhandedness,underhanded
underjawed,underjaw
underkingdom,underking
underlayment,underlay
underletter,underlet
underlier,underlie
underlinen,under
underling,under
underman,under
underminer,undermine
undermost,under
underpropper,underprop
underseller,undersell
undershirted,undershirt
understandable,understand
understander,under
understanding,understand
understatement,understate
undertaker,undertake
undertoned,undertone
undervaluer,undervalue
underwater,under
underway,under
underwear,under
underwing,under
underwired,underwire
underworker,underwork
underwrite,under
underwriter,underwrite
undeservedness,undeserved
undesignedness,undesigned
undesirableness,undesirable
undividedness,undivided
undoable,undo
undoer,undo
undoing,undo
undulationist,undulation
undutifulness,undutiful
undyingness,undying
uneath,un
unendingness,unending
unendurableness,unendurable
unequivocalness,unequivocal
unerringness,unerring
unevenness,uneven
uneventfulness,uneventful
unexpectedness,unexpected
unfadingness,unfading
unfailingness,unfailing
unfairness,unfair
unfaithfulness,unfaithful
unfavorableness,unfavorable
unfeelingness,unfeeling
unfeignedness,unfeigned
unfitness,unfit
unfittedness,unfitted
unfixedness,unfixed
unflappableness,unflappable
unfolder,unfold
unfoldment,unfold
unforgivingness,unforgiving
unfortunateness,unfortunate
unfoundedness,unfounded
unfriended,unfriend
unfriendedness,unfriended
unfriendly,unfriend
unfruitfulness,unfruitful
ungentleness,ungentle
ungenuineness,ungenuine
ungracefulness,ungraceful
ungraciousness,ungracious
ungratefulness,ungrateful
ungroundedness,ungrounded
unguardedness,unguarded
ungular,ungula
unhairer,unhair
unhandsomeness,unhandsome
unhealthfulness,unhealthful
unhelpfulness,unhelpful
unhingement,unhinge
unhurtfulness,unhurtful
unicameralism,unicameral
unicameralist,unicameral
unicolorous,unicolor
uniformity,uniform
uniformness,uniform
unilateralism,unilateral
unilateralist,unilateral
unilaterality,unilateral
unilingualism,unilingual
unilingualist,unilingual
unilobar,uni
uninhibitedness,uninhibited
unionisation,union
unioniser,unionise
unionism,union
unionist,union
unionistic,union
unionization,union
unionize,union
unionizer,unionize
uniparous,uni
uniped,uni
unipod,uni
unipolarity,unipolar
uniqueness,unique
unisexuality,unisexual
unisonal,unison
unisonous,unison
unitage,unit
unital,unit
unitarianism,unitarian
unitary,unit
unitedness,united
uniter,unite
unitholder,unit
unitise,unit
unitize,unit
unitizer,unitize
universalise,universal
universalism,universal
universalist,universal
universalistic,universal
universality,universal
universalize,universal
universalness,universal
universe,uni
unjustness,unjust
unkemptness,unkempt
unkindness,unkind
unknowingness,unknowing
unknownness,unknown
unlearn,un
unlearnable,unlearn
unlearnedness,unlearned
unlikeness,unlike
unlimitedness,unlimited
unloader,unload
unlockable,unlock
unlovingness,unloving
unmaker,unmake
unmasker,unmask
unmeaningness,unmeaning
unmeetness,unmeet
unmelodiousness,unmelodious
unmercifulness,unmerciful
unmindfulness,unmindful
unmitigatedness,unmitigated
unnaturalise,unnatural
unnaturalize,unnatural
unnaturalness,unnatural
unobtrusiveness,unobtrusive
unpacker,unpack
unpaired,un
unpanged,un
unpassableness,unpassable
unpeaceableness,unpeaceable
unpeered,un
unpennied,un
unperfectness,unperfect
unpitifulness,unpitiful
unpleasantness,unpleasant
unpleasantry,unpleasant
unpoeticalness,unpoetical
unpolicied,un
unpoliteness,unpolite
unpopularity,unpopular
unpracticalness,unpractical
unpractisedness,unpractised
unpreparedness,unprepared
unprintableness,unprintable
unprotectedness,unprotected
unqualifiedness,unqualified
unquietness,unquiet
unravelment,unravel
unreadableness,unreadable
unreally,unreal
unreeler,unreel
unrelentingness,unrelenting
unreliableness,unreliable
unremittingness,unremitting
unreservedness,unreserved
unresolvedness,unresolved
unrestfulness,unrestful
unrestingness,unresting
unriddler,unriddle
unrighteousness,unrighteous
unrightfulness,unrightful
unripeness,unripe
unruffledness,unruffled
unsafeness,unsafe
unsatisfiedness,unsatisfied
unscrambler,unscramble
unselfishness,unselfish
unseriousness,unserious
unsettledness,unsettled
unshakableness,unshakable
unshakeableness,unshakeable
unskilfulness,unskilful
unskillfulness,unskillful
unsociableness,unsociable
unsoundness,unsound
unsparingness,unsparing
unspeakableness,unspeakable
unspottedness,unspotted
unstableness,unstable
unstaidness,unstaid
unsteadfastness,unsteadfast
unsubscriber,unsubscribe
unsuitableness,unsuitable
unsuppleness,unsupple
unsuspectedness,unsuspected
untaintedness,untainted
untamableness,untamable
untameableness,untameable
untamedness,untamed
unteachableness,unteachable
unthankfulness,unthankful
unthinkableness,unthinkable
unthinkingness,unthinking
unthrifty,un
until,un
untowardness,untoward
untractableness,untractable
untrueness,untrue
untrusser,untruss
untruthfulness,untruthful
untunableness,untunable
untunefulness,untuneful
unusefulness,unuseful
unusualness,unusual
unutterableness,unutterable
unveiler,unveil
unwarely,unware
unwashedness,unwashed
unwatchfulness,unwatchful
unweariedness,unwearied
unwelcomeness,unwelcome
unwellness,unwell
unwholesomeness,unwholesome
unwillingness,unwilling
unwindable,unwind
unwinder,unwind
unwiseness,unwise
unwittingness,unwitting
unwontedness,unwonted
unyieldingness,unyielding
upalong,up
upbearer,upbear
upbow,up
upbraider,upbraid
upbringing,upbring
upcoast,up
upcoming,up
upcountry,up
upcycle,up
updateable,update
updater,update
upgrader,upgrade
upgrowing,upgrow
uphang,up
upheaver,upheave
uphill,up
uphillward,uphill
upholder,uphold
upholsterer,upholster
upkeep,up
uplander,upland
uplandish,upland
uplifter,uplift
uplifting,uplift
uplink,up
uplying,up
upmost,up
upper,up
uppercase,upper
uppercut,upper
uppermost,upper
upperpart,upper
upperworks,upper
uppish,up
uppishness,uppish
uppity,up
uppityness,uppity
upraiser,upraise
uprightness,upright
upriser,uprise
uproar,up
uproarious,uproar
uproariousness,uproarious
uprootal,uproot
uprootedness,uprooted
uprooter,uproot
upscale,up
upsettable,upset
upsetter,upset
upskirting,upskirt
upstager,upstage
upstair,up
upstandingness,upstanding
upstate,up
upstater,upstate
upstroke,up
uptalking,uptalk
uptightness,uptight
uptime,up
uptowner,uptown
upturning,upturn
upvalue,up
upward,up
upwardness,upward
upwards,up
uranylic,uranyl
urbaneness,urbane
urbanise,urban
urbanism,urban
urbanist,urban
urbanistic,urban
urbanite,urban
urbanity,urban
urbanize,urban
urbanology,urban
ureal,urea
urease,urea
uredospore,uredo
ureteral,ureter
ureteric,ureter
ureteritis,ureter
urethral,urethra
urgent,urge
urger,urge
uricase,uric
urinemia,urine
urinemic,urine
urnal,urn
urnfield,urn
urnful,urn
urnlike,urn
urobilinogen,urobilin
urolithiasis,urolith
urolithic,urolith
uropodal,uropod
urticarial,urticaria
usableness,usable
useableness,useable
useful,use
usefulness,useful
user,use
username,user
usheress,usher
usherette,usher
ushership,usher
usualness,usual
usucaptible,usucapt
usuress,usure
usuriousness,usurious
usurpation,usurp
usurper,usurp
usward,us
utiliser,utilise
utilitarianise,utilitarian
utilitarianism,utilitarian
utilitarianize,utilitarian
utilizer,utilize
utopian,utopia
utopianism,utopian
utopianize,utopian
utopianizer,utopianize
utopiast,utopia
utterable,utter
utterableness,utterable
utterance,utter
utterer,utter
utterless,utter
utterness,utter
uveal,uvea
uvular,uvula
uxoriousness,uxorious
vacantness,vacant
vacationer,vacation
vacationist,vacation
vacationland,vacation
vacationless,vacation
vaccinee,vaccine
vaccinial,vaccinia
vacuousness,vacuous
vagabondise,vagabond
vagabondish,vagabond
vagabondism,vagabond
vagabondize,vagabond
vaginal,vagina
vaginate,vagina
vagrantness,vagrant
vagueness,vague
vainness,vain
vaivodeship,vaivode
valiantness,valiant
validate,valid
validity,valid
validness,valid
vallecular,vallecula
valleyed,valley
valuableness,valuable
valuational,valuation
valueless,value
valuelessness,valueless
valuer,value
valveless,valve
valvelet,valve
valvelike,valve
valvular,valvula
vambraced,vambrace
vamper,vamp
vampish,vamp
vampy,vamp
vandalic,vandal
vandalise,vandal
vandalish,vandal
vandalism,vandal
vandalistic,vandal
vandalize,vandal
vaned,vane
vaneless,vane
vanguardism,vanguard
vanguardist,vanguard
vanisher,vanish
vanishment,vanish
vanlike,van
vanload,van
vanman,van
vanner,van
vanpool,van
vanquishable,vanquish
vanquisher,vanquish
vanquishment,vanquish
vantageless,vantage
vanward,van
vaper,vape
vapidity,vapid
vapidness,vapid
vaporability,vapor
vaporable,vapor
vaporescent,vapor
vaporific,vapor
vaporiform,vapor
vaporimeter,vapor
vaporisation,vapor
vaporise,vapor
vaporiser,vaporise
vaporishness,vaporish
vaporization,vapor
vaporize,vapor
vaporizer,vaporize
vaporless,vapor
vaporlike,vapor
vaporousness,vaporous
vaporware,vapor
vapory,vapor
vapourer,vapour
vapourish,vapour
vapourishness,vapourish
vapourless,vapour
vapourware,vapour
vapoury,vapour
variableness,variable
variational,variation
variationist,variation
varicellar,varicella
variedness,varied
variolar,variola
variolate,variola
variolation,variola
variousness,various
varletess,varlet
varnisher,varnish
varnishy,varnish
varved,varve
varvelled,varvel
vasal,vas
vascularisation,vascular
vascularise,vascular
vascularity,vascular
vascularization,vascular
vascularize,vascular
vaseful,vase
vaselike,vase
vasiform,vas
vassaless,vassal
vassalize,vassal
vassalry,vassal
vastitude,vast
vastity,vast
vastness,vast
vatable,vat
vatful,vat
vatman,vat
vaultage,vault
vaulter,vault
vaultlike,vault
vaulty,vault
vaunter,vaunt
vauntery,vaunt
vauntful,vaunt
vealer,veal
vealy,veal
vectorial,vector
vectorisation,vector
vectorise,vector
vectorize,vector
vectorscope,vector
veganism,vegan
vegetarianism,vegetarian
vegetational,vegetation
vegetativeness,vegetative
veggieburger,veggie
veiler,veil
veilless,veil
veillike,veil
veily,veil
veinal,vein
veiner,vein
veinless,vein
veinlet,vein
veinlike,vein
veinous,vein
veinstone,vein
veinstuff,vein
veiny,vein
velaric,velar
velarisation,velar
velarise,velar
velarization,velar
velarize,velar
velocipeder,velocipede
velveteen,velvet
velveteened,velveteen
velvetlike,velvet
velvety,velvet
venality,venal
venational,venation
vendee,vend
vendibleness,vendible
veneerer,veneer
venerableness,venerable
venerational,veneration
vengeance,venge
vengeful,venge
vengefulness,vengeful
venger,venge
veniality,venial
venialness,venial
venireman,venire
venomer,venom
venomless,venom
venomous,venom
venomousness,venomous
ventage,vent
venter,vent
ventless,vent
ventriloquistic,ventriloquist
venturer,venture
venturesome,venture
venturesomeness,venturesome
venturousness,venturous
veraciousness,veracious
verandaed,veranda
verandahed,verandah
verbal,verb
verbalise,verbal
verbalism,verbal
verbalist,verbal
verbalistic,verbal
verbality,verbal
verbalize,verbal
verbalizer,verbalize
verbarian,verb
verbid,verb
verbification,verb
verbify,verb
verbless,verb
verboseness,verbose
verdured,verdure
verdureless,verdure
vergeboard,verge
vergence,verge
verger,verge
vergership,verger
veridicality,veridical
verifiableness,verifiable
veritableness,veritable
vermined,vermin
verminous,vermin
verminy,vermin
vernacularism,vernacular
vernacularist,vernacular
vernacularity,vernacular
vernacularize,vernacular
vernality,vernal
vernalization,vernal
vernalize,vernal
versatileness,versatile
verselet,verse
verseman,verse
verser,verse
verset,verse
versional,version
versioning,version
versionist,version
vertebral,vertebra
verticality,vertical
verticalness,vertical
vertiginousness,vertiginous
vesicular,vesicula
vesicularity,vesicular
vestee,vest
vestimentary,vestiment
vestless,vest
vestlike,vest
vestment,vest
vestmental,vestment
vestmented,vestment
vestryman,vestry
vesturer,vesture
vesuvianite,vesuvian
vetchling,vetch
vetchy,vetch
vetoer,veto
vetter,vet
vexation,vex
vexatiousness,vexatious
vexedness,vexed
vexer,vex
vexing,vex
vexingness,vexing
vialful,vial
vibey,vibe
vibraharpist,vibraharp
vibrational,vibration
vibrationless,vibration
vibratoless,vibrato
vibrionic,vibrion
vibrissal,vibrissa
vicarage,vicar
vicaress,vicar
vicarial,vicar
vicariousness,vicarious
vicarly,vicar
vicarship,vicar
viceless,vice
vicelike,vice
viceroyship,viceroy
viciousness,vicious
victimhood,victim
victimisation,victim
victimise,victim
victimization,victim
victimize,victim
victimizer,victimize
victimless,victim
victimology,victim
victoress,victor
victoriousness,victorious
victory,victor
victoryless,victory
victualage,victual
victualler,victual
victualless,victual
videodisc,video
videogram,video
videographer,video
videography,video
videoland,video
videophile,video
videotape,video
videotex,video
vidscreen,vid
vier,vie
viewable,view
viewbook,view
viewdata,view
viewer,view
viewership,viewer
viewfinder,view
viewless,view
viewly,view
viewphone,view
viewport,view
viewy,view
vigilantness,vigilant
vignetter,vignette
vigorousness,vigorous
vileness,vile
vilipender,vilipend
villadom,villa
villager,village
villagery,village
villagey,village
villainess,villain
villainous,villain
villainousness,villainous
villainy,villain
villanage,villan
villeinage,villein
vincibleness,vincible
vindicativeness,vindicative
vinedresser,vine
vinegarish,vinegar
vinegary,vinegar
vineless,vine
vinelike,vine
viner,vine
vinery,vine
vineyard,vine
vineyardist,vineyard
vintager,vintage
violableness,violable
violater,violate
violer,viol
violinist,violin
violinistic,violinist
violist,viol
viperfish,viper
viperiform,viper
viperine,viper
viperish,viper
viperlike,viper
viperous,viper
viragoish,virago
virality,viral
virginalist,virginal
virginhood,virgin
virginity,virgin
viridity,virid
virilescent,virile
virtualisation,virtual
virtualism,virtual
virtualist,virtual
virtuality,virtual
virtualization,virtual
virtualize,virtual
virtueless,virtue
virtuosoship,virtuoso
virtuousness,virtuous
viruslike,virus
virusoid,virus
visaged,visage
viscidity,viscid
viscidness,viscid
viscountcy,viscount
viscountess,viscount
viscountship,viscount
viscounty,viscount
viscousness,viscous
viselike,vise
visibleness,visible
visional,vision
visionary,vision
visioner,vision
visionist,vision
visionless,vision
visitable,visit
visitation,visit
visitational,visitation
visitee,visit
visiter,visit
visitor,visit
visitorial,visitor
visorless,visor
vistal,vista
vistaless,vista
visualise,visual
visualist,visual
visuality,visual
visualize,visual
visualizer,visualize
vitalise,vital
vitalism,vital
vitalist,vital
vitalistic,vital
vitality,vital
vitalization,vital
vitalize,vital
vitalizer,vitalize
vitalness,vital
vitaminic,vitamin
vitaminise,vitamin
vitaminize,vitamin
vitativeness,vitative
viticulturer,viticulture
vitreousness,vitreous
vitrics,vitric
vitriolate,vitriol
vitriolic,vitriol
vitriolise,vitriol
vitriolization,vitriol
vivaciousness,vivacious
vividity,vivid
vividness,vivid
viviparousness,viviparous
vivisectional,vivisection
vivisectionist,vivisection
vivisector,vivisect
vixenish,vixen
vixenishness,vixenish
vixenly,vixen
vizierate,vizier
viziership,vizier
vizirate,vizir
vizirial,vizir
vizorless,vizor
vlogger,vlog
vocalise,vocal
vocalizer,vocalize
vociferousness,vociferous
vodcaster,vodcast
voguer,vogue
voguey,vogue
voguishness,voguish
voiceful,voice
voicefulness,voiceful
voicemail,voice
voiceprint,voice
voicer,voice
voidable,void
voidableness,voidable
voider,void
voidness,void
voivodeship,voivode
volatileness,volatile
volcanicity,volcanic
volcanology,volcano
volelike,vole
volitional,volition
volitionary,volition
volitionless,volition
volleyball,volley
volleyer,volley
voltage,volt
voltaic,volta
voltaism,volta
voltammeter,volt
voltmeter,volt
volubleness,voluble
voluminousness,voluminous
volumizer,volumize
voluntaristic,voluntarist
voluntaryist,voluntary
volunteerism,volunteer
voluptuousness,voluptuous
voluted,volute
volvate,volva
vomerine,vomer
vomeronasal,vomer
vomiter,vomit
vomitous,vomit
vomity,vomit
voodooism,voodoo
voodooist,voodoo
voodooistic,voodoo
voraciousness,voracious
voteless,vote
voter,vote
votiveness,votive
vouchee,vouch
voucher,vouch
vouchsafe,vouch
vouchsafement,vouchsafe
vowelise,vowel
vowelize,vowel
vowelless,vowel
vowelly,vowel
vower,vow
vowess,vow
vowless,vow
voyager,voyage
voyeurism,voyeur
voyeuristic,voyeur
vraicker,vraic
vraicking,vraic
vuggy,vug
vughy,vugh
vulcaniser,vulcanise
vulcanize,vulcan
vulcanizer,vulcanize
vulcanologist,vulcan
vulgarian,vulgar
vulgarise,vulgar
vulgariser,vulgarise
vulgarism,vulgar
vulgarity,vulgar
vulgarization,vulgar
vulgarize,vulgar
vulgarizer,vulgarize
vulnerableness,vulnerable
vulval,vulva
vulvar,vulva
wadder,wad
wadding,wad
waddler,waddle
wadeable,wade
wader,wade
wadsetter,wadset
wafery,wafer
waffler,waffle
waftage,waft
wafter,waft
wafture,waft
wageless,wage
wagelessness,wageless
wager,wage
wagerer,wager
wageworker,wage
wagger,wag
waggery,wag
waggish,wag
waggishness,waggish
waggle,wag
waggler,waggle
waggoner,waggon
waggonette,waggon
wagonage,wagon
wagoner,wagon
wagonette,wagon
wagonful,wagon
wagonless,wagon
wagonload,wagon
wagonwright,wagon
wagsome,wag
waifish,waif
waiflike,waif
wailer,wail
wailful,wail
wailing,wail
wailsome,wail
wainage,wain
wainscotting,wainscot
waistband,waist
waistbelt,waist
waistcloth,waist
waistcoat,waist
waistcoated,waistcoat
waistcoateer,waistcoat
waistcoating,waistcoat
waisted,waist
waister,waist
waisting,waist
waistless,waist
waistline,waist
waiter,wait
waiterage,waiter
waiterhood,waiter
waitering,waiter
waiting,wait
waitlist,wait
waitperson,wait
waitstaff,wait
waiver,waive
wakeboard,wake
wakeboarder,wakeboard
wakeful,wake
wakefulness,wakeful
wakeless,wake
wakeman,wake
wakener,waken
waker,wake
waler,wale
walkable,walk
walkathon,walk
walker,walk
walking,walk
walkup,walk
walkway,walk
wallboard,wall
wallchart,wall
wallcovering,wall
waller,wall
wallfish,wall
wallflower,wall
walloper,wallop
wallower,wallow
wallpaper,wall
wallpepper,wall
walnutwood,walnut
waltzer,waltz
waltzing,waltz
waltzlike,waltz
wameful,wame
wanderer,wander
wandering,wander
wanderlust,wander
wandlike,wand
wangler,wangle
wanker,wank
wanky,wank
wanness,wan
wannish,wan
wanter,want
wantoner,wanton
wantonise,wanton
wantonize,wanton
wantonness,wanton
wanty,want
warbird,war
warbler,warble
warbot,war
warby,warb
warcraft,war
wardcorn,ward
wardenry,warden
wardenship,warden
warder,ward
wardership,warder
wardless,ward
wardmote,ward
wardrober,wardrobe
wardroom,ward
wardship,ward
warehouse,ware
warehouseman,warehouse
warehouser,warehouse
wareless,ware
wareroom,ware
warfarer,warfare
wargamer,war
wargaming,war
warhead,war
warhorse,war
warless,war
warlike,war
warlikeness,warlike
warling,war
warlockry,warlock
warlord,war
warlordism,warlord
warmaker,war
warman,war
warmheartedness,warmhearted
warming,warm
warmish,warm
warmist,warm
warmness,warm
warmonger,war
warmouth,war
warmth,warm
warner,warn
warpage,warp
warpath,war
warper,warp
warping,warp
warplane,war
warpower,war
warpwise,warp
warrantability,warrant
warrantable,warrant
warrantableness,warrantable
warrantee,warrant
warranter,warrant
warrantless,warrant
warrantor,warrant
warrener,warren
warrioress,warrior
warship,war
warted,wart
warthog,wart
wartime,war
wartless,wart
wartlike,wart
wartweed,wart
wartwort,wart
warty,wart
warworn,war
washability,wash
washable,wash
washbasin,wash
washboard,wash
washbowl,wash
washcloth,wash
washday,wash
washer,wash
washerman,washer
washerwoman,washer
washery,wash
washfast,wash
washhand,wash
washing,wash
washland,wash
washpot,wash
washrag,wash
washroom,wash
washstand,wash
washtub,wash
washwipe,wash
washwoman,wash
washy,wash
waspie,wasp
waspish,wasp
waspishness,waspish
wasplike,wasp
waspy,wasp
wassailer,wassail
wassailry,wassail
wast,was
wastebasket,waste
wastebin,waste
wasteful,waste
wastefulness,wasteful
wasteness,waste
wastepaper,waste
waster,waste
wasterful,waster
wastewater,waste
wasteway,waste
wasteweir,waste
watchable,watch
watchband,watch
watchbox,watch
watchcase,watch
watchdog,watch
watcher,watch
watchful,watch
watchfulness,watchful
watchguard,watch
watchlist,watch
watchmaker,watch
watchmaking,watch
watchman,watch
watchspring,watch
watchstrap,watch
watchtower,watch
waterage,water
waterbed,water
waterbird,water
waterborne,water
waterbus,water
watercolor,water
watercolorist,watercolor
watercolour,water
watercolourist,watercolour
watercraft,water
waterdog,water
waterer,water
waterfall,water
waterflood,water
waterfowler,water
waterfowling,waterfowl
waterfront,water
watergate,water
waterglass,water
waterhead,water
waterhole,water
waterish,water
waterishness,waterish
waterleaf,water
waterless,water
waterlessness,waterless
waterline,water
waterlog,water
waterman,water
watermanship,water
watermark,water
watermelon,water
watermill,water
waterproof,water
waterproofer,waterproof
waterproofness,waterproof
waterquake,water
waterscape,water
waterside,water
watersider,waterside
watersmeet,water
waterspout,water
waterthrush,water
watertight,water
watertightness,watertight
waterweed,water
waterwork,water
waterworn,water
watery,water
wattage,watt
watthour,watt
wattlebird,wattle
wattless,watt
wattlework,wattle
wattmeter,watt
wauker,wauk
waukmill,wauk
waulker,waulk
waulkmill,waulk
waveband,wave
waveform,wave
wavefront,wave
waveguide,wave
wavelength,wave
waveless,wave
wavelet,wave
wavelike,wave
wavemeter,wave
waveoff,wave
waver,wave
waverer,waver
wavering,waver
waveringness,wavering
wavery,waver
waveshape,wave
wavetable,wave
waxable,wax
waxberry,wax
waxbill,wax
waxcloth,wax
waxen,wax
waxer,wax
waxflower,wax
waxlike,wax
waxweed,wax
waxwing,wax
waxwork,wax
waxworker,wax
waxworm,wax
waxy,wax
waybill,way
waybread,way
wayfare,way
wayfaring,way
waygone,way
waylay,way
waylayer,waylay
wayleave,way
wayless,way
waymark,way
waypoint,way
waypost,way
wayside,way
waywardness,wayward
wayworn,way
wazzock,wazz
weaken,weak
weakener,weaken
weakfish,weak
weakhearted,weak
weakish,weak
weakishness,weakish
weakling,weak
weakly,weak
weakness,weak
weakon,weak
weakside,weak
wealsman,weal
wealth,weal
wealthless,wealth
wealthy,wealth
weaner,wean
weanling,wean
weaponeer,weapon
weaponise,weapon
weaponize,weapon
weaponless,weapon
weaponry,weapon
wearability,wear
wearable,wear
wearer,wear
wearifulness,weariful
wearisomeness,wearisome
wearproof,wear
weaseler,weasel
weaselly,weasel
weasely,weasel
weatherability,weather
weatherable,weather
weatherboard,weather
weathercast,weather
weatherer,weather
weathergirl,weather
weatherglass,weather
weathering,weather
weatherization,weather
weatherize,weather
weatherly,weather
weatherman,weather
weathermost,weather
weatherometer,weather
weatherperson,weather
weatherproof,weather
weatherwoman,weather
weatherworn,weather
weaver,weave
weaverbird,weaver
webbie,web
webby,web
webcam,web
webcast,web
webchat,web
webfooted,web
webhead,web
webify,web
webless,web
weblike,web
weblogger,weblog
webmail,web
webmaster,web
webring,web
website,web
webspace,web
webwork,web
webworm,web
webzine,web
wedder,wed
wedding,wed
wedgelike,wedge
wedgewise,wedge
wedlock,wed
weeder,weed
weedery,weed
weedhead,weed
weedicide,weed
weedkiller,weed
weedless,weed
weedlike,weed
weedy,weed
weekday,week
weekend,week
weekender,weekend
weeklong,week
weekly,week
weeknight,week
weeper,weep
weephole,weep
weepie,weep
weepy,weep
weetless,weet
weeviled,weevil
weevilly,weevil
weevily,weevil
weftage,weft
weftwise,weft
weighable,weigh
weighage,weigh
weighbridge,weigh
weigher,weigh
weighman,weigh
weight,weigh
weighter,weight
weightless,weight
weightlessness,weightless
weightlifter,weight
weightlifting,weight
weighty,weight
weirdie,weird
weirdness,weird
weirdo,weird
weirdy,weird
welcher,welch
welcomeness,welcome
welcomer,welcome
weldability,weld
weldable,weld
welder,weld
welding,weld
weldless,weld
weldment,weld
weldmesh,weld
weldor,weld
wellborn,well
wellhead,well
wellhole,well
wellhouse,well
wellness,well
wellsite,well
wellspring,well
welsher,welsh
welter,welt
wencher,wench
wennish,wen
wenny,wen
werewolfery,werewolf
werewolfish,werewolf
werewolfism,werewolf
westabout,west
westbound,west
wester,west
westering,wester
western,west
westerner,western
westernise,western
westernism,western
westernization,western
westernize,western
westernmost,western
westing,west
westmost,west
westwardly,westward
westwards,west
wetness,wet
wetproof,wet
wetsuit,wet
wettability,wet
wettable,wet
wetter,wet
wettie,wet
wettish,wet
wetware,wet
whacker,whack
whaleback,whale
whaleboat,whale
whalebone,whale
whalelike,whale
whaleman,whale
whaler,whale
whalery,whale
whammo,wham
whammy,wham
wharfage,wharf
wharfie,wharf
wharfing,wharf
wharfmaster,wharf
whatcha,what
whatever,what
whatness,what
whatnot,what
whatso,what
whatsoever,what
whatsomever,what
wheatear,wheat
wheaten,wheat
wheatgrass,wheat
wheatland,wheat
wheatless,wheat
wheatlike,wheat
wheatmeal,wheat
wheatworm,wheat
wheaty,wheat
wheedler,wheedle
wheedlesome,wheedle
wheelbarrow,wheel
wheeler,wheel
wheelwork,wheel
wheelwright,wheel
wheely,wheel
wheezer,wheeze
whelked,whelk
whelky,whelk
whelpless,whelp
whenas,when
whence,when
whenceforth,whence
whencesoever,whence
whencever,whence
whenever,when
whensoever,when
whenwe,when
whereabout,where
whereabouts,whereabout
whereas,where
whereby,where
wherefor,where
wherefrom,where
whereinto,where
whereness,where
whereof,where
whereso,where
wheresoever,where
wherethrough,where
whereto,where
whereunder,where
whereunto,where
wherever,where
wherewith,where
wherryman,wherry
whetstone,whet
whetter,whet
wheyey,whey
wheyface,whey
wheyish,whey
wheyishness,wheyish
wheylike,whey
whichever,which
whichsoever,which
whiffer,whiff
whiffet,whiff
whiffle,whiff
whiffler,whiffle
whiffy,whiff
whilere,while
whilever,while
whimmy,whim
whimperer,whimper
whimsicality,whimsical
whimsicalness,whimsical
whimsy,whim
whiner,whine
whiney,whine
whingeingly,whingeing
whinger,whinge
whipbird,whip
whipcord,whip
whipcordy,whipcord
whipcrack,whip
whipless,whip
whiplike,whip
whipper,whip
whippet,whip
whippy,whip
whipsaw,whip
whipstaff,whip
whipstall,whip
whipster,whip
whipstitch,whip
whipstock,whip
whiptail,whip
whipworm,whip
whirlabout,whirl
whirlblast,whirl
whirler,whirl
whirligig,whirl
whirly,whirl
whirlybird,whirly
whirry,whirr
whisker,whisk
whiskered,whisker
whiskery,whisker
whiskey,whisk
whisky,whisk
whisperer,whisper
whispery,whisper
whistleable,whistle
whistleblowing,whistle
whistler,whistle
whitebait,white
whitebeam,white
whitebeard,white
whiteboard,white
whitecap,white
whitecoat,white
whitedamp,white
whiteface,white
whitefish,white
whitefly,white
whitehead,white
whitelist,white
whiten,white
whitener,whiten
whiteness,white
whitepot,white
whitesmith,white
whitetail,white
whitethorn,white
whitethroat,white
whitewall,white
whiteware,white
whitewash,white
whitewasher,whitewash
whitewashing,whitewash
whitewing,white
whitewood,white
whitey,white
whithersoever,whither
whitherward,whither
whitherwards,whither
whitishness,whitish
whittler,whittle
whizbang,whiz
whizzer,whizz
whizzo,whizz
whizzy,whizz
whodunnitry,whodunnit
whoever,who
wholegrain,whole
wholehearted,whole
wholemeal,whole
wholeness,whole
wholesale,whole
wholesaler,wholesale
wholesome,whole
wholesomeness,wholesome
wholestitch,whole
whomever,whom
whomso,whom
whomsoever,whom
whooper,whoop
whoopsie,whoops
whopper,whop
whoredom,whore
whorehouse,whore
whoremaster,whore
whoremasterly,whoremaster
whoremistress,whore
whoremonger,whore
whoremongery,whoremonger
whoreson,whore
whorishness,whorish
whorled,whorl
whortleberry,whortle
whosesoever,whose
whosever,whose
whoso,who
whosoever,who
whyever,why
wickedness,wicked
wickered,wicker
wickerwork,wicker
wicketkeeper,wicket
wickless,wick
wideband,wide
widemouthed,wide
widen,wide
widener,widen
wideness,wide
wideout,wide
widescreen,wide
widespread,wide
widower,widow
widowered,widower
widowerhood,widower
widowhood,widow
widthwise,width
wieldable,wield
wielder,wield
wieldless,wield
wieldy,wield
wifedom,wife
wifehood,wife
wifeless,wife
wifelike,wife
wifely,wife
wifey,wife
wigger,wig
wiggery,wig
wiggler,wiggle
wiggy,wig
wigless,wig
wiglet,wig
wiglike,wig
wigmaker,wig
wigwagger,wigwag
wildcard,wild
wildcat,wild
wildcatter,wildcat
wilderment,wilder
wildfire,wild
wildflower,wild
wildfowl,wild
wildfowler,wildfowl
wilding,wild
wildish,wild
wildland,wild
wildlife,wild
wildling,wild
wildness,wild
wileful,wile
wilfulness,wilful
willable,will
willer,will
willing,will
willingness,willing
willowherb,willow
willowish,willow
willowlike,willow
willowware,willow
willowy,willow
willpower,will
willy,will
wimpish,wimp
wimpishness,wimpish
wimpy,wimp
wincer,wince
winceyette,wincey
wincher,winch
winchman,winch
windable,wind
windage,wind
windbag,wind
windbaggery,windbag
windbell,wind
windblast,wind
windblown,wind
windborne,wind
windbound,wind
windbreak,wind
windburn,wind
windcheater,wind
winder,wind
windfallen,wind
windflaw,wind
windflower,wind
windgall,wind
windhover,wind
winding,wind
windjammer,wind
windle,wind
windless,wind
windlessness,windless
windlestraw,windle
windmill,wind
windowing,window
windowless,window
windowpane,window
windowsill,window
windowy,window
windproof,wind
windrow,wind
windrower,windrow
windsail,wind
windscreen,wind
windshake,wind
windshield,wind
windslab,wind
windsock,wind
windstorm,wind
windsucker,wind
windsurf,wind
windsurfer,wind
windsurfing,wind
windswept,wind
windthrow,wind
windtight,wind
windward,wind
windwards,wind
windway,wind
windy,wind
wineberry,wine
winebibber,wine
wineglassful,wineglass
winegrower,wine
winegrowing,wine
wineless,wine
winemaker,wine
winery,wine
wineshop,wine
wineskin,wine
winesop,wine
wingback,wing
wingbeat,wing
winger,wing
wingless,wing
winglessness,wingless
winglet,wing
winglike,wing
wingman,wing
wingnut,wing
wingover,wing
wingspan,wing
wingspread,wing
wingsuit,wing
wingtip,wing
wingy,wing
winker,wink
winkler,winkle
winless,win
winnability,win
winnable,win
winner,win
winningest,winning
winningness,winning
winnower,winnow
winsomeness,winsome
winterberry,winter
winterbourne,winter
wintercress,winter
winterer,winter
wintergreen,winter
winterise,winter
winterish,winter
winterization,winter
winterize,winter
winterkill,winter
winterless,winter
winterly,winter
wintertide,winter
winterweight,winter
wipeable,wipe
wiper,wipe
wiredraw,wire
wiredrawer,wire
wiredrawing,wiredraw
wireframe,wire
wiregrass,wire
wirehair,wire
wirehaired,wire
wireless,wire
wirelike,wire
wireline,wire
wireman,wire
wirephoto,wire
wirepuller,wire
wirer,wire
wiretap,wire
wiretapper,wire
wirewalker,wire
wireway,wire
wirework,wire
wireworker,wire
wireworking,wire
wireworm,wire
wirewove,wire
wiseass,wise
wisecrack,wise
wisecracker,wisecrack
wiseling,wise
wisely,wise
wiseness,wise
wishbone,wish
wisher,wish
wishful,wish
wishfulness,wishful
wishing,wish
wishless,wish
wisht,wish
wispish,wisp
wisplike,wisp
wispy,wisp
wistfulness,wistful
witchcraft,witch
witchery,witch
witchgrass,witch
witchhood,witch
witching,witch
witchlike,witch
witchy,witch
witeless,wite
withdrawable,withdraw
withdrawal,withdraw
withdrawer,withdraw
withdrawment,withdraw
withdrawnness,withdrawn
witheredness,withered
witherer,wither
withering,wither
withholder,withhold
withholdment,withhold
withoutdoors,without
withstander,withstand
witless,wit
witlessness,witless
witling,wit
witloof,wit
witness,wit
witnessable,witness
witnesser,witness
witted,wit
wittol,wit
wittolly,wittol
witty,wit
witwanton,wit
wizardly,wizard
wizardry,wizard
woaded,woad
wobbler,wobble
woebegone,woe
woebegoneness,woebegone
woeful,woe
woefulness,woeful
woesome,woe
woful,wo
wofulness,woful
woggish,wog
wolfberry,wolf
wolfer,wolf
wolffish,wolf
wolfing,wolf
wolfish,wolf
wolfishness,wolfish
wolfkin,wolf
wolflike,wolf
wolfling,wolf
wolfram,wolf
wolframite,wolfram
wolfsbane,wolf
wolfskin,wolf
wolver,wolve
womanhood,woman
womanise,woman
womaniser,womanise
womanish,woman
womanishness,womanish
womanism,woman
womanist,woman
womanize,woman
womanizer,womanize
womanless,woman
womanlike,woman
womanly,woman
womanness,woman
womanpower,woman
womblike,womb
womby,womb
womenswear,women
wonderer,wonder
wonderful,wonder
wonderfulness,wonderful
wonderkid,wonder
wonderland,wonder
wonderless,wonder
wonderment,wonder
wondermongering,wonder
wonderous,wonder
wonderstruck,wonder
wonderwork,wonder
wondrousness,wondrous
wonkery,wonk
wonkish,wonk
wonky,wonk
wontedness,wonted
wontless,wont
wooable,woo
woodbin,wood
woodblock,wood
woodborer,wood
woodbox,wood
woodcarver,wood
woodchip,wood
woodchop,wood
woodchopper,wood
woodcock,wood
woodcraft,wood
woodcraftsman,woodcraft
woodcut,wood
woodcutter,wood
woodcutting,wood
wooden,wood
woodenheaded,wooden
woodenness,wooden
woodenware,wooden
woodfern,wood
woodfree,wood
woodgrain,wood
woodhole,wood
woodhouse,wood
woodie,wood
woodlander,woodland
woodlark,wood
woodless,wood
woodlessness,woodless
woodlore,wood
woodlouse,wood
woodman,wood
woodmeal,wood
woodmouse,wood
woodness,wood
woodnote,wood
woodpecker,wood
woodpile,wood
woodprint,wood
woodrat,wood
woodrush,wood
woodsman,woods
woodsmoke,wood
woodstone,wood
woodswallow,wood
woodsy,woods
woodward,wood
woodwasp,wood
woodwind,wood
woodwork,wood
woodworker,wood
woodworking,wood
woodworm,wood
woody,wood
woodyard,wood
wooer,woo
woofer,woof
woofy,woof
wooingly,wooing
woolder,woold
wooled,wool
woolen,wool
wooler,wool
woolfell,wool
woolgathering,wool
woolgrower,wool
woolgrowing,wool
woolhat,wool
woolie,wool
woollike,wool
woolly,wool
woolman,wool
woolsack,wool
woolshed,wool
woolskin,wool
woolsorter,wool
woolward,wool
woolwork,wool
wooly,wool
worcesterberry,worcester
wordage,word
wordbook,word
wordie,word
wordish,word
wordishness,wordish
wordless,word
wordlessness,wordless
wordlore,word
wordmonger,word
wordsmith,word
wordsmithery,wordsmith
wordy,word
workability,work
workable,work
workableness,workable
workaday,work
workaholic,work
workaholism,work
workaround,work
workbag,work
workbasket,work
workbench,work
workboat,work
workbook,work
workboot,work
workbox,work
workday,work
worker,work
workerist,worker
workerless,worker
workfellow,work
workflow,work
workfolk,work
workforce,work
workful,work
workgirl,work
workgroup,work
workhorse,work
workhour,work
workhouse,work
working,work
workingman,working
workingwoman,working
workless,work
worklessness,workless
workman,work
workmanlike,workman
workmanly,workman
workmanship,workman
workmaster,work
workmate,work
workmistress,work
workpiece,work
workplace,work
workprint,work
workroom,work
worksheet,work
workshop,work
workshy,work
worksite,work
worksome,work
workstation,work
workstream,work
worktable,work
worktop,work
workwear,work
workwoman,work
worldbeat,world
worlder,world
worldie,world
worldling,world
worldly,world
worldview,world
wormcast,worm
wormer,worm
wormery,worm
wormhole,worm
wormish,worm
wormlike,worm
wormroot,worm
wormwood,worm
wormy,worm
wornness,worn
worrisomeness,worrisome
worryguts,worry
worrying,worry
worsen,worse
worseness,worse
worser,worse
worshipable,worship
worshipful,worship
worshipfulness,worshipful
worshipless,worship
worshipper,worship
worthful,worth
worthless,worth
worthlessness,worthless
worthwhile,worth
worthwhileness,worthwhile
worthy,worth
woundable,wound
wounder,wound
woundless,wound
woundwort,wound
wrackful,wrack
wraithlike,wraith
wrangler,wrangle
wranglership,wrangler
wranglesome,wrangle
wraparound,wrap
wrapover,wrap
wrappage,wrap
wrapper,wrap
wrapping,wrap
wrapround,wrap
wrathful,wrath
wrathfulness,wrathful
wrathless,wrath
wrathy,wrath
wreaker,wreak
wreakful,wreak
wreakless,wreak
wreathen,wreath
wreather,wreath
wreathless,wreath
wreathlike,wreath
wreathy,wreath
wreckage,wreck
wrecker,wreck
wreckfish,wreck
wreckful,wreck
wreckmaster,wreck
wrencher,wrench
wrentit,wren
wrester,wrest
wrestle,wrest
wrestler,wrestle
wretched,wretch
wretchedness,wretched
wriggler,wriggle
wringer,wring
wrinkleless,wrinkle
wristband,wrist
wrister,wrist
wristlet,wrist
wristlock,wrist
wristwatch,wrist
wristy,wrist
writer,writ
writeress,writer
writerly,writer
writership,writer
writher,writhe
wrongdoer,wrong
wronger,wrong
wrongful,wrong
wrongfulness,wrongful
wrongheaded,wrong
wrongheadedness,wrongheaded
wrongness,wrong
wrongous,wrong
wrybill,wry
wryneck,wry
wryness,wry
xanthomatous,xanthoma
xanthophyllous,xanthophyll
xenial,xenia
xenolithic,xenolith
xylographical,xylographic
xyloidin,xyloid
yachter,yacht
yachtie,yacht
yachtman,yacht
yachtsman,yacht
yachtsmanship,yachtsman
yachtswoman,yacht
yacker,yack
yahooism,yahoo
yakker,yak
yammerer,yammer
yanker,yank
yapper,yap
yardage,yard
yardarm,yard
yardbird,yard
yarder,yard
yardland,yard
yardman,yard
yardmaster,yard
yardstick,yard
yardwand,yard
yardwork,yard
yarner,yarn
yauper,yaup
yawmeter,yaw
yawner,yawn
yawnsome,yawn
yawper,yawp
yeanling,yean
yearbook,year
yearling,year
yearlong,year
yearly,year
yearner,yearn
yearning,yearn
yeastless,yeast
yeastlike,yeast
yeggman,yegg
yeller,yell
yelling,yell
yellowback,yellow
yellowbird,yellow
yellowcake,yellow
yellowfin,yellow
yellowhead,yellow
yellowish,yellow
yellowishness,yellowish
yellowness,yellow
yellowtail,yellow
yellowthroat,yellow
yellowware,yellow
yellowweed,yellow
yellowwood,yellow
yellowwort,yellow
yelper,yelp
yelping,yelp
yeomanly,yeoman
yeomanry,yeoman
yessir,yes
yessiree,yes
yesterday,yester
yestern,yester
yewen,yew
yieldable,yield
yielder,yield
yielding,yield
yieldingness,yielding
yipper,yip
yobbery,yob
yobbish,yob
yobbism,yob
yobbo,yob
yodeler,yodel
yodler,yodle
yokefellow,yoke
yokeless,yoke
yokelish,yokel
yokemate,yoke
yoker,yoke
yolked,yolk
yolkless,yolk
yonic,yoni
youngberry,young
youngish,young
youngling,young
youngly,young
youngness,young
youngster,young
youngth,young
youngthly,youngth
yours,your
yourself,your
yous,you
youthen,youth
youthful,youth
youthfulness,youthful
youthhead,youth
youthhood,youth
youthless,youth
youthly,youth
youthquake,youth
youthsome,youth
yowler,yowl
yucko,yuck
yumberry,yum
yummo,yum
yuppiedom,yuppie
yuppieish,yuppie
zanyish,zany
zanyism,zany
zapper,zap
zappy,zap
zealful,zeal
zealless,zeal
zealotism,zealot
zealotry,zealot
zealous,zeal
zealousness,zealous
zebrafish,zebra
zebraic,zebra
zebrawood,zebra
zeitgeisty,zeitgeist
zenithal,zenith
zeroth,zero
zester,zest
zestful,zest
zestfulness,zestful
zestless,zest
zesty,zest
zigzaggedness,zigzagged
zigzagger,zigzag
zigzaggery,zigzag
zigzaggy,zigzag
zillionaire,zillion
zillionth,zillion
zincate,zinc
zincic,zinc
zinciferous,zinc
zincification,zinc
zincify,zinc
zincite,zinc
zincode,zinc
zincograph,zinco
zincography,zinco
zincoid,zinc
zincous,zinc
zincy,zinc
zinger,zing
zingy,zing
zipless,zip
zipline,zip
zipola,zip
zipper,zip
zippo,zip
zippy,zip
ziptop,zip
zirconic,zircon
zitherist,zither
zoarium,zo
zodiacal,zodiac
zoeal,zoea
zombielike,zombie
zoneless,zone
zoner,zone
zonetime,zone
zooblast,zoo
zoocephalic,zoo
zoochore,zoo
zoochorous,zoo
zoochory,zoo
zooey,zoo
zoogamous,zoo
zoogenic,zoo
zoogenous,zoo
zoogeny,zoo
zoogleal,zooglea
zoogloeal,zoogloea
zoographer,zoo
zoography,zoo
zooidal,zooid
zookeeper,zoo
zoolater,zoo
zoolatry,zoo
zoolite,zoo
zoolith,zoo
zoolithic,zoolith
zoomable,zoom
zoomancy,zoo
zoomania,zoo
zoomantic,zoo
zoometric,zoo
zoometry,zoo
zoomorph,zoo
zoomorphic,zoo
zoomorphism,zoo
zoomorphy,zoo
zoonal,zoon
zoonic,zoon
zoonite,zoon
zoonomy,zoo
zoonosis,zoo
zoopathy,zoo
zoophagous,zoo
zoophile,zoo
zoophilia,zoo
zoophilism,zoo
zoophilist,zoo
zoophilous,zoo
zoophily,zoo
zoophobe,zoo
zoophobia,zoo
zoophyte,zoo
zooplanktonic,zooplankton
zooplasty,zoo
zooscopy,zoo
zoosporangial,zoosporangia
zootrophic,zoo
zooty,zoot
zwitterionic,zwitterion
zygomatic,zygoma
zygotene,zygote
