abandonment,abandon
abasement,abase
abashment,abash
abatement,abate
abdominousness,abdominous
abduction,abduct
abductor,abduct
abetment,abet
abettal,abet
abetter,abet
abettor,abet
abhorrence,abhor
abhorrent,abhor
abhorrer,abhor
abjurer,abjure
ablutionary,ablution
abnormality,abnormal
abolishable,abolish
abolishment,abolish
abolitionary,abolition
abortion,abort
abortionist,abortion
abortive,abort
abrader,abrade
abrasiveness,abrasive
abreaction,abreact
abridgement,abridge
abridger,abridge
abruptness,abrupt
absconder,abscond
abscondment,abscond
absentee,absent
absentmindedness,absentminded
absoluteness,absolute
absolver,absolve
absorbable,absorb
absorbate,absorb
absorbent,absorb
absorber,absorb
abstainer,abstain
abstemiousness,abstemious
abstractedness,abstracted
abstracter,abstract
abstraction,abstract
abstractive,abstract
abstractness,abstract
abstractor,abstract
abstruseness,abstruse
absurdity,absurd
absurdness,absurd
abuser,abuse
abutment,abut
abutter,abut
abysmal,abysm
abyssal,abyss
academicianship,academician
acapnial,acapnia
accentual,accent
accentuate,accent
acceptable,accept
acceptableness,acceptable
acceptance,accept
acceptant,accept
acceptation,accept
acceptive,accept
accessible,access
accession,access
accidental,accident
accommodational,accommodation
accomplishable,accomplish
accomplishment,accomplish
accordance,accord
accordant,accord
accountable,account
accountant,account
accountantship,accountant
accounting,account
accreditation,accredit
accretionary,accretion
accruement,accrue
acculturational,acculturation
accuser,accuse
acetylate,acetyl
acetylic,acetyl
acetylize,acetyl
Acheronian,Acheron
achievement,achieve
achiever,achieve
achromatinic,achromatin
acicular,acicula
acidify,acid
acidity,acid
acidophilic,acidophil
acidulate,acid
acidulousness,acidulous
acknowledgeable,acknowledge
acoustics,acoustic
acquaintance,acquaint
acquaintanceship,acquaintance
acquiescence,acquiesce
acquiescent,acquiesce
acquirer,acquire
acquisitiveness,acquisitive
acquittal,acquit
acridity,acrid
acridness,acrid
acrobatics,acrobatic
acrogenous,acrogen
acronymic,acronym
acronymous,acronym
actable,act
acting,act
action,act
actionable,action
activeness,active
actor,act
actuality,actual
actualize,actual
actuate,act
acuteness,acute
adaptable,adapt
adaptation,adapt
adaptative,adapt
adapter,adapt
adaption,adapt
adaptive,adapt
adaptor,adapt
addable,add
adder,add
addible,add
addiction,addict
addictive,addict
addition,add
additive,add
addressable,address
addressee,address
adduction,adduct
adductive,adduct
adductor,adduct
adenocarcinomatous,adenocarcinoma
adenoidal,adenoid
adeptness,adept
adequateness,adequate
adherent,adhere
adhesiveness,adhesive
adiposeness,adipose
adjournment,adjourn
adjustable,adjust
adjuster,adjust
adjustive,adjust
adjustment,adjust
adjustor,adjust
admirableness,admirable
admirer,admire
admittable,admit
admittance,admit
admittible,admit
admixture,admix
admonisher,admonish
admonishment,admonish
adnexal,adnexa
adolescence,adolesce
adolescent,adolesce
adoptable,adopt
adoptee,adopt
adopter,adopt
adoption,adopt
adoptive,adopt
adorableness,adorable
adorer,adore
adornment,adorn
adroitness,adroit
adsorbable,adsorb
adsorbent,adsorb
adulthood,adult
advance(a),advance
advancement,advance
advancer,advance
advantageous,advantage
advantageousness,advantageous
advection,advect
advective,advect
adventitial,adventitia
adventurer,adventure
adventurousness,adventurous
adverbial,adverb
advertence,advert
advertency,advert
advertent,advert
advertisement,advertise
advertiser,advertise
advertizement,advertize
advertizer,advertize
advisee,advise
advisement,advise
adviser,advise
aeonian,aeon
aerobics,aerobic
aerodynamics,aerodynamic
aeromechanics,aeromechanic
aeronautics,aeronautic
aerosolise,aerosol
aerosolize,aerosol
affableness,affable
affectedness,affected
affectional,affect
affectionate,affection
affectionateness,affectionate
affective,affect
affirmable,affirm
affirmation,affirm
affirmative,affirm
affirmativeness,affirmative
affirmatory,affirm
affirmer,affirm
affixal,affix
affixation,affix
affixial,affix
affliction,afflict
afflictive,afflict
affordable,afford
afforestation,afforest
Afghanistan,Afghan
African,Africa
agedness,aged
agelessness,ageless
agential,agent
aggrandisement,aggrandise
aggrandizement,aggrandize
aggression,aggress
aggressive,aggress
aggressiveness,aggressive
aggressor,aggress
agnostical,agnostic
agonistic,agonist
agreeable,agree
agreeableness,agreeable
agreement,agree
ailment,ail
aimlessness,aimless
airliner,airline
airmailer,airmail
airmanship,airman
airsickness,airsick
airy,air
alarmist,alarm
alary,ala
Alaskan,Alaska
alate,ala
Albanian,Albania
albuminous,albumin
alchemistic,alchemist
alchemistical,alchemist
alcoholic,alcohol
alcoholize,alcohol
aldermanic,alderman
aldermanly,alderman
alertness,alert
algal,alga
algebraic,algebra
algebraical,algebra
algebraist,algebra
Algerian,Algeria
algidity,algid
algorithmic,algorithm
alignment,align
alimentary,aliment
alimentation,aliment
alimentative,aliment
aliveness,alive
alkahestic,alkahest
alkalic,alkali
alkalify,alkali
alkalize,alkali
alkalizer,alkalize
alkaloidal,alkaloid
alkylic,alkyl
allayer,allay
allegement,allege
allegoriser,allegorise
allegorizer,allegorize
allergenic,allergen
allotment,allot
allowable,allow
allowance,allow
allurement,allure
allusiveness,allusive
allylic,allyl
aloofness,aloof
alphabetic,alphabet
alphabetical,alphabet
alphabetise,alphabet
alphabetiser,alphabetise
alphabetize,alphabet
alphabetizer,alphabetize
alterable,alter
alteration,alter
altruistic,altruist
alular,alula
amalgamate,amalgam
amateurishness,amateurish
amativeness,amative
amazement,amaze
ambassadorial,ambassador
ambassadorship,ambassador
ambidextrousness,ambidextrous
ambitiousness,ambitious
ambler,amble
ambrosial,ambrosia
ambusher,ambush
ameban,ameba
amenableness,amenable
amendable,amend
amendatory,amend
amendment,amend
amenorrheal,amenorrhea
amenorrhoeal,amenorrhoea
amentaceous,ament
amercement,amerce
American,America
Americanize,American
amiableness,amiable
amicableness,amicable
ammoniacal,ammoniac
ammoniate,ammonia
amnionic,amnion
amoeban,amoeba
amoristic,amorist
amorousness,amorous
ampleness,ample
ampullar,ampulla
ampullary,ampulla
amusement,amuse
amyloidal,amyloid
anaesthetic(a),anaesthetic
anaglyphical,anaglyph
anagrammatic,anagram
anagrammatical,anagram
anagrammatise,anagram
anagrammatize,anagram
analyser,analyse
analyticity,analytic
analyzer,analyze
anarchistic,anarchist
anathematise,anathema
anathematize,anathema
anchorage,anchor
ancientness,ancient
Andalusian,Andalusia
anesthetic(a),anesthetic
aneurismal,aneurism
aneurismatic,aneurism
aneurysmal,aneurysm
aneurysmatic,aneurysm
angelic,angel
angelical,angel
anginal,angina
angiocarpous,angiocarp
angiomatous,angioma
angiospermous,angiosperm
angler,angle
Angolan,Angola
Anguillan,Anguilla
angularity,angular
animalise,animal
animalize,animal
animateness,animate
anionic,anion
anklet,ankle
annexational,annexation
announcement,announce
announcer,announce
annoyance,annoy
annoyer,annoy
annulment,annul
anointer,anoint
anointment,anoint
anomalousness,anomalous
answerable,answer
answerableness,answerable
answerer,answer
antagonistic,antagonist
antecedence,antecede
antecedency,antecede
antecedent,antecede
antennal,antenna
antennary,antenna
antepenultimate,antepenultima
anteriority,anterior
antheral,anther
anthropocentricity,anthropocentric
anthropoidal,anthropoid
anti-Semite(a),anti-Semite
antigenic,antigen
Antiguan,Antigua
antiphonal,antiphon
antiphonary,antiphon
antipodean,antipode
antonymous,antonym
anxiousness,anxious
aoristic,aorist
aortal,aorta
aper,ape
apery,ape
aphrodisiacal,aphrodisiac
Apocryphal,Apocrypha
apostleship,apostle
apothegmatic,apothegm
apothegmatical,apothegm
apotheosise,apotheosis
Appalachian,Appalachia
apparentness,apparent
appealable,appeal
appealingness,appealing
appearance,appear
appeaser,appease
appendage,append
appendant,append
appetisingness,appetising
appetizingness,appetizing
applaudable,applaud
applauder,applaud
appointee,appoint
appointive,appoint
apportionable,apportion
apportionment,apportion
appositeness,apposite
appositional,apposition
appraiser,appraise
appreciativeness,appreciative
apprehender,apprehend
apprehensiveness,apprehensive
apprenticeship,apprentice
approachable,approach
appropriateness,appropriate
approver,approve
aptness,apt
aquiferous,aquifer
Arabian,Arabia
Aramaean,Aram
Aramean,Aram
Arawakan,Arawak
arbitrager,arbitrage
arbitrational,arbitration
arborary,arbor
arboreal,arbor
arboreous,arbor
arborical,arbor
arborise,arbor
arborist,arbor
arborize,arbor
arborous,arbor
archangelic,archangel
archangelical,archangel
architectonics,architectonic
archosaurian,archosaur
arcuate,arc
arduousness,arduous
areal,area
areolar,areola
argillaceous,argil
arguer,argue
aridity,arid
aridness,arid
aristocratical,aristocrat
Aristotelianism,Aristotelian
arithmetical,arithmetic
arithmetician,arithmetic
armament,arm
Armenian,Armenia
Arminianism,Arminian
armlet,arm
armor,arm
armorer,armor
armourer,armour
aromatic,aroma
aromatise,aroma
aromatize,aroma
arouser,arouse
arraignment,arraign
arrangement,arrange
arranger,arrange
arrester,arrest
arriver,arrive
arsenical,arsenic
arsonist,arson
artefactual,artefact
arteriolar,arteriola
artfulness,artful
arthropodal,arthropod
Arthurian,Arthur
articulateness,articulate
artifactual,artifact
artificiality,artificial
artist,art
artistic,art
artlessness,artless
arty,art
ascendable,ascend
ascendancy,ascend
ascendant,ascend
ascendent,ascend
ascender,ascend
ascensional,ascension
ascertainable,ascertain
ascetical,ascetic
ascocarpous,ascocarp
asexuality,asexual
ashy,ash
Asian,Asia
Asiatic,Asia
asker,ask
aspectual,aspect
asphaltic,asphalt
asphyxiate,asphyxia
aspirer,aspire
assailable,assail
assailant,assail
assassinate,assassin
assaulter,assault
assaultive,assault
assayer,assay
assenter,assent
assentient,assent
assertable,assert
asserter,assert
assertion,assert
assertive,assert
assertiveness,assertive
assessable,assess
assessee,assess
assessment,assess
assessor,assess
assiduousness,assiduous
assignable,assign
assignation,assign
assignee,assign
assignment,assign
assistance,assist
assistant,assist
assistive,assist
associableness,associable
assortment,assort
assuagement,assuage
assuredness,assured
asterismal,asterism
asteroidal,asteroid
asthmatic,asthma
astonishment,astonish
astragalar,astragal
astringent,astringe
astronautic,astronaut
astronautical,astronaut
astuteness,astute
atavistic,atavist
atheistic,atheist
atheistical,atheist
atheromatic,atheroma
atheromatous,atheroma
athletics,athletic
atomic,atom
atomise,atom
atomiser,atomise
atomize,atom
atomizer,atomize
atonality,atonal
atonement,atone
atonicity,atonic
atrociousness,atrocious
attachable,attach
attachment,attach
attacker,attack
attainable,attain
attainableness,attainable
attainment,attain
attempter,attempt
attendance,attend
attendant,attend
attender,attend
attentiveness,attentive
attestant,attest
attestation,attest
attester,attest
attorneyship,attorney
attractable,attract
attraction,attract
attractive,attract
attractive(a),attract
attractiveness,attractive
attractor,attract
attritional,attrition
atypicality,atypical
auctioneer,auction
audaciousness,audacious
audibleness,audible
auditor,audit
augmentation,augment
augmentative,augment
auroral,aurora
auspiciousness,auspicious
austereness,austere
Australasian,Australasia
Australian,Australia
Austrian,Austria
Austronesian,Austronesia
autacoidal,autacoid
authenticity,authentic
authorial,author
authoriser,authorise
authorizer,authorize
authorship,author
autocratic,autocrat
autodidactic,autodidact
autoeroticism,autoerotic
autumnal,autumn
auxinic,auxin
available,avail
availableness,available
avariciousness,avaricious
avenger,avenge
averageness,average
averment,aver
avertable,avert
avertible,avert
Avestan,Avesta
avidity,avid
avidness,avid
avifaunal,avifauna
avionics,avionic
avocational,avocation
avoidable,avoid
avoidance,avoid
avowal,avow
avower,avow
awakening,awaken
awareness,aware
awfulness,awful
awkwardness,awkward
awny,awn
axillary,axil
axiomatic,axiom
axiomatical,axiom
axonal,axon
azimuthal,azimuth
babbler,babble
baby-sitter,baby-sit
babyhood,baby
Babylonian,Babylon
bacchanalian,bacchanal
bacchantic,bacchant
bachelorhood,bachelor
backbencher,backbench
backbiter,backbite
backer,back
backgrounder,background
backing,back
backpacker,backpack
backslapper,backslap
backslider,backslide
backspacer,backspace
backstroker,backstroke
backwardness,backward
bacterial,bacteria
bacteroidal,bacteroid
badgerer,badger
badness,bad
bafflement,baffle
bagger,bag
bagging,bag
bailable,bail
bailee,bail
bailiffship,bailiff
bailment,bail
bailor,bail
baker,bake
balancer,balance
baldness,bald
balefulness,baleful
balker,balk
balky,balk
balladeer,ballad
balletic,ballet
ballistics,ballistic
balloonist,balloon
balmy,balm
balsamic,balsam
balsamy,balsam
Balzacian,Balzac
banality,banal
banger,bang
banishment,banish
bankable,bank
banker,bank
banking,bank
bankruptcy,bankrupt
baptismal,baptism
Baptistic,Baptist
barbarousness,barbarous
barbellate,barbel
bareness,bare
bargainer,bargain
bargaining,bargain
bargee,barge
barker,bark
barky,bark
barnstormer,barnstorm
baronetize,baronet
baronial,baron
baroqueness,baroque
barrenness,barren
barterer,barter
basaltic,basalt
baseness,base
bashfulness,bashful
basilican,basilica
basketeer,basket
bassoonist,bassoon
bastardise,bastard
bastardize,bastard
bastardly,bastard
bather,bathe
batholithic,batholith
batter,bat
batting,bat
battler,battle
baulker,baulk
Bavarian,Bavaria
bawdy,bawd
bawler,bawl
beady,bead
beamy,beam
beaner,bean
bearable,bear
bearer,bear
bearing,bear
beastly,beast
beatable,beat
beater,beat
beating,beat
beauteousness,beauteous
becomingness,becoming
bedevilment,bedevil
beeper,beep
beery,beer
Beethovenian,Beethoven
befoulment,befoul
befuddlement,befuddle
begetter,beget
beggarly,beggar
beggary,beg
beginner,begin
beginning,begin
beguilement,beguile
beguiler,beguile
beholder,behold
being,be
Belarusian,Belarus
believer,believe
bellowing,bellow
bellyacher,bellyache
belongings,belong
bemusement,bemuse
bendable,bend
bender,bend
benefaction,benefact
benignancy,benign
benignity,benign
benzylic,benzyl
bereavement,bereave
Berliner,Berlin
besieger,besiege
bestiality,bestial
bestialize,bestial
bestowal,bestow
bestowment,bestow
betrayal,betray
betrayer,betray
betrothal,betroth
better,bet
betterment,better
bettor,bet
bewilderment,bewilder
bewitchery,bewitch
bewitchment,bewitch
bibliomaniacal,bibliomania
bibliothecal,bibliotheca
bibliothecarial,bibliotheca
bibliotics,bibliotic
bicycler,bicycle
biddable,bid
bidder,bid
bidding,bid
bigheartedness,bighearted
bigness,big
bilaterality,bilateral
biliousness,bilious
billowy,billow
bimetallic,bimetal
bindable,bind
binder,bind
bindery,bind
binding,bind
biochemistry,biochemist
bionics,bionic
bionomics,bionomic
biosystematics,biosystematic
bipedal,biped
birder,bird
bisection,bisect
bisexuality,bisexual
Bismarckian,Bismarck
bismuthal,bismuth
bitchery,bitch
bitchy,bitch
biter,bite
bitterness,bitter
bitty,bit
bizarreness,bizarre
blabber,blab
blackguardly,blackguard
blackmailer,blackmail
blackness,black
blacktopping,blacktop
bladdery,bladder
blameable,blame
blamelessness,blameless
blameworthy,blame
blandishment,blandish
blandness,bland
blankness,blank
blasphemer,blaspheme
blastemal,blastema
blastematic,blastema
blaster,blast
blastocoelic,blastocoel
blastodermatic,blastoderm
blastodermic,blastoderm
blastular,blastula
blazonry,blazon
bleacher,bleach
bleakness,bleak
blebby,bleb
bleeder,bleed
bleeding,bleed
blender,blend
blessedness,blessed
blessing,bless
blinder,blind
blindness,blind
blinker,blink
blinking,blink
blissfulness,blissful
blistery,blister
blitheness,blithe
blockage,block
blocker,block
blocking,block
blocky,block
blondness,blond
bloodguilty,bloodguilt
bloody,blood
bloomer,bloom
blotchy,blotch
blotter,blot
blower,blow
blowing,blow
blowy,blow
blubberer,blubber
blubbery,blubber
bludgeoner,bludgeon
blue-blindness,blue-blind
blueness,blue
bluffer,bluff
bluffness,bluff
blunderer,blunder
bluntness,blunt
blurry,blur
blusher,blush
blusterer,bluster
blusterous,bluster
blustery,bluster
boarder,board
boaster,boast
boastfulness,boastful
boater,boat
boating,boat
boatmanship,boatman
bobber,bob
Boeotian,Boeotia
Bogartian,Bogart
boggy,bog
bohemian,bohemia
Bohemian,Bohemia
boiler,boil
boisterousness,boisterous
boldness,bold
Bolivian,Bolivia
Bolshevistic,Bolshevist
bombardment,bombard
bombastic,bombast
bomber,bomb
bombing,bomb
bomblet,bomb
bondable,bond
bonelet,bone
boney,bone
bonyness,bony
bookable,book
booker,book
booking,book
bookishness,bookish
booklet,book
Boolean,Boole
boorishness,boorish
booster,boost
bootlegger,bootleg
bootlicker,bootlick
boozer,booze
borer,bore
boringness,boring
boronic,boron
borrower,borrow
bosky,bosk
Bosnian,Bosnia
bosomy,bosom
bossy,boss
botcher,botch
botchy,botch
botheration,bother
bottler,bottle
bottomlessness,bottomless
botulinal,botulin
bouldery,boulder
bouncer,bounce
boundary,bound
boundedness,bounded
bounder,bound
boundlessness,boundless
bounteousness,bounteous
bountifulness,bountiful
boustrophedonic,boustrophedon
bowdleriser,bowdlerise
bowdlerizer,bowdlerize
bowery,bower
bowler,bowl
boxer,box
boxing,box
boxy,box
boyhood,boy
boyishness,boyish
bracer,brace
brackishness,brackish
bracteal,bract
braggart,brag
bragger,brag
braggy,brag
brahminic,brahmin
brahminical,brahmin
brainstorming,brainstorm
brainy,brain
branchial,branchia
branchy,branch
brand-newness,brand-new
brashness,brash
brassy,brass
bratty,brat
braveness,brave
brawler,brawl
brawny,brawn
brazenness,brazen
Brazilian,Brazil
breakable,break
breakableness,breakable
breakage,break
breaker,break
breaststroker,breaststroke
breather,breathe
breathlessness,breathless
brecciate,breccia
breeder,breed
breeding,breed
bregmatic,bregma
brewage,brew
brewer,brew
brewery,brew
briary,briar
briber,bribe
bribery,bribe
bridgeable,bridge
briefing,brief
briefness,brief
brightness,bright
briskness,brisk
brittleness,brittle
broad-mindedness,broad-minded
broadcaster,broadcast
broadness,broad
Brobdingnagian,Brobdingnag
broiler,broil
brokenheartedness,brokenhearted
brokerage,broker
brooder,brood
brotherly,brother
brownness,brown
browser,browse
bruiser,bruise
Bruneian,Brunei
brushy,brush
brusqueness,brusque
brutality,brutal
brutalize,brutal
bubbler,bubble
bubonic,bubo
budgetary,budget
buffer,buff
buggery,bugger
buggy,bug
bugler,bugle
builder,build
building,build
bulbaceous,bulb
bulbar,bulb
bulblike,bulb
bulbous,bulb
Bulgarian,Bulgaria
bulky,bulk
bulldozer,bulldoze
bullheadedness,bullheaded
bullocky,bullock
bumbler,bumble
bumper,bump
bumpkinly,bumpkin
bumptiousness,bumptious
bumpy,bump
bunchy,bunch
bungler,bungle
bunter,bunt
buoyant,buoy
burdensomeness,burdensome
burglarise,burglar
burnable,burn
burner,burn
burry,burr
bursal,bursa
burster,burst
Burundian,Burundi
bushing,bush
bushwhacker,bushwhack
bushy,bush
buster,bust
busty,bust
busyness,busy
butcherly,butcher
butchery,butcher
butt-welding,butt-weld
butter,butt
buttery,butter
buttony,button
butylate,butyl
buxomness,buxom
buyer,buy
buying,buy
buzzer,buzz
cackler,cackle
cacodaemonic,cacodaemon
cacodemonic,cacodemon
cacodylic,cacodyl
cacogenics,cacogenic
cadaveric,cadaver
cadaverous,cadaver
cadetship,cadet
cadger,cadge
Caesarean,Caesar
Caesarian,Caesar
caesural,caesura
caffeinic,caffein
cajolery,cajole
Calcuttan,Calcutta
Californian,California
calisthenics,calisthenic
callable,call
caller,call
calligrapher,calligraph
calligraphist,calligraph
calling,call
callithumpian,callithump
callousness,callous
calmness,calm
Calvinistical,Calvinist
Cambodian,Cambodia
Cambrian,Cambria
Cameroonian,Cameroon
campaigner,campaign
camper,camp
camphoraceous,camphor
camphorate,camphor
camphoric,camphor
camping,camp
campy,camp
canalisation,canal
canalise,canal
canalization,canal
canalize,canal
cancellation,cancel
cancerous,cancer
candidness,candid
cankerous,canker
cannery,can
cannibalic,cannibal
cannibalise,cannibal
cannibalistic,cannibal
cannibalize,cannibal
cannoneer,cannon
cannular,cannula
cannulate,cannula
canoeist,canoe
canonic,canon
canonical,canon
canonise,canon
canonist,canon
canonize,canon
cantonment,canton
canvasser,canvas
capableness,capable
capaciousness,capacious
Capetian,Capet
capitalise,capital
capitalist,capital
capitalize,capital
caponise,capon
caponize,capon
Cappadocian,Cappadocia
capriciousness,capricious
captainship,captain
capturer,capture
caramelise,caramel
caramelize,caramel
carbonate,carbon
carbonic,carbon
carbonise,carbon
carbonize,carbon
carbonylic,carbonyl
carboxylic,carboxyl
carcinogenic,carcinogen
carcinomatous,carcinoma
cardinalship,cardinal
careerist,career
carefreeness,carefree
carefulness,careful
carelessness,careless
carjacking,carjack
carnality,carnal
carnalize,carnal
caroler,carol
caroller,carol
carouser,carouse
carpellary,carpel
carper,carp
carpeting,carpet
carroty,carrot
cartage,cart
carter,cart
cartoonist,cartoon
caruncular,caruncula
carver,carve
cashable,cash
caster,cast
casting,cast
casualness,casual
casuistical,casuist
casuistry,casuist
cataclysmal,cataclysm
cataclysmic,cataclysm
cataloguer,catalogue
catamenial,catamenia
catapultian,catapult
catapultic,catapult
catarrhal,catarrh
catcher,catch
catchment,catch
catchy,catch
catechismal,catechism
categorematic,categorem
catenate,catena
caterer,cater
cathedral,cathedra
catheterise,catheter
catheterize,catheter
Catholicism,Catholic
catholicity,catholic
cationic,cation
catoptrics,catoptric
cattleship,cattle
catty,cat
Caucasian,Caucasia
caudal,cauda
causality,causal
cautionary,caution
cautiousness,cautious
cavernous,cavern
caviler,cavil
caviller,cavil
ceaselessness,ceaseless
cellular,cell
cellularity,cellular
Celtic,Celt
cementitious,cement
censorial,censor
censorious,censor
censorship,censor
center(a),center
centering,center
centrality,central
centroidal,centroid
ceramics,ceramic
cercarial,cercaria
ceremoniousness,ceremonious
Chadian,Chad
chaetal,chaeta
chaffy,chaff
chain-smoker,chain-smoke
chairmanship,chairman
Chaldean,Chaldea
chalky,chalk
challengeable,challenge
challenger,challenge
chancellorship,chancellor
chancroidal,chancroid
changeableness,changeable
changefulness,changeful
changelessness,changeless
changer,change
channelisation,channel
channelization,channel
channelize,channel
chanter,chant
chanting,chant
chaplainship,chaplain
characterise,character
characteristic,character
characterize,character
charger,charge
charioteer,chariot
charismatic,charisma
charitableness,charitable
charmer,charm
chartist,chart
chaser,chase
chasteness,chaste
chastisement,chastise
chatterer,chatter
chattering,chatter
chatty,chat
chauvinistic,chauvinist
cheapness,cheap
cheater,cheat
cheating,cheat
checker,check
cheeky,cheek
cheerer,cheer
cheerfulness,cheerful
cheering,cheer
cheerleader,cheerlead
cheerlessness,cheerless
cheery,cheer
cheliceral,chelicera
chemistry,chemist
cherty,chert
chesty,chest
chewer,chew
chewing,chew
chewy,chew
chiasmal,chiasm
chiasmatic,chiasm
chiasmic,chiasm
chicanery,chicane
chicness,chic
chieftainship,chieftain
childhood,child
childishness,childish
childlessness,childless
childly,child
Chilean,Chile
chilling,chill
chilly,chill
chimeral,chimera
chipping,chip
chiromancer,chiromance
chirpy,chirp
chiseler,chisel
chiseller,chisel
chitinous,chitin
chlamydial,chlamydia
chlorophyllous,chlorophyll
choiceness,choice
choker,choke
choleraic,cholera
choleric,choler
chomping,chomp
chopper,chop
choppy,chop
chordal,chord
choreographer,choreograph
chorionic,chorion
christening,christen
Christian,Christ
Christianity,Christian
chromatic,chroma
chromaticity,chromatic
chromatinic,chromatin
chronicler,chronicle
chummy,chum
chunking,chunk
chunky,chunk
Churchillian,Churchill
churchly,church
cinematic,cinema
circularise,circular
circularity,circular
circularize,circular
circumvention,circumvent
citizenship,citizen
civility,civil
claimant,claim
clamoring,clamor
clamorous,clamor
clanger,clang
clangor,clang
clangorous,clangor
clannishness,clannish
clapper,clap
clapping,clap
clarinetist,clarinet
clarinettist,clarinet
classify,class
classy,class
clastic,clast
cleaner,clean
cleaning,clean
cleanness,clean
cleanser,cleanse
clearance,clear
clearing,clear
clearness,clear
cleaver,cleave
clerking,clerk
clerkship,clerk
cleverness,clever
climber,climb
climbing,climb
clincher,clinch
clinical,clinic
clipper,clip
clipping,clip
cliquishness,cliquish
clocking,clock
closeness,close
closer,close
clotting,clot
clouding,cloud
cloudlessness,cloudless
cloudy,cloud
clowning,clown
clubby,club
clunky,clunk
clustering,cluster
co-optation,co-opt
co-option,co-opt
coaching,coach
coaction,coact
coalescence,coalesce
coalescency,coalesce
coarseness,coarse
coastal,coast
coaster,coast
coating,coat
coaxer,coax
coaxing,coax
cobbler,cobble
cobwebby,cobweb
cocainise,cocain
cocainize,cocain
cocksureness,cocksure
coddler,coddle
coder,code
codling,cod
coexistence,coexist
coexistent,coexist
cohabitation,cohabit
coherence,cohere
coherency,cohere
coherent,cohere
cohesiveness,cohesive
coiffure,coif
coinage,coin
coincidence,coincide
coincident,coincide
coiner,coin
coldheartedness,coldhearted
coldness,cold
Coleridgean,Coleridge
colicky,colic
collaborationist,collaboration
collagenic,collagen
collagenous,collagen
collectible,collect
collecting,collect
collection,collect
collector,collect
collider,collide
colloidal,colloid
Colombian,Colombia
colonic,colon
coloniser,colonise
colonizer,colonize
coloration,color
coloring,color
colorist,color
colorize,color
colorlessness,colorless
colouring,colour
colourlessness,colourless
columnar,column
columnist,column
comal,coma
comatoseness,comatose
combatant,combat
combative,combat
combativeness,combative
combing,comb
combustible,combust
combustion,combust
combustive,combust
comer,come
cometary,comet
cometic,comet
comfortableness,comfortable
comforter,comfort
comicality,comical
commandant,command
commander,command
commandership,commander
commandment,command
commencement,commence
commendation,commend
commensurateness,commensurate
commentary,comment
commentate,comment
commissioner,commission
commissioning,commission
commitment,commit
committal,commit
committedness,committed
committee,commit
commixture,commix
commodiousness,commodious
commonality,common
commonness,common
commonplaceness,commonplace
communalize,communal
communicational,communication
communicativeness,communicative
commuter,commute
compaction,compact
compactness,compact
companionableness,companionable
companionship,companion
compartmental,compartment
compartmentalise,compartment
compartmentalize,compartment
compassionate,compassion
compassionateness,compassionate
competitiveness,competitive
compiler,compile
complainant,complain
complainer,complain
complaint,complain
complemental,complement
complementary,complement
completeness,complete
complexity,complex
complexness,complex
complicatedness,complicated
complimentary,compliment
comportment,comport
composer,compose
compounding,compound
comprehendible,comprehend
comprehensiveness,comprehensive
compressible,compress
compressing,compress
compression,compress
compressor,compress
comptrollership,comptroller
compulsiveness,compulsive
computational,computation
computer,compute
computerise,computer
computerize,computer
comradely,comrade
comradeship,comrade
concaveness,concave
concealing,conceal
concealment,conceal
conceivableness,conceivable
conceiver,conceive
concentricity,concentric
conceptional,conception
conceptual,concept
conceptualise,concept
conceptuality,conceptual
conceptualize,concept
concertise,concert
concertize,concert
conciseness,concise
conclusiveness,conclusive
concoction,concoct
concordance,concord
concreteness,concrete
concurrence,concur
concurrent,concur
concussion,concuss
condemnation,condemn
condemnatory,condemn
condenser,condense
condescendingness,condescending
conditionality,conditional
conditioner,condition
conditioning,condition
condolence,condole
conducting,conduct
conduction,conduct
conductive,conduct
conductor,conduct
confection,confect
conferee,confer
conference,confer
conferment,confer
conferral,confer
confession,confess
confessor,confess
confidence,confide
confidentiality,confidential
confinement,confine
confirmation,confirm
confirmative,confirm
confirmatory,confirm
conformance,conform
conformation,conform
conformist,conform
confrontation,confront
confrontational,confrontation
confusedness,confused
confuter,confute
congeniality,congenial
congenialness,congenial
congestion,congest
congestive,congest
congruousness,congruous
coniferous,conifer
conjunctival,conjunctiva
conjurer,conjure
connectedness,connected
connecter,connect
connection,connect
connective,connect
connector,connect
connoisseurship,connoisseur
connotational,connotation
conquering,conquer
conqueror,conquer
conscientiousness,conscientious
consciousness,conscious
conscription,conscript
consentaneous,consent
conservationist,conservation
considerateness,considerate
consideration,consider
consignee,consign
consigner,consign
consignment,consign
consignor,consign
consistence,consist
consistency,consist
consonantal,consonant
conspicuousness,conspicuous
conspiratorial,conspirator
constitutionalize,constitution
constriction,constrict
constrictor,constrict
construction,construct
constructiveness,constructive
constructor,construct
consular,consul
consulship,consul
consultant,consult
consultation,consult
consultative,consult
consultatory,consult
consultive,consult
consumer,consume
container,contain
containerise,container
containerize,container
containment,contain
contemplativeness,contemplative
contemporaneousness,contemporaneous
contemptuous,contempt
contemptuousness,contemptuous
contender,contend
contentedness,contented
contentiousness,contentious
contentment,content
contestable,contest
contestation,contest
contestee,contest
contester,contest
contextual,context
contiguousness,contiguous
continental,continent
Continental,Continent
continuousness,continuous
contortion,contort
contortionist,contortion
contrabandist,contraband
contracting,contract
contraction,contract
contractor,contract
contractual,contract
contracture,contract
contradiction,contradict
contradictory,contradict
contrastive,contrast
contrasty,contrast
contriteness,contrite
contriver,contrive
controller,control
controllership,controller
convalescence,convalesce
convalescent,convalesce
convection,convect
convener,convene
conventionality,conventional
conventioneer,convention
conventual,convent
convergence,converge
convergency,converge
convergent,converge
conversational,conversation
conversationalist,conversation
conversationist,conversation
converter,convert
convertible,convert
convertor,convert
convexity,convex
convexness,convex
conveyable,convey
conveyance,convey
conveyancer,conveyance
conveyer,convey
conveying,convey
conveyor,convey
conviction,convict
conviviality,convivial
cooker,cook
cookery,cook
cooking,cook
coolant,cool
cooler,cool
cooling,cool
coolness,cool
cooperativeness,cooperative
copartnership,copartner
copiousness,copious
copolymerise,copolymer
copolymerize,copolymer
coppery,copper
Coptic,Copt
copular,copula
copying,copy
copyist,copy
copyreader,copyread
coquetry,coquet
cordiality,cordial
corker,cork
corky,cork
cormous,corm
corneal,cornea
cornetist,cornet
corny,corn
coronary,corona
corporeality,corporeal
correction,correct
correctional,correction
corrective,correct
correctness,correct
correlational,correlation
correspondence,correspond
correspondent,correspond
corruptible,corrupt
corruption,corrupt
corruptive,corrupt
corruptness,corrupt
Corsican,Corsica
cosigner,cosign
costal,costa
costly,cost
costumer,costume
cottony,cotton
coughing,cough
councillorship,councillor
counseling,counsel
counselling,counsel
counsellor,counsel
counsellorship,counsellor
counselor,counsel
counselorship,counselor
countable,count
counter,count
counteraction,counteract
counteractive,counteract
counterfactuality,counterfactual
counterfeiter,counterfeit
counterrevolutionary,counterrevolution
counterrevolutionist,counterrevolution
countersignature,countersign
counting,count
countlessness,countless
coupler,couple
courageous,courage
courageousness,courageous
courting,court
courtly,court
cousinly,cousin
coverage,cover
covering,cover
coverlet,cover
covertness,covert
covetousness,covetous
coward,cow
cowardly,coward
cowling,cowl
coyness,coy
cozenage,cozen
crabbedness,crabbed
crabby,crab
cracker,crack
cracking,crack
crafter,craft
craftsmanship,craftsman
crafty,craft
crammer,cram
cranky,crank
crapper,crap
crappy,crap
crasher,crash
crassness,crass
cravenness,craven
crawler,crawl
crawling,crawl
creaking,creak
creaky,creak
creamy,cream
creativeness,creative
credibleness,credible
creditor,credit
credulousness,credulous
creedal,creed
creeper,creep
creeping,creep
creepy,creep
crenelate,crenel
crenellate,crenel
crescent(a),crescent
cretinous,cretin
cricketer,cricket
criminality,criminal
criminalize,criminal
criminalness,criminal
crispness,crisp
crispy,crisp
criterional,criterion
critical,critic
criticality,critical
criticalness,critical
criticize,critic
croaker,croak
croaking,croak
croaky,croak
Croatian,Croatia
crocheting,crochet
Cromwellian,Cromwell
crookedness,crooked
crooner,croon
crooning,croon
cross-dresser,cross-dress
cross-linkage,cross-link
crossing,cross
crossness,cross
crotchety,crotchet
croupy,croup
crowding,crowd
crowing,crow
cruciality,crucial
crudeness,crude
cruelness,cruel
cruiser,cruise
crumbly,crumb
crusader,crusade
crusher,crush
crushing,crush
crusty,crust
crying,cry
cryogenics,cryogenic
cryonics,cryonic
cryptogamic,cryptogam
cryptogamous,cryptogam
crystalize,crystal
crystallize,crystal
Cuban,Cuba
cubicity,cubic
culpableness,culpable
cultist,cult
cumbersomeness,cumbersome
cupping,cup
curableness,curable
curatorial,curator
curatorship,curator
curiousness,curious
curler,curl
curling,curl
curly,curl
curmudgeonly,curmudgeon
currentness,current
curtailment,curtail
curtness,curt
curvaceousness,curvaceous
curvey,curve
cushioning,cushion
cushiony,cushion
cuspidal,cusp
cussedness,cussed
custodianship,custodian
customary,custom
cuteness,cute
cuticular,cuticula
cutter,cut
cutting,cut
cyanobacterial,cyanobacteria
cyanogenetic,cyanogen
cyanogenic,cyanogen
cybernetics,cybernetic
cyclicity,cyclic
cycloidal,cycloid
cylindricality,cylindrical
cylindricalness,cylindrical
cynical,cynic
cystic,cyst
cytoplasmatic,cytoplasm
cytoplasmic,cytoplasm
czaristic,czar
Czechoslovakian,Czechoslovakia
dabbler,dabble
dactylic,dactyl
daftness,daft
Dalmatian,Dalmatia
damnation,damn
damnatory,damn
dampener,dampen
dampening,dampen
damper,damp
dampness,damp
dancer,dance
dangerous,danger
dangerousness,dangerous
dankness,dank
Dantean,Dante
dapperness,dapper
darkening,darken
darkness,dark
darner,darn
darning,darn
darter,dart
Darwinian,Darwin
dastard(a),dastard
dastardly,dastard
dauber,daub
daubing,daub
daughterly,daughter
dauntlessness,dauntless
dawdler,dawdle
dawning,dawn
daydreamer,daydream
daydreaming,daydream
deadening,deaden
deadness,dead
deaf-muteness,deaf-mute
deafness,deaf
dealer,deal
dealership,dealer
dealing,deal
dealings,deal
deanship,dean
deathly,death
debarkation,debark
debarment,debar
debasement,debase
debaser,debase
debater,debate
debauchee,debauch
debaucher,debauch
debauchery,debauch
debriefing,debrief
debugger,debug
debunking,debunk
decampment,decamp
decantation,decant
decanter,decant
deceitfulness,deceitful
deceiver,deceive
deceptiveness,deceptive
deciding(a),deciding
decimalise,decimal
decimalize,decimal
decipherer,decipher
decipherment,decipher
decisiveness,decisive
declarer,declare
decoction,decoct
decompositional,decomposition
decompressing,decompress
decompression,decompress
deconstruction,deconstruct
decorate,decor
decorativeness,decorative
decorousness,decorous
decryption,decrypt
deductible,deduct
deduction,deduct
deepening,deepen
deepness,deep
defacement,deface
defamer,defame
defaulter,default
defeatist,defeat
defection,defect
defectiveness,defective
defector,defect
defencelessness,defenceless
defendant,defend
defender,defend
defenselessness,defenseless
deference,defer
deferent,defer
deferment,defer
deferral,defer
defervescence,defervesce
defilement,defile
defiler,defile
definiteness,definite
deflationary,deflation
deflection,deflect
deflective,deflect
deflector,deflect
deforestation,deforest
deformation,deform
deformational,deformation
defrauder,defraud
defrayal,defray
defrayment,defray
defroster,defrost
deftness,deft
defunctness,defunct
degaussing,degauss
degustation,degust
dehiscence,dehisce
dehiscent,dehisce
deicer,deice
dejection,deject
deliberateness,deliberate
delimitation,delimit
deliquescent,deliquesce
deliverance,deliver
deliverer,deliver
delivery,deliver
Delphian,Delphi
delusional,delusion
demander,demand
dementedness,demented
demister,demist
demolishing,demolish
demonic,demon
demonize,demon
demonstrativeness,demonstrative
demureness,demure
demurral,demur
demurrer,demur
denouncement,denounce
denseness,dense
departer,depart
departmental,department
departure,depart
dependableness,dependable
dependant,depend
dependency,depend
dependent,depend
depicting,depict
depiction,depict
depictive,depict
deployment,deploy
deponent,depone
deportation,deport
deportee,deport
deportment,deport
deposer,depose
deposition,deposit
depositor,deposit
depressant,depress
depression,depress
depressor,depress
derailment,derail
derangement,derange
descendant,descend
descendent,descend
deserter,desert
desertion,desert
deservingness,deserving
designer,design
designing,design
desirableness,desirable
despicableness,despicable
despoiler,despoil
despoilment,despoil
despondence,despond
despondency,despond
despondent,despond
despotic,despot
despotical,despot
destroyer,destroy
destructiveness,destructive
detachment,detach
detailing,detail
detainee,detain
detecting,detect
detection,detect
detector,detect
detergence,deterge
detergency,deterge
detergent,deterge
determent,deter
determinateness,determinate
determiner,determine
deterrence,deter
deterrent,deter
detestation,detest
dethronement,dethrone
detraction,detract
detractive,detract
detractor,detract
detrimental,detriment
developer,develop
developing,develop
development,develop
developmental,development
devilize,devil
devilment,devil
devilry,devil
deviltry,devil
deviousness,devious
devisee,devise
deviser,devise
devolvement,devolve
devotedness,devoted
devotee,devote
devourer,devour
devoutness,devout
Deweyan,Dewey
dewy,dew
dextrality,dextral
diacritical,diacritic
diagonalise,diagonal
diagonalize,diagonal
diagrammatic,diagram
diagrammatical,diagram
diagramming,diagram
dialectal,dialect
dialectical,dialectic
dialectician,dialectic
dialyzer,dialyze
diarrheal,diarrhea
diarrhoeal,diarrhoea
dicer,dice
Dickensian,Dickens
dictatorial,dictator
dictatorship,dictator
dietary,diet
dieter,diet
dietetic,diet
dietetical,diet
dietician,diet
dieting,diet
difference,differ
different,differ
difficultness,difficult
diffraction,diffract
diffuseness,diffuse
digester,digest
digestible,digest
digestibleness,digestible
digestion,digest
digestive,digest
digger,dig
digging,dig
digital,digit
digitalize,digit
digitise,digit
digitiser,digitise
digitize,digit
digitizer,digitize
digression,digress
digressive,digress
dimensionality,dimensional
diminutiveness,diminutive
dimness,dim
diner,dine
diphthongize,diphthong
diplomatical,diplomat
dipper,dip
directionality,directional
directive,direct
directiveness,directive
directness,direct
director,direct
directorship,director
dirty,dirt
dirtying,dirty
disablement,disable
disadvantageous,disadvantage
disaffection,disaffect
disagreeableness,disagreeable
disagreement,disagree
disappearance,disappear
disappearing,disappear
disappointment,disappoint
disarmament,disarm
disarmer,disarm
disarming,disarm
disarrangement,disarrange
disavowal,disavow
disbandment,disband
disbarment,disbar
disbeliever,disbelieve
disbursement,disburse
disburser,disburse
discernible,discern
discernment,discern
discipleship,disciple
disclaimer,disclaim
discoloration,discolor
discolouration,discolour
discomfiture,discomfit
disconcertion,disconcert
disconcertment,disconcert
disconnectedness,disconnected
disconnection,disconnect
disconsolateness,disconsolate
discontentedness,discontented
discontentment,discontent
discordance,discord
discordant,discord
discounter,discount
discouragement,discourage
discoverer,discover
discovery,discover
discreetness,discreet
discreteness,discrete
discretionary,discretion
discursiveness,discursive
discussant,discuss
discussion,discuss
disdainfulness,disdainful
disembarkation,disembark
disembarkment,disembark
disembarrassment,disembarrass
disenchantment,disenchant
disenfranchisement,disenfranchise
disengagement,disengage
disentanglement,disentangle
disestablishment,disestablish
disfigurement,disfigure
disforestation,disforest
disfranchisement,disfranchise
disgorgement,disgorge
disgracefulness,disgraceful
disgruntlement,disgruntle
disgustingness,disgusting
disheartenment,dishearten
dishonorableness,dishonorable
dishonourableness,dishonourable
dishy,dish
disillusionment,disillusion
disinfectant,disinfect
disinfection,disinfect
disinfestation,disinfest
disingenuousness,disingenuous
disinheritance,disinherit
disinterestedness,disinterested
disinterment,disinter
disinvestment,disinvest
disjointedness,disjointed
diskette,disk
dislodgement,dislodge
dismantlement,dismantle
dismemberment,dismember
dismissal,dismiss
dismissible,dismiss
dismission,dismiss
dismissive,dismiss
disorientation,disorient
disowning,disown
disownment,disown
disparagement,disparage
disparager,disparage
disparateness,disparate
dispassionate,dispassion
dispassionateness,dispassionate
dispatcher,dispatch
dispensableness,dispensable
dispenser,dispense
dispiritedness,dispirited
dispossession,dispossess
disprover,disprove
disreputableness,disreputable
disruption,disrupt
disruptive,disrupt
dissection,dissect
dissembler,dissemble
dissenter,dissent
dissentient,dissent
dissentious,dissent
dissimilarity,dissimilar
dissoluteness,dissolute
dissolvent,dissolve
dissolver,dissolve
distastefulness,distasteful
distillate,distill
distillation,distill
distillery,distill
distillment,distill
distinctiveness,distinctive
distinctness,distinct
distortion,distort
distortionist,distortion
distraction,distract
distressfulness,distressful
distributer,distribute
distrustfulness,distrustful
disturbance,disturb
dive-bombing,dive-bomb
diver,dive
divergence,diverge
divergency,diverge
divergent,diverge
diverseness,diverse
diversionary,diversion
diversionist,diversion
divestiture,divest
divider,divide
diviner,divine
divisional,division
divorcee,divorce
divorcement,divorce
divulgement,divulge
divulgence,divulge
Djiboutian,Djibouti
do-nothing(a),do-nothing
dockage,dock
docker,dock
docking,dock
doctoral,doctor
doctorial,doctor
documental,document
documentary,document
documentation,document
dodderer,dodder
dodger,dodge
doer,do
dogfighter,dogfight
doggedness,dogged
dogmatic,dogma
dogmatical,dogma
dogmatize,dogma
dolefulness,doleful
dolorous,dolor
domesticity,domestic
domineeringness,domineering
Donnean,Donne
dopey,dope
dosser,doss
Dostoevskian,Dostoevski
doubter,doubt
doubtfulness,doubtful
doughy,dough
dovishness,dovish
dowery,dower
downer,down
downheartedness,downhearted
downrightness,downright
downy,down
dowser,dowse
drabness,drab
Draconian,Draco
draftee,draft
drafter,draft
drafting,draft
draftsmanship,draftsman
drafty,draft
dragger,drag
drainage,drain
dramatic,drama
dramatise,drama
dramatist,drama
dramatize,drama
drapery,drape
draughty,draught
drawee,draw
drawer,draw
drawing,draw
drawler,drawl
dread(a),dread
dreadfulness,dreadful
dreamer,dream
dreaming,dream
dreamy,dream
dredger,dredge
dresser,dress
dressing,dress
dressy,dress
dribbler,dribble
driftage,drift
drifter,drift
drifting,drift
drilling,drill
drinker,drink
drinking,drink
drippings,drip
drippy,drip
driveller,drivel
driver,drive
drooler,drool
droopy,droop
dropkicker,dropkick
droplet,drop
dropper,drop
drubbing,drub
drudgery,drudge
drugging,drug
druggist,drug
drummer,drum
drumming,drum
drunkenness,drunken
drupelet,drupe
dryness,dry
duality,dual
dubbing,dub
dubiousness,dubious
ducking,duck
duckling,duck
dueler,duel
duelist,duel
dueller,duel
duellist,duel
dukedom,duke
dullard,dull
dullness,dull
dumbness,dumb
dumper,dump
dumping,dump
dumpy,dump
dupery,dupe
dural,dura
dusky,dusk
duster,dust
dusty,dust
dutifulness,dutiful
dwarfishness,dwarfish
dweller,dwell
dwelling,dwell
dyeing,dye
dyer,dye
dynamics,dynamic
dynamiter,dynamite
dysfunctional,dysfunction
dysgenics,dysgenic
dyspneal,dyspnea
dyspnoeal,dyspnoea
dystopian,dystopia
eagerness,eager
eaglet,eagle
earldom,earl
earner,earn
earnestness,earnest
earnings,earn
earthing,earth
earthling,earth
earthly,earth
earthy,earth
easement,ease
easterly,easter
easygoingness,easygoing
eater,eat
eating,eat
eavesdropper,eavesdrop
ebbing,ebb
eccentricity,eccentric
eclecticism,eclectic
econometrics,econometric
economiser,economise
economizer,economize
ectodermal,ectoderm
ectodermic,ectoderm
Ecuadorian,Ecuador
edematous,edema
edger,edge
edibleness,edible
editing,edit
editor,edit
editorial,editor
editorialist,editorial
editorialize,editorial
editorship,editor
educatee,educate
educational,education
educationalist,education
educationist,education
Edwardian,Edward
effacement,efface
effecter,effect
effective,effect
effectiveness,effective
effector,effect
effectuality,effectual
effectualness,effectual
effectuate,effect
effeminateness,effeminate
effervescence,effervesce
effervescent,effervesce
efficaciousness,efficacious
efflorescence,effloresce
efflorescent,effloresce
effortfulness,effortful
effortlessness,effortless
effusiveness,effusive
egoistic,egoist
egotistic,egotist
egotistical,egotist
egression,egress
Egyptian,Egypt
Einsteinian,Einstein
ejection,eject
ejector,eject
elaborateness,elaborate
elasticity,elastic
elbowing,elbow
eldership,elder
election,elect
electioneering,electioneer
elective,elect
elector,elect
electoral,elector
electorate,elect
electricity,electric
electronics,electronic
electroplater,electroplate
electrostatics,electrostatic
elementary,element
elicitation,elicit
ellipsoidal,ellipsoid
ellipticity,elliptic
elocutionary,elocution
elocutionist,elocution
elopement,elope
elusiveness,elusive
emancipationist,emancipation
embalmer,embalm
embalmment,embalm
embankment,embank
embarkment,embark
embarrassment,embarrass
embellishment,embellish
embezzlement,embezzle
embezzler,embezzle
embitterment,embitter
emblematic,emblem
emblematical,emblem
embossment,emboss
embracement,embrace
embroiderer,embroider
embroidery,embroider
embroilment,embroil
embryonal,embryo
embryonic,embryo
embryotic,embryo
emergence,emerge
emergent,emerge
emitter,emit
emotional,emotion
emotionality,emotional
emotionlessness,emotionless
emphysematous,emphysema
empiricism,empiric
emplacement,emplace
employee,employ
employer,employ
employment,employ
empowerment,empower
emptying,empty
enactment,enact
enamoredness,enamored
encampment,encamp
encasement,encase
enchanter,enchant
enchantment,enchant
encirclement,encircle
encompassment,encompass
encouragement,encourage
encroacher,encroach
encroachment,encroach
encrustation,encrust
encryption,encrypt
endearment,endear
ending,end
endlessness,endless
endodontics,endodontic
endogenic,endogen
endorsement,endorse
endorser,endorse
endowment,endow
enduringness,enduring
energiser,energise
energizer,energize
enfeeblement,enfeeble
enfeoffment,enfeoff
enfolding,enfold
enforcement,enforce
enforcer,enforce
enfranchisement,enfranchise
engagement,engage
engineer,engine
engineering,engineer
engorgement,engorge
engraver,engrave
engrossment,engross
enhancement,enhance
enhancer,enhance
enigmatic,enigma
enigmatical,enigma
enjoining,enjoin
enjoinment,enjoin
enjoyableness,enjoyable
enjoyer,enjoy
enjoyment,enjoy
enlargement,enlarge
enlarger,enlarge
enlightenment,enlighten
enlistee,enlist
enlisting,enlist
enlistment,enlist
enlivener,enliven
ennoblement,ennoble
enolic,enol
enormousness,enormous
enquirer,enquire
enragement,enrage
enrichment,enrich
enrollee,enroll
enrollment,enroll
enrolment,enrol
enslavement,enslave
entailment,entail
entanglement,entangle
entering,enter
enterpriser,enterprise
enterprisingness,enterprising
entertainer,entertain
entertainment,entertain
enthrallment,enthrall
enthronement,enthrone
enticement,entice
entireness,entire
entitlement,entitle
entombment,entomb
entrancement,entrance
entrapment,entrap
entrenchment,entrench
entrepreneurial,entrepreneur
envelopment,envelop
enviousness,envious
environmental,environment
envisioning,envision
eonian,eon
eosinophilic,eosinophil
ephemeral,ephemera
ephemerality,ephemeral
ephemeralness,ephemeral
epical,epic
epicarpal,epicarp
epicurean,epicure
epigrammatic,epigram
epochal,epoch
eponymic,eponym
eponymous,eponym
equaliser,equalise
equality,equal
equalizer,equalize
equatorial,equator
equipage,equip
equipment,equip
equipping,equip
equivocalness,equivocal
eraser,erase
erecting,erect
erection,erect
erectness,erect
ergonomics,ergonomic
ergotic,ergot
Eritrean,Eritrea
errancy,err
errant,err
erroneousness,erroneous
error,err
eructation,eruct
eruditeness,erudite
eruption,erupt
eruptive,erupt
erythematous,erythema
escalader,escalade
escapee,escape
essayer,essay
essayist,essay
essentiality,essential
essentialness,essential
establishment,establish
esterify,ester
Estonian,Estonia
estrangement,estrange
estrogenic,estrogen
etcher,etch
etching,etch
ethereal,ether
etherify,ether
etherize,ether
Ethiopian,Ethiopia
ethnicity,ethnic
Eucharistic,Eucharist
eudaemonic,eudaemon
eudemonic,eudemon
eugenics,eugenic
Eurasian,Eurasia
Eurasiatic,Eurasia
European,Europe
evanescence,evanesce
evanescent,evanesce
evangelical,evangel
evangelistic,evangelist
evasiveness,evasive
evenness,even
eventuate,event
everlastingness,everlasting
everting,evert
everydayness,everyday
eviction,evict
evilness,evil
evolutionary,evolution
exaction,exact
exactness,exact
exaltation,exalt
examinee,examine
examiner,examine
exceedance,exceed
excellence,excel
excellent,excel
exception,except
exceptional,exception
excessiveness,excessive
exchanger,exchange
excitableness,excitable
excitement,excite
exclaiming,exclaim
exclusiveness,exclusive
excursionist,excursion
excuser,excuse
executioner,execution
exemplary,exemplar
exemption,exempt
exerciser,exercise
exertion,exert
exhaustion,exhaust
exhibition,exhibit
exhibitionistic,exhibitionist
exhibitor,exhibit
exhortation,exhort
exhortatory,exhort
existence,exist
existent,exist
exodontics,exodontic
exogenic,exogen
exorciser,exorcise
exothermic,exotherm
exoticness,exotic
expandible,expand
expansiveness,expansive
expectancy,expect
expectant,expect
expectation,expect
expectedness,expected
expeditionary,expedition
expeditiousness,expeditious
expelling,expel
expender,expend
expending,expend
expenditure,expend
expensiveness,expensive
experimentation,experiment
experimenter,experiment
expertise,expert
expertness,expert
explicitness,explicit
exploitation,exploit
exploitative,exploit
exploitatory,exploit
exploiter,exploit
exploitive,exploit
explorer,explore
exponential,exponent
exportation,export
exporter,export
exporting,export
exposition,exposit
expounding,expound
expressage,express
expressible,express
expression,express
expressive,express
expressiveness,expressive
exquisiteness,exquisite
extendible,extend
extensional,extension
extensiveness,extensive
externality,external
extinguisher,extinguish
extinguishing,extinguish
extoller,extol
extolment,extol
extortion,extort
extortionist,extortion
extractible,extract
extraction,extract
extractor,extract
extraneousness,extraneous
exultant,exult
exultation,exult
eyelessness,eyeless
eyelet,eye
facetiousness,facetious
factoring,factor
factorisation,factor
factorization,factor
factorize,factor
factuality,factual
factualness,factual
faddist,fad
faddy,fad
failing,fail
failure,fail
faintheartedness,fainthearted
faintness,faint
fair-mindedness,fair-minded
fairness,fair
faithfulness,faithful
faithlessness,faithless
faker,fake
fakery,fake
falconer,falcon
falconry,falcon
fallaciousness,fallacious
faller,fall
falseness,false
falsifying,falsify
Falstaffian,Falstaff
faltering,falter
familiarity,familiar
fanatical,fanatic
fandom,fan
farawayness,far
farmer,farm
farmerette,farmer
farming,farm
farness,far
farrowing,farrow
farsightedness,farsighted
farting,fart
fashioning,fashion
fastener,fasten
fastening,fasten
fastidiousness,fastidious
fasting,fast
fastness,fast
fatality,fatal
fatherly,father
fatness,fat
fatty,fat
fatuousness,fatuous
faulty,fault
Faustian,Faust
favorableness,favorable
favorite(a),favorite
favourableness,favourable
favourite(a),favourite
fawner,fawn
fearfulness,fearful
fearlessness,fearless
feasibleness,feasible
feasting,feast
feathering,feather
feathery,feather
fecklessness,feckless
fecundity,fecund
feeblemindedness,feebleminded
feebleness,feeble
feeder,feed
feeding,feed
feeler,feel
feeling,feel
feelings,feel
feigning,feign
felicitousness,felicitous
feller,fell
fellowship,fellow
femaleness,female
feminineness,feminine
fencer,fence
fender,fend
ferial,feria
fermentation,ferment
fermenting,ferment
ferny,fern
ferociousness,ferocious
ferrying,ferry
fertilizer,fertilize
fervidness,fervid
festering,fester
festoonery,festoon
fetidness,fetid
fetishist,fetish
fetishize,fetish
feudalism,feudal
feverishness,feverish
feverous,fever
fewness,few
fibber,fib
fibbing,fib
fiberoptics,fiberoptic
fibreoptics,fibreoptic
fibrinous,fibrin
fickleness,fickle
fictional,fiction
fictionalize,fiction
fiddler,fiddle
fidgety,fidget
fiefdom,fief
fielder,field
fielding,field
fierceness,fierce
fighter,fight
fighting,fight
figurer,figure
Fijian,Fiji
filamentous,filament
filarial,filaria
filer,file
filibusterer,filibuster
filler,fill
filling,fill
filming,film
filmy,film
filthy,filth
finagler,finagle
finality,final
finder,find
finding,find
fineness,fine
finger-painting,finger-paint
fingering,finger
fingerprinting,fingerprint
fingerspelling,fingerspell
finisher,finish
finishing,finish
finiteness,finite
firmamental,firmament
firmness,firm
fiscal,fisc
fisher,fish
fishery,fish
fishing,fish
fishy,fish
fistular,fistula
fitfulness,fitful
fitness,fit
fitter,fit
fitting,fit
fittingness,fitting
fixedness,fixed
fixer,fix
fixing,fix
fixture,fix
fizzy,fizz
flabby,flab
flaccidity,flaccid
flakey,flake
flanker,flank
flapping,flap
flasher,flash
flashing,flash
flashy,flash
flatlet,flat
flatness,flat
flatterer,flatter
flattery,flatter
flaunty,flaunt
flavorer,flavor
flavoring,flavor
flavorlessness,flavorless
flavorous,flavor
flavourer,flavour
flavouring,flavour
flavourlessness,flavourless
flavourous,flavour
flawlessness,flawless
fledgeling(a),fledgeling
fledgling(a),fledgling
fleer,flee
fleetingness,fleeting
fleetness,fleet
fleshy,flesh
flexible,flex
flexibleness,flexible
flexure,flex
flinty,flint
flipper,flip
flirtation,flirt
flirtatious,flirt
flirting,flirt
floatation,float
floater,float
floating,float
floaty,float
flogging,flog
flooding,flood
floppy,flop
floral,flora
floridness,florid
flossy,floss
floury,flour
flouter,flout
flowage,flow
flowering,flower
flowery,flower
flowing,flow
fluffy,fluff
fluidity,fluid
fluidness,fluid
flukey,fluke
fluorescence,fluoresce
fluorescent,fluoresce
fluttering,flutter
fluxion,flux
flyer,fly
flying,fly
foamy,foam
focusing,focus
focussing,focus
foggy,fog
foiling,foil
folder,fold
folding,fold
folksy,folks
follower,follow
following,follow
fomentation,foment
fomenter,foment
fondness,fond
foolery,fool
foolishness,foolish
footballer,football
footer,foot
footslogger,footslog
foppishness,foppish
forbearance,forbear
forbiddance,forbid
forbidding,forbid
forcefulness,forceful
fording,ford
forecaster,forecast
forecasting,forecast
foreignness,foreign
foremanship,foreman
foreshadowing,foreshadow
foresightedness,foresighted
foresightfulness,foresightful
forestalling,forestall
forestry,forest
foretelling,foretell
forewarning,forewarn
forfeiture,forfeit
forger,forge
forgery,forge
forgetfulness,forgetful
forgiver,forgive
forgivingness,forgiving
forking,fork
formality,formal
formalness,formal
formation,form
formative,form
formatting,format
Formosan,Formosa
formularize,formula
formulary,formula
formulate,formula
forswearing,forswear
forthcomingness,forthcoming
forthrightness,forthright
fortify,fort
fortnightly,fortnight
fortuitousness,fortuitous
forwarding,forward
forwardness,forward
fossilist,fossil
fossilize,fossil
fosterage,foster
fostering,foster
foulness,foul
foundation,found
founder,found
foundering,founder
founding,found
fowler,fowl
foxy,fox
fractional,fraction
fractionate,fraction
fractiousness,fractious
fragmental,fragment
fragmentary,fragment
fragmentation,fragment
fragmentize,fragment
frailness,frail
framer,frame
frangibleness,frangible
frankness,frank
freakishness,freakish
freeholder,freehold
freeing,free
freelancer,freelance
freeloader,freeload
freewheeler,freewheel
freezer,freeze
freightage,freight
freighter,freight
Frenchify,French
frequenter,frequent
freshener,freshen
freshness,fresh
fretfulness,fretful
Freudian,Freud
frictional,friction
friendlessness,friendless
friendly,friend
friendship,friend
frightening,frighten
frightfulness,frightful
frigidity,frigid
frigidness,frigid
frilly,frill
Frisian,Frisia
frisking,frisk
frivolousness,frivolous
frizzy,frizz
frolicsomeness,frolicsome
frontage,front
frontal,front
Frostian,Frost
frosting,frost
frosty,frost
frothy,froth
frugality,frugal
frugalness,frugal
fruitage,fruit
fruiterer,fruit
fruitfulness,fruitful
fruition,fruit
fruitlessness,fruitless
fruitlet,fruit
fruity,fruit
frumpy,frump
fryer,fry
frying,fry
fucker,fuck
fucking,fuck
fueling,fuel
fugaciousness,fugacious
fuggy,fug
fulfillment,fulfill
fulfilment,fulfil
fuller,full
fullness,full
fulsomeness,fulsome
fumbler,fumble
functionality,functional
functionary,function
functioning,function
funding,fund
funky,funk
funny,fun
furiousness,furious
furnishing,furnish
furry,fur
furtherance,further
furtiveness,furtive
fussy,fuss
fuzzy,fuzz
gabby,gab
gadgeteer,gadget
Gaelic,Gael
gagster,gag
gainer,gain
galvaniser,galvanise
galvanizer,galvanize
Gambian,Gambia
gambler,gamble
gameness,game
gamey,game
Gandhian,Gandhi
gangdom,gang
gangster,gang
gaoler,gaol
gardener,garden
gardening,garden
garishness,garish
garlicky,garlic
garnishment,garnish
garroter,garrote
garrotter,garrotte
garrulousness,garrulous
gaseous,gas
gaseousness,gaseous
gasify,gas
gassing,gas
gassy,gas
gatherer,gather
gathering,gather
gaucheness,gauche
gaudy,gaud
gauntness,gaunt
Gaussian,Gauss
gawky,gawk
gayness,gay
geezerhood,geezer
gelatinize,gelatin
gelatinous,gelatin
gelatinousness,gelatinous
gelding,geld
gelidity,gelid
generality,general
generalship,general
generational,generation
generousness,generous
genetic,gene
genetical,gene
genetics,genetic
geniality,genial
genteelness,genteel
gentlemanly,gentleman
gentleness,gentle
genuflection,genuflect
genuineness,genuine
Georgian,Georgia
geriatrics,geriatric
Germanic,German
germinal,germ
germinate,germ
germy,germ
gerundial,gerund
gestational,gestation
getting,get
Ghanaian,Ghana
ghettoize,ghetto
ghostly,ghost
ghostwriter,ghostwrite
gibberish,gibber
gibbousness,gibbous
Gibraltarian,Gibraltar
giggler,giggle
Gilbertian,Gilbert
gilder,gild
gilding,gild
gingival,gingiva
girlhood,girl
girlishness,girlish
givenness,given
giver,give
glabellar,glabella
gladiatorial,gladiator
gladness,glad
gladsomeness,gladsome
glamorize,glamor
glamorous,glamor
glamourise,glamour
glamourous,glamour
glandular,gland
glassy,glass
gleaming,gleam
gleaner,glean
gleefulness,gleeful
glial,glia
glibness,glib
glider,glide
glimmery,glimmer
glittery,glitter
gloating,gloat
globularness,globular
gloomy,gloom
gluey,glue
glueyness,gluey
glumness,glum
glutinousness,glutinous
gluttonize,glutton
gluttonous,glutton
glycerolize,glycerol
glycogenic,glycogen
gnarly,gnarl
gnawer,gnaw
goading,goad
gobbler,gobble
godlessness,godless
goer,go
Goethean,Goethe
going,go
goldbricking,goldbrick
golfer,golf
golfing,golf
gonadal,gonad
good-humoredness,good-humored
good-humouredness,good-humoured
good-naturedness,good-natured
good-temperedness,good-tempered
goodness,good
gooey,goo
goofy,goof
goosey,goose
gorger,gorge
gossiper,gossip
gossiping,gossip
gossipy,gossip
gouger,gouge
gourmandize,gourmand
gourmandizer,gourmandize
gouty,gout
governance,govern
governing,govern
government,govern
governor,govern
governorship,governor
gracefulness,graceful
gracelessness,graceless
graciousness,gracious
gradational,gradation
grader,grade
graduality,gradual
gradualness,gradual
grafting,graft
graining,grain
grainy,grain
grandness,grand
grandstander,grandstand
grantee,grant
granter,grant
grantor,grant
granularity,granular
granulomatous,granuloma
grapey,grape
graphical,graph
grappler,grapple
grasping,grasp
grassy,grass
gratefulness,grateful
grater,grate
gravelly,gravel
graveness,grave
gravidity,gravid
gravidness,gravid
gravitational,gravitation
grayness,gray
greatness,great
greedy,greed
green-blindness,green-blind
greenery,green
greening,green
greenishness,greenish
greenness,green
greeter,greet
greeting,greet
gregariousness,gregarious
greyness,grey
griever,grieve
grilling,grill
grimness,grim
grinder,grind
grinding,grind
grinner,grin
grinning,grin
gritty,grit
groaner,groan
grooming,groom
groover,groove
grossness,gross
grotesqueness,grotesque
grouchy,grouch
grounder,ground
grounding,ground
grouping,group
groveler,grovel
groveller,grovel
grower,grow
growing,grow
growler,growl
growling,growl
growth,grow
grubby,grub
gruesomeness,gruesome
gruffness,gruff
grumbler,grumble
grumpy,grump
grunter,grunt
guardianship,guardian
Guatemalan,Guatemala
guesser,guess
guessing,guess
guiltlessness,guiltless
guilty,guilt
Guinean,Guinea
guitarist,guitar
gulper,gulp
gulping,gulp
gumming,gum
gummy,gum
gunner,gun
gusher,gush
gushy,gush
gusty,gust
gutlessness,gutless
gutsy,guts
gutter,gut
gymnastics,gymnastic
gymnospermous,gymnosperm
gynandromorphous,gynandromorph
habitableness,habitable
habitual,habit
habituate,habit
hacker,hack
haggler,haggle
hairlessness,hairless
hairy,hair
Haitian,Haiti
haleness,hale
hallucinogenic,hallucinogen
hammering,hammer
hamming,ham
hammy,ham
handedness,handed
Handelian,Handel
handicapper,handicap
handler,handle
handsomeness,handsome
hanger,hang
hanging,hang
hankering,hanker
Hanoverian,Hanover
haphazardness,haphazard
happening,happen
haranguer,harangue
harasser,harass
harassment,harass
harborage,harbor
harbourage,harbour
hardening,harden
hardheartedness,hardhearted
hardness,hard
harmfulness,harmful
harmoniousness,harmonious
harmoniser,harmonise
harmonizer,harmonize
harper,harp
harpist,harp
harpooneer,harpoon
harpooner,harpoon
harpsichordist,harpsichord
harshness,harsh
harvester,harvest
harvesting,harvest
hatchery,hatch
hatching,hatch
hatefulness,hateful
hater,hate
hatter,hat
haulage,haul
hauler,haul
hauling,haul
Hawaiian,Hawaii
hawker,hawk
hawking,hawk
hawkishness,hawkish
hazardous,hazard
hazardousness,hazardous
header,head
heading,head
headliner,headline
headmastership,headmaster
headmistressship,headmistress
headship,head
heady,head
healer,heal
healing,heal
healthfulness,healthful
healthy,health
hearable,hear
hearer,hear
hearing,hear
heartlessness,heartless
heartsickness,heartsick
hearty,heart
heatable,heat
heater,heat
heating,heat
heaver,heave
heavyheartedness,heavyhearted
hebdomadal,hebdomad
hebdomadary,hebdomad
heckler,heckle
hedger,hedge
heedfulness,heedful
heedlessness,heedless
hefty,heft
Hegelian,Hegel
heinousness,heinous
helper,help
helpfulness,helpful
helping,help
helplessness,helpless
hemstitching,hemstitch
herbal,herb
herder,herd
hermitic,hermit
hermitical,hermit
heroical,hero
Hertzian,Hertz
hesitater,hesitate
heterogeneousness,heterogeneous
heterosexuality,heterosexual
hewer,hew
hexagonal,hexagon
hideousness,hideous
hieroglyphical,hieroglyph
high-handedness,high-handed
high-mindedness,high-minded
high-spiritedness,high-spirited
highjacker,highjack
highjacking,highjack
highland(a),highland
highlighter,highlight
highlighting,highlight
highness,high
hijacker,hijack
hijacking,hijack
hiker,hike
hilly,hill
hirer,hire
hirsuteness,hirsute
Hispaniolan,Hispaniola
hisser,hiss
hissing,hiss
historicalness,historical
histrionics,histrionic
hitchhiker,hitchhike
Hitlerian,Hitler
hitter,hit
hitting,hit
hoarder,hoard
hoarseness,hoarse
hoaxer,hoax
hobbler,hobble
hobbyist,hobby
hoggishness,hoggish
hoister,hoist
holder,hold
holding,hold
holey,hole
Hollander,Holland
hollering,holler
hollowness,hollow
homelessness,homeless
homely,home
homeothermic,homeotherm
Homeric,Homer
homesickness,homesick
homespun(p),homespun
homesteader,homestead
homey,home
homoeroticism,homoerotic
homogeneousness,homogeneous
homoiothermic,homoiotherm
homosexuality,homosexual
homothermic,homotherm
honestness,honest
honeymooner,honeymoon
honker,honk
honorable,honor
honorableness,honorable
honorary,honor
honoree,honor
honoring,honor
honourableness,honourable
hoofer,hoof
hooker,hook
hooking,hook
hooter,hoot
hopefulness,hopeful
hopelessness,hopeless
hoper,hope
hopper,hop
horizontality,horizontal
horny,horn
horridness,horrid
horsemanship,horseman
horsewhipping,horsewhip
hospitableness,hospitable
hospitalize,hospital
hotness,hot
hourly,hour
housecleaning,houseclean
householder,household
housekeeper,housekeep
housekeeping,housekeep
housewifely,housewife
howler,howl
howling,howl
huddler,huddle
huffing,huff
huffishness,huffish
huffy,huff
hugger,hug
hugging,hug
hulky,hulk
humaneness,humane
humanitarianism,humanitarian
humanity,human
humanness,human
humbleness,humble
humidity,humid
humidness,humid
hummer,hum
humming,hum
humoral,humor
humoring,humor
humorist,humor
humorous,humor
humorousness,humorous
humourist,humour
humourous,humour
hunter,hunt
hunting,hunt
hurdler,hurdle
hurler,hurl
hurriedness,hurried
hurrying,hurry
hurting,hurt
husbandly,husband
husking,husk
hustler,hustle
Huxleyan,Huxley
hyaloplasmic,hyaloplasm
hybridize,hybrid
hydraulics,hydraulic
hydrodynamics,hydrodynamic
hydroelectricity,hydroelectric
hydrogenate,hydrogen
hydrokinetics,hydrokinetic
hydrophobicity,hydrophobic
hydroponics,hydroponic
hydrostatics,hydrostatic
hymenal,hymen
hyperboloidal,hyperboloid
hyphenate,hyphen
hypnotiser,hypnotise
hypnotizer,hypnotize
hypochondriacal,hypochondria
hypotonicity,hypotonic
Iberian,Iberia
Ibsenian,Ibsen
Icelander,Iceland
ichorous,ichor
iconic,icon
ideal,idea
idealise,ideal
ideality,ideal
idealize,ideal
ideate,idea
ideational,ideation
identicalness,identical
idiomatic,idiom
idiomatical,idiom
idiotic,idiot
idleness,idle
idler,idle
idolise,idol
idolize,idol
idolizer,idolize
idyllic,idyll
igniter,ignite
ignobleness,ignoble
ignominiousness,ignominious
ignorantness,ignorant
ill-treatment,ill-treat
illegality,illegal
illiberality,illiberal
illicitness,illicit
illness,ill
illogicality,illogical
illogicalness,illogical
illusional,illusion
illusionary,illusion
illusionist,illusion
illustriousness,illustrious
imagery,image
imaginativeness,imaginative
imbiber,imbibe
immaculateness,immaculate
immateriality,immaterial
immatureness,immature
immediateness,immediate
immenseness,immense
immoderateness,immoderate
immorality,immoral
immortality,immortal
immovableness,immovable
immunogenicity,immunogenic
immurement,immure
immutableness,immutable
impaction,impact
impairer,impair
impairment,impair
impalement,impale
impartation,impart
impartiality,impartial
imparting,impart
impassiveness,impassive
impeachment,impeach
impecuniousness,impecunious
impellent,impel
impeller,impel
impendence,impend
impendency,impend
impenetrableness,impenetrable
imperativeness,imperative
imperfectness,imperfect
imperiousness,imperious
impermeableness,impermeable
imperturbableness,imperturbable
imperviousness,impervious
impetuousness,impetuous
impingement,impinge
impiousness,impious
impishness,impish
implantation,implant
implausibleness,implausible
implemental,implement
implementation,implement
implicational,implication
implicitness,implicit
impoliteness,impolite
importation,import
importee,import
importer,import
importing,import
impossibleness,impossible
impounding,impound
impoundment,impound
impoverishment,impoverish
impracticableness,impracticable
impracticality,impractical
impreciseness,imprecise
impressible,impress
impression,impress
impressionistic,impression
impressive,impress
impressiveness,impressive
impressment,impress
imprinting,imprint
imprisonment,imprison
improbableness,improbable
improperness,improper
improvement,improve
improver,improve
impulsiveness,impulsive
impureness,impure
inactiveness,inactive
inadequateness,inadequate
inanimateness,inanimate
inappositeness,inapposite
inappropriateness,inappropriate
inaptness,inapt
inattentiveness,inattentive
inaudibleness,inaudible
inauspiciousness,inauspicious
incandescence,incandesce
incapableness,incapable
incasement,incase
incautiousness,incautious
incessantness,incessant
incestuous,incest
incisiveness,incisive
incitement,incite
inciter,incite
inclementness,inclement
incommodiousness,incommodious
incompleteness,incomplete
inconceivableness,inconceivable
inconclusiveness,inconclusive
incongruousness,incongruous
inconsiderateness,inconsiderate
inconspicuousness,inconspicuous
incontrovertibleness,incontrovertible
incorporeality,incorporeal
incorrectness,incorrect
incorruptness,incorrupt
incredibleness,incredible
incremental,increment
incrustation,incrust
inculpableness,inculpable
incurableness,incurable
incurrence,incur
incurring,incur
incursion,incur
indecisiveness,indecisive
indecorousness,indecorous
indefatigableness,indefatigable
indefiniteness,indefinite
indentation,indent
indenture,indent
indeterminateness,indeterminate
indexation,index
indexer,index
indexical,index
indexing,index
Indian,India
indictment,indict
indigenousness,indigenous
indigestibleness,indigestible
indirectness,indirect
indiscreetness,indiscreet
indispensableness,indispensable
indistinctness,indistinct
individuality,individual
individualize,individual
Indonesian,Indonesia
indorsement,indorse
indorser,indorse
inducement,induce
inducer,induce
inductee,induct
induction,induct
indulgence,indulge
industriousness,industrious
indweller,indwell
ineffectiveness,ineffective
ineffectuality,ineffectual
ineffectualness,ineffectual
inefficaciousness,inefficacious
inelasticity,inelastic
ineptness,inept
inertness,inert
inessentiality,inessential
inevitableness,inevitable
inexactness,inexact
inexorableness,inexorable
inexpensiveness,inexpensive
inexplicitness,inexplicit
infection,infect
infective,infect
inference,infer
inferiority,inferior
infestation,infest
infielder,infield
infiniteness,infinite
infirmity,infirm
inflater,inflate
inflationary,inflation
inflection,inflect
inflectional,inflection
inflexibleness,inflexible
infliction,inflict
informality,informal
informant,inform
information,inform
informative,inform
informatory,inform
informer,inform
informing,inform
infraction,infract
infringement,infringe
ingeniousness,ingenious
ingenuousness,ingenuous
ingestion,ingest
inhabitancy,inhabit
inhabitant,inhabit
inhabitation,inhabit
inharmoniousness,inharmonious
inherence,inhere
inherent,inhere
inheritance,inherit
inheritor,inherit
inhibition,inhibit
inhibitor,inhibit
inhibitory,inhibit
inhospitableness,inhospitable
inhumaneness,inhumane
inhumanity,inhuman
injectable,inject
injectant,inject
injection,inject
injector,inject
injudiciousness,injudicious
injuriousness,injurious
inky,ink
innateness,innate
innovational,innovation
innovativeness,innovative
innumerableness,innumerable
inopportuneness,inopportune
inordinateness,inordinate
inquirer,inquire
inquisitiveness,inquisitive
inquisitorial,inquisitor
insalubriousness,insalubrious
insaneness,insane
insectan,insect
insecureness,insecure
insensitiveness,insensitive
insertion,insert
insidiousness,insidious
insightfulness,insightful
insipidity,insipid
insipidness,insipid
insistence,insist
insisting,insist
inspection,inspect
inspector,inspect
inspectorship,inspector
inspirational,inspiration
inspirer,inspire
installation,install
installing,instal
installment,install
instalment,instal
instantaneous,instant
instantaneousness,instantaneous
instillation,instill
instillator,instill
instilling,instill
instillment,instill
instilment,instil
institutional,institution
institutionalise,institution
institutionalize,institution
instruction,instruct
instructional,instruction
instructive,instruct
instructor,instruct
instructorship,instructor
instrumental,instrument
instrumentalist,instrument
instrumentality,instrumental
instrumentate,instrument
instrumentation,instrument
insubstantiality,insubstantial
insularity,insular
insurer,insure
insurrectional,insurrection
insurrectionary,insurrection
insurrectionist,insurrection
intactness,intact
intangibleness,intangible
integrality,integral
integumental,integument
integumentary,integument
intellectual,intellect
intemperateness,intemperate
intensional,intension
intensiveness,intensive
intentional,intention
intentionality,intentional
intentness,intent
interaction,interact
interactional,interaction
interactive,interact
interbreeding,interbreed
interception,intercept
interceptor,intercept
interchangeableness,interchangeable
interconnectedness,interconnected
interconnection,interconnect
interdependence,interdepend
interdependency,interdepend
interdependent,interdepend
interdiction,interdict
interestedness,interested
interestingness,interesting
interference,interfere
interiorize,interior
interjection,interject
interlocking,interlock
interloper,interlope
interment,inter
intermixture,intermix
internationality,international
internee,intern
internist,intern
internment,intern
internship,intern
interpretation,interpret
interpretative,interpret
interpreter,interpret
interpreting,interpret
interpretive,interpret
interrelatedness,interrelated
interrelationship,interrelation
interrupter,interrupt
interruption,interrupt
intersectant,intersect
intersection,intersect
interviewee,interview
interviewer,interview
intimal,intima
intractableness,intractable
intransitiveness,intransitive
intrepidity,intrepid
introjection,introject
introspection,introspect
introspective,introspect
introspectiveness,introspective
introvertive,introvert
intruder,intrude
intrusiveness,intrusive
intuition,intuit
intuitive,intuit
intumescence,intumesce
intumescency,intumesce
intussusception,intussuscept
inunction,inunct
invader,invade
invalidity,invalid
invalidness,invalid
invaluableness,invaluable
invariableness,invariable
invention,invent
inventive,invent
inventiveness,inventive
inventor,invent
inventorying,inventory
inverter,invert
investing,invest
investiture,invest
investment,invest
investor,invest
invisibleness,invisible
invitational,invitation
invitee,invite
involvement,involve
inwardness,inward
ionate,ion
ionic,ion
ionise,ion
ionize,ion
Iranian,Iran
Irelander,Ireland
iridescence,iridesce
iridescent,iridesce
ironing,iron
irrationality,irrational
irregularity,irregular
irreligionist,irreligion
irreligiousness,irreligious
irreplaceableness,irreplaceable
irresistibleness,irresistible
irresoluteness,irresolute
irresponsibleness,irresponsible
irruption,irrupt
Islamic,Islam
Islamist,Islam
islander,island
islet,isle
isogonic,isogon
isomeric,isomer
isothermal,isotherm
issuer,issue
italicise,italic
italicize,italic
itching,itch
itchy,itch
itemise,item
itemize,item
jabberer,jabber
jabbering,jabber
jabbing,jab
Jacksonian,Jackson
Jacobinic,Jacobin
Jacobinical,Jacobin
jaggedness,jagged
jaggy,jag
jailer,jail
jailor,jail
Jamaican,Jamaica
jamming,jam
Javan,Java
jaywalker,jaywalk
jazzy,jazz
jeerer,jeer
jeering,jeer
Jeffersonian,Jefferson
jejuneness,jejune
jerker,jerk
jerking,jerk
jerky,jerk
jester,jest
Jesuitic,Jesuit
Jesuitical,Jesuit
jeweler,jewel
jeweller,jewel
jewellery,jewel
jewelry,jewel
jittery,jitter
jocoseness,jocose
jocularity,jocular
jocundity,jocund
jogger,jog
jogging,jog
joiner,join
joining,join
jointer,joint
jointure,join
joker,joke
jokester,joke
jolty,jolt
Jordanian,Jordan
jotter,jot
jotting,jot
journeyer,journey
journeying,journey
joviality,jovial
jowly,jowl
joyfulness,joyful
joylessness,joyless
joyous,joy
joyousness,joyous
judgeship,judge
judgmental,judgment
judiciousness,judicious
juggler,juggle
jugglery,juggle
jumentous,jument
jumping,jump
jumpy,jump
Jungian,Jung
junketing,junket
jurisdictional,jurisdiction
justness,just
jutting,jut
Kampuchean,Kampuchea
Kantian,Kant
Kechuan,Kechua
keenness,keen
keeper,keep
keeping,keep
Kenyan,Kenya
Keynesian,Keynes
kibitzer,kibitz
kicker,kick
kicking,kick
kidnaper,kidnap
kidnapper,kidnap
kidnapping,kidnap
killable,kill
killer,kill
killing,kill
kin(p),kin
kindheartedness,kindhearted
kindness,kind
kingdom,king
kingly,king
kingship,king
kinky,kink
kinship,kin
kisser,kiss
kissing,kiss
kneeler,kneel
kneeling,kneel
knightly,knight
knitter,knit
knitting,knit
knobby,knob
knocker,knock
knocking,knock
knotty,knot
knowable,know
knower,know
knowing,know
knowingness,knowing
knowledgeableness,knowledgeable
kooky,kook
Koranic,Koran
Korean,Korea
laborer,labor
laborious,labor
laboriousness,laborious
labourer,labour
labyrinthian,labyrinth
lacer,lace
ladylikeness,ladylike
laggard,lag
lagger,lag
lagging,lag
Lamarckian,Lamarck
lameness,lame
lamentable,lament
lamentation,lament
lamenter,lament
laminal,lamina
laminar,lamina
laminate,lamina
lampooner,lampoon
lander,land
landing,land
landlubberly,landlubber
languisher,languish
languorous,languor
Lapplander,Lappland
Laputan,Laputa
largeness,large
larval,larva
lasciviousness,lascivious
lastingness,lasting
lateness,late
lathery,lather
Latinist,Latin
Latvian,Latvia
laudable,laud
laudatory,laud
lauder,laud
laughable,laugh
laugher,laugh
launcher,launch
lavishness,lavish
lawfulness,lawful
lawlessness,lawless
lawyer,law
laxity,lax
laxness,lax
layer,lay
leader,lead
leadership,leader
leafage,leaf
leaflet,leaf
leafy,leaf
leakage,leak
leaker,leak
leaky,leak
leaner,lean
leanness,lean
leaper,leap
learnedness,learned
learner,learn
leathery,leather
leaver,leave
lecherous,lecher
lecherousness,lecherous
lecturer,lecture
lectureship,lecture
leery,leer
left-handedness,left-handed
legality,legal
legateship,legate
legendary,legend
leggy,leg
legislatorship,legislator
Leibnitzian,Leibnitz
Leibnizian,Leibniz
leisurely,leisure
lemony,lemon
lendable,lend
lender,lend
lengthy,length
lethality,lethal
letter,let
letterer,letter
leveler,level
leveller,level
leverage,lever
lewdness,lewd
lexicostatistics,lexicostatistic
libeler,libel
libellous,libel
libelous,libel
liberality,liberal
liberalness,liberal
Liberian,Liberia
librarianship,librarian
Libyan,Libya
licensee,license
licenser,license
licentiousness,licentious
licitness,licit
Liechtensteiner,Liechtenstein
lienal,lien
lifelessness,lifeless
lifer,life
lifter,lift
light-mindedness,light-minded
lighter,light
lighterage,lighter
lightheadedness,lightheaded
lightheartedness,lighthearted
lightlessness,lightless
lightness,light
lightsomeness,lightsome
likeable,like
likeness,like
Lilliputian,Lilliput
limitation,limit
limiter,limit
limitlessness,limitless
limner,limn
limper,limp
limpidity,limpid
limpness,limp
Lincolnian,Lincoln
lineal,line
linearity,linear
lineation,line
liner,line
lingerer,linger
lingual,lingua
linguistic,linguist
linguistics,linguist
linkage,link
lionize,lion
lipreading,lipread
liquidity,liquid
liquidizer,liquidize
liquidness,liquid
lisper,lisp
lissomeness,lissome
listener,listen
listening,listen
lister,list
listing,list
listlessness,listless
literalness,literal
litheness,lithe
lithographer,lithograph
Lithuanian,Lithuania
litigiousness,litigious
litterer,litter
littleness,little
liveable,live
liveness,live
liver,live
livery,liver
lividity,livid
lividness,livid
loader,load
loading,load
loafer,loaf
loamy,loam
loather,loathe
loathsomeness,loathsome
lobbyist,lobby
lobularity,lobular
locality,local
locater,locate
lockage,lock
locker,lock
lodgement,lodge
lodger,lodge
logarithmic,logarithm
logger,log
logging,log
logicality,logical
logicalness,logical
logician,logic
logistics,logistic
logogrammatic,logogram
logrolling,logroll
loiterer,loiter
Londoner,London
long-windedness,long-winded
longer,long
longing,long
longness,long
longsightedness,longsighted
looker,look
loony,loon
loopy,loop
looseness,loose
loosening,loosen
looter,loot
looting,loot
lopper,lop
lopsidedness,lopsided
loquaciousness,loquacious
lordship,lord
Lordship,Lord
loser,lose
lossy,loss
loudness,loud
lounger,lounge
loveable,love
lover,love
lovesickness,lovesick
lovingness,loving
low-spiritedness,low-spirited
lowering,lower
lowness,low
lubberly,lubber
lucidity,lucid
lucky,luck
luggage,lug
lugubriousness,lugubrious
lukewarmness,lukewarm
luminescence,luminesce
luminescent,luminesce
luminousness,luminous
lumper,lump
lumpy,lump
luncher,lunch
lunching,lunch
lunger,lunge
luridness,lurid
lurker,lurk
lushness,lush
Lusitanian,Lusitania
lusterlessness,lusterless
lustfulness,lustful
lustrelessness,lustreless
lusty,lust
lutenist,lute
Luxembourger,Luxembourg
Luxembourgian,Luxembourg
Luxemburger,Luxemburg
luxuriousness,luxurious
lymphatic,lymph
lynching,lynch
lyricality,lyrical
lyricist,lyric
lysogenicity,lysogenic
macadamize,macadam
Macedonian,Macedonia
Machiavellian,Machiavelli
machinery,machine
macrobiotics,macrobiotic
macrocosmic,macrocosm
macroeconomics,macroeconomic
maculate,macula
madness,mad
madrigalist,madrigal
maggoty,maggot
magical,magic
magician,magic
magnanimousness,magnanimous
magnetic,magnet
magnetise,magnet
magnetize,magnet
Mahdism,Mahdi
Mahdist,Mahdi
maidenhood,maiden
maidenly,maiden
maidhood,maid
mailer,mail
mailing,mail
maimer,maim
Mainer,Maine
maintainable,maintain
maintainer,maintain
majority,major
maker,make
maladroitness,maladroit
malarial,malaria
Malawian,Malawi
Malaysian,Malaysia
malediction,maledict
maleness,male
Malian,Mali
maliciousness,malicious
maligner,malign
malignity,malign
malignment,malign
malingerer,malinger
malingering,malinger
malnourishment,malnourish
malodorousness,malodorous
Malthusian,Malthus
maltreater,maltreat
maltreatment,maltreat
maltster,malt
mammary,mamma
manageable,manage
manageableness,manageable
management,manage
manager,manage
managerial,manager
managership,manager
Manchurian,Manchuria
maneuverable,maneuver
maneuverer,maneuver
manfulness,manful
mangey,mange
mangler,mangle
maniac(p),maniac
maniacal,maniac
manifestation,manifest
manly,man
mannerly,manner
manorial,manor
manufacturer,manufacture
manumitter,manumit
mapper,map
mapping,map
marathoner,marathon
marauder,maraud
marbleize,marble
marcher,march
marching,march
marginal,margin
marginality,marginal
marker,mark
marketable,market
marketer,market
marketing,market
marking,mark
Markovian,Markov
marksmanship,marksman
marly,marl
marshalship,marshal
marshy,marsh
martyrdom,martyr
martyrize,martyr
marveller,marvel
marvellous,marvel
marvelous,marvel
masher,mash
masker,mask
masking,mask
masonic,mason
Masonic,Mason
masquerader,masquerade
massager,massage
massiveness,massive
mastering,master
masterly,master
mastership,master
mastery,master
matcher,match
materiality,material
matey,mate
matronly,matron
matting,mat
maturational,maturation
maturement,mature
matureness,mature
mauler,maul
Mauritanian,Mauritania
mawkishness,mawkish
maxillary,maxilla
mayoral,mayor
meagerness,meager
meagreness,meagre
mealy,meal
mean(a),mean
meaning,mean
meaningfulness,meaningful
meaninglessness,meaningless
meanness,mean
measurement,measure
measurer,measure
meaty,meat
medalist,medal
medallist,medal
meddler,meddle
meddlesomeness,meddlesome
median(a),median
mediateness,mediate
meditativeness,meditative
medullary,medulla
meekness,meek
meeter,meet
meeting,meet
megalithic,megalith
megaloblastic,megaloblast
megalomaniacal,megalomania
mellowing,mellow
mellowness,mellow
melodiousness,melodious
melodramatic,melodrama
meltable,melt
melter,melt
melting,melt
membership,member
memorialize,memorial
memoriser,memorise
memorizer,memorize
Mendelian,Mendel
mender,mend
mending,mend
mentality,mental
mentioner,mention
mercenary(a),mercenary
merchandiser,merchandise
mercifulness,merciful
mercilessness,merciless
meretriciousness,meretricious
merger,merge
meritable,merit
meritorious,merit
meritoriousness,meritorious
meshing,mesh
Mesoamerican,Mesoamerica
mesoblastic,mesoblast
mesodermal,mesoderm
mesomorphic,mesomorph
mesonic,meson
messiahship,messiah
messy,mess
metallic,metal
metaphoric,metaphor
metaphorical,metaphor
meteoric,meteor
methodical,method
methodicalness,methodical
meticulousness,meticulous
metonymic,metonym
metonymical,metonym
mettlesomeness,mettlesome
miasmal,miasma
micaceous,mica
microelectronics,microelectronic
midweekly,midweek
mighty,might
migrational,migration
mildness,mild
miler,mile
milky,milk
milling,mill
mimer,mime
mimicker,mimic
mincer,mince
mindfulness,mindful
mindlessness,mindless
miner,mine
ministerial,minister
minority,minor
mintage,mint
minter,mint
minuteness,minute
mirthfulness,mirthful
misalignment,misalign
misbeliever,misbelieve
mischievousness,mischievous
misdirection,misdirect
miserableness,miserable
miserly,miser
misgovernment,misgovern
misinformation,misinform
misinterpretation,misinterpret
misleader,mislead
mismanagement,mismanage
misogynistic,misogynist
misplacement,misplace
misreading,misread
misrepresentation,misrepresent
misshapenness,misshapen
missioner,mission
misspelling,misspell
misstatement,misstate
mistreatment,mistreat
misty,mist
misunderstanding,misunderstand
mixable,mix
mixer,mix
mixing,mix
mixture,mix
moaner,moan
mobster,mob
mocker,mock
mockery,mock
modality,modal
modeler,model
modeling,model
modeller,model
modelling,model
moderateness,moderate
moderationist,moderation
moderatorship,moderator
modernity,modern
modernness,modern
modestness,modest
modishness,modish
moistener,moisten
moistening,moisten
moistness,moist
molality,molal
molarity,molar
moldable,mold
molding,mold
Moldovan,Moldova
moldy,mold
molestation,molest
mollycoddler,mollycoddle
molter,molt
molting,molt
momentaneous,moment
momentary,moment
momentous,moment
momentousness,momentous
monarchal,monarch
monarchic,monarch
monarchical,monarch
moneyer,money
moneymaking(a),moneymaking
Mongolian,Mongolia
mongrelize,mongrel
monitoring,monitor
monocotyledonous,monocotyledon
monogamousness,monogamous
monomaniacal,monomania
monopoliser,monopolise
monopolizer,monopolize
monthly,month
Montserratian,Montserrat
monumental,monument
moocher,mooch
moody,mood
moonlighter,moonlight
moonshiner,moonshine
moorage,moor
mooring,moor
mopper,mop
mopping,mop
morality,moral
morbidity,morbid
morbidness,morbid
moronic,moron
moroseness,morose
mortality,mortal
mortgagee,mortgage
mortgager,mortgage
mossy,moss
motherhood,mother
motherly,mother
mothy,moth
motional,motion
motionlessness,motionless
motivational,motivation
motive(a),motive
motoring,motor
motorist,motor
motorize,motor
moulding,mould
mouldy,mould
moulter,moult
moulting,moult
mountaineer,mountain
mountaineering,mountaineer
mountainous,mountain
mounter,mount
mounting,mount
mourner,mourn
mournfulness,mournful
mourning,mourn
mousey,mouse
movableness,movable
moveable,move
movement,move
mover,move
mower,mow
Mozartean,Mozart
Mozartian,Mozart
mucinous,mucin
muckraker,muckrake
mucky,muck
mucosal,mucosa
muddy,mud
muffler,muffle
muggee,mug
mugger,mug
mugging,mug
muleteer,mule
mulishness,mulish
muller,mull
multifariousness,multifarious
multitudinousness,multitudinous
mumbler,mumble
muncher,munch
mundaneness,mundane
municipality,municipal
muralist,mural
murderer,murder
murderous,murder
murderousness,murderous
murky,murk
murmuration,murmur
murmurer,murmur
murmuring,murmur
murmurous,murmur
muscularity,muscular
muser,muse
musher,mush
mushy,mush
musical,music
musicality,musical
musicalness,musical
musician,music
musicianship,musician
musketeer,musket
musky,musk
mussy,muss
musty,must
mutableness,mutable
mutational,mutation
muteness,mute
mutterer,mutter
muttering,mutter
mutuality,mutual
mutualness,mutual
muzzler,muzzle
Mycenaean,Mycenae
myelinic,myelin
mystical,mystic
mysticism,mystic
mythic,myth
mythical,myth
mythologize,myth
nacreous,nacre
nagger,nag
nailer,nail
naiveness,naive
nakedness,naked
namelessness,nameless
namer,name
Namibian,Namibia
Napoleonic,Napoleon
nappy,nap
narrow-mindedness,narrow-minded
narrowing,narrow
narrowness,narrow
nasality,nasal
nationality,national
nativeness,native
naturalness,natural
Nauruan,Nauru
nauseate,nausea
nauseatingness,nauseating
navigational,navigation
Neanderthalian,Neanderthal
nearness,near
nearsightedness,nearsighted
neatness,neat
nebular,nebula
necker,neck
necking,neck
nectarous,nectar
needy,need
nefariousness,nefarious
negativeness,negative
neglecter,neglect
neglectfulness,neglectful
neighborhood,neighbor
neighborly,neighbor
neighbourhood,neighbour
neighbourly,neighbour
nervelessness,nerveless
nervousness,nervous
nester,nest
netting,net
neuroglial,neuroglia
neurolinguistics,neurolinguist
neuromatous,neuroma
neuronal,neuron
neuronic,neuron
neutering,neuter
neutrality,neutral
newness,new
newsy,news
Newtonian,Newton
nibbler,nibble
Nicaean,Nicaea
Nicaraguan,Nicaragua
niceness,nice
niffy,niff
Nigerian,Niger
niggardly,niggard
niggler,niggle
nightly,night
nimbleness,nimble
nipper,nip
nippy,nip
nitpicker,nitpick
nitrogenize,nitrogen
nitrogenous,nitrogen
noble-mindedness,noble-minded
noiselessness,noiseless
noisomeness,noisome
nonsensicality,nonsensical
normaliser,normalise
normality,normal
normalizer,normalize
northeasterly,northeaster
northerly,norther
northernness,northern
northwesterly,northwester
nosey,nose
nosher,nosh
noticeable,notice
noticeableness,noticeable
noticer,notice
notional,notion
nourishment,nourish
novelette,novel
novelist,novel
noxiousness,noxious
nubby,nub
nudeness,nude
nudger,nudge
nullity,null
numbering,number
numbness,numb
numerousness,numerous
Numidian,Numidia
nurser,nurse
nursery,nurse
nutritional,nutrition
nutritionary,nutrition
nutritionist,nutrition
nutritiousness,nutritious
nutritiveness,nutritive
nutty,nut
nymphomaniacal,nymphomania
oarsmanship,oarsman
objectify,object
objection,object
objectionableness,objectionable
objectiveness,objective
objector,object
oblateness,oblate
obliger,oblige
obligingness,obliging
obliqueness,oblique
obliviousness,oblivious
oblongness,oblong
obnoxiousness,obnoxious
obscureness,obscure
obsequiousness,obsequious
observer,observe
obsession,obsess
obsessional,obsession
obsessive,obsess
obsessiveness,obsessive
obsolescence,obsolesce
obsolescent,obsolesce
obsoleteness,obsolete
obstetrics,obstetric
obstreperousness,obstreperous
obstructer,obstruct
obstruction,obstruct
obstructive,obstruct
obstructor,obstruct
obtainable,obtain
obtainment,obtain
obtrusiveness,obtrusive
obtuseness,obtuse
obviousness,obvious
oceanic,ocean
oddity,odd
oddness,odd
odiousness,odious
odorize,odor
odorous,odor
odourise,odour
offender,offend
offensiveness,offensive
offerer,offer
offering,offer
offeror,offer
officialdom,official
officiousness,officious
ogler,ogle
ohmic,ohm
oiler,oil
oily,oil
old-fashionedness,old-fashioned
oldness,old
oleaginousness,oleaginous
oligarchic,oligarch
omnibus(a),omnibus
onerousness,onerous
onomastics,onomastic
opalescence,opalesce
opalescent,opalesce
opalize,opal
opaqueness,opaque
opener,open
openhandedness,openhanded
opening,open
openness,open
operatic,opera
operoseness,operose
opportuneness,opportune
opposer,oppose
oppositeness,opposite
oppression,oppress
oppressive,oppress
oppressiveness,oppressive
oppressor,oppress
optative,opt
option,opt
orangeness,orange
oratorical,orator
orbital,orbit
orbiter,orbit
orchestral,orchestra
orchestrate,orchestra
ordainer,ordain
orderer,order
ordering,order
orderly,order
organic,organ
organismal,organism
organismic,organism
organist,organ
organizer,organize
originality,original
originate,origin
ornamental,ornament
ornamentation,ornament
ornateness,ornate
orphanage,orphan
orthodontics,orthodontic
orthogonality,orthogonal
orthoptics,orthoptic
Orwellian,Orwell
ostentatiousness,ostentatious
otherness,other
ouster,oust
ousting,oust
outback(a),outback
outcropping,outcrop
outdoorsy,outdoors
outfielder,outfield
outfitter,outfit
outfitting,outfit
outlandishness,outlandish
outlaw(a),outlaw
outlawry,outlaw
outrageous,outrage
outrageousness,outrageous
outspokenness,outspoken
outwardness,outward
overachievement,overachieve
overacting,overact
overbearingness,overbearing
overcasting,overcast
overcomer,overcome
overeating,overeat
overexertion,overexert
overexploitation,overexploit
overfeeding,overfeed
overheating,overheat
overindulgence,overindulge
overlapping,overlap
overlayer,overlay
overlordship,overlord
overmuchness,overmuch
overpayment,overpay
overprotection,overprotect
overreaction,overreact
overrefinement,overrefine
overseer,oversee
oversensitiveness,oversensitive
overstatement,overstate
overworking,overwork
owlet,owl
owner,own
ownership,owner
oxidiser,oxidise
oxidizer,oxidize
oxygenate,oxygen
oxygenize,oxygen
pacer,pace
pachydermal,pachyderm
pachydermatous,pachyderm
pachydermic,pachyderm
pachydermous,pachyderm
pacifist(a),pacifist
package,pack
packer,pack
packing,pack
padding,pad
paddler,paddle
paederastic,paederast
paediatrics,paediatric
paganize,pagan
pager,page
painfulness,painful
painstakingness,painstaking
painter,paint
painterly,painter
painting,paint
pairing,pair
palatableness,palatable
paleness,pale
pallidness,pallid
palmar,palm
palpebrate,palpebra
paltering,palter
pamperer,pamper
pampering,pamper
pampering(a),pampering
pamphleteer,pamphlet
Panamanian,Panama
panderer,pander
panegyrical,panegyric
paneling,panel
panelist,panel
panelling,panel
panellist,panel
panhandler,panhandle
panicky,panic
panting,pant
pantomimer,pantomime
paperer,paper
papering,paper
papery,paper
papillary,papilla
papistic,papist
papistical,papist
Papuan,Papua
paraboloidal,paraboloid
parachuter,parachute
parader,parade
paradigmatic,paradigm
paradoxical,paradox
paragrapher,paragraph
Paraguayan,Paraguay
paramagnetic,paramagnet
paramedical,paramedic
parceling,parcel
parcellation,parcel
parcelling,parcel
pardoner,pardon
parentage,parent
parental,parent
parenthood,parent
parer,pare
pargeting,parget
pargetry,parget
pargetting,parget
Parisian,Paris
parking,park
parliamentary,parliament
parolee,parole
paroxysmal,paroxysm
parsimoniousness,parsimonious
partaker,partake
Parthian,Parthia
partial,part
partiality,partial
partialness,partial
parting,part
partisanship,partisan
partitioning,partition
partitionist,partition
partitive,part
partnership,partner
passage,pass
passer,pass
passing,pass
passionateness,passionate
passiveness,passive
paster,paste
Pasteurian,Pasteur
pastness,past
pastoral,pastor
pastorship,pastor
patching,patch
patchy,patch
patellar,patella
patentee,patent
pathogenic,pathogen
patinate,patina
patness,pat
patriarchal,patriarch
patristics,patristic
patroller,patrol
patronise,patron
patronize,patron
patronymic,patronym
paunchy,paunch
pauperize,pauper
pavement,pave
Pavlovian,Pavlov
pawer,paw
payee,pay
payer,pay
payment,pay
peaceableness,peaceable
peacefulness,peaceful
peachy,peach
peaky,peak
pealing,peal
pearler,pearl
pearly,pearl
peasanthood,peasant
peaty,peat
pecker,peck
peculiarity,peculiar
pedaler,pedal
pedaller,pedal
pedantic,pedant
peddler,peddle
pederastic,pederast
pediatrics,pediatric
peeing,pee
peeler,peel
peeling,peel
peeper,peep
peevishness,peevish
pelecypodous,pelecypod
pellucidity,pellucid
pellucidness,pellucid
pelter,pelt
pelting,pelt
peninsular,peninsula
penmanship,penman
pennilessness,penniless
penning,pen
pensionary,pension
pensioner,pension
pensiveness,pensive
penuriousness,penurious
peppery,pepper
peppy,pep
perceiver,perceive
perceptiveness,perceptive
percher,perch
percussion,percuss
percussionist,percussion
percussive,percuss
percussor,percuss
perfecter,perfect
perfectible,perfect
perfection,perfect
perfectionist,perfection
perfidiousness,perfidious
performance,perform
performer,perform
performing,perform
perfumery,perfume
perilous,peril
perilousness,perilous
periodical,period
periodicity,periodic
periodontics,periodontic
perishableness,perishable
perjurer,perjure
permeableness,permeable
permissiveness,permissive
permutableness,permutable
perniciousness,pernicious
perpendicularity,perpendicular
Persian,Persia
persistence,persist
persistency,persist
persistent,persist
personableness,personable
personality,personal
personhood,person
personify,person
perspicaciousness,perspicacious
perspicuousness,perspicuous
persuader,persuade
persuasiveness,persuasive
pertness,pert
perturbation,perturb
Peruvian,Peru
pervasiveness,pervasive
perverseness,perverse
perviousness,pervious
pesterer,pester
petalous,petal
petiteness,petite
petitionary,petition
petitioner,petition
petter,pet
pettifogger,pettifog
pettifoggery,pettifog
petting,pet
pettishness,pettish
phantasmal,phantasma
pharmaceutics,pharmaceutic
philanderer,philander
philosophiser,philosophise
philosophizer,philosophize
phlegmatic,phlegm
phlegmatical,phlegm
phlegmy,phlegm
phoner,phone
phonetic,phone
phonetics,phonetic
phonogramic,phonogram
phosphorescence,phosphoresce
phosphorescent,phosphoresce
photographer,photograph
photographic,photograph
photography,photograph
physicality,physical
physicalness,physical
Piagetian,Piaget
picker,pick
picking,pick
pickings,pick
picnicker,picnic
pictographic,pictograph
picturesqueness,picturesque
piezoelectricity,piezoelectric
piggishness,piggish
piggy,pig
pigheadedness,pigheaded
piglet,pig
pigmentation,pigment
pilferage,pilfer
pilferer,pilfer
pillager,pillage
pilotage,pilot
piloting,pilot
pinkify,pink
piousness,pious
piper,pipe
pisser,piss
pissing,piss
pistoleer,pistol
pitcher,pitch
pitching,pitch
pitchy,pitch
pithy,pith
pitilessness,pitiless
pitting,pit
pivotal,pivot
place-kicker,place-kick
place-kicking,place-kick
placement,place
placental,placenta
placidity,placid
placidness,placid
plagiariser,plagiarise
plagiarizer,plagiarize
plaguey,plague
plainness,plain
plaintiveness,plaintive
plaiter,plait
planeness,plane
planer,plane
planetal,planet
planetary,planet
planking,plank
planktonic,plankton
planner,plan
planning,plan
plantal,plant
planter,plant
planting,plant
plantlet,plant
plasterer,plaster
plastering,plaster
plasticiser,plasticise
plasticity,plastic
plasticizer,plasticize
plater,plate
Platonic,Plato
plausibleness,plausible
playacting,playact
playactor,playact
player,play
playfulness,playful
playing,play
playlet,play
pleader,plead
pleading,plead
pleasantness,pleasant
pleaser,please
pleating,pleat
plebeian,pleb
pledger,pledge
plenteousness,plenteous
plentifulness,plentiful
pleural,pleura
pleurocarpous,pleurocarp
pliantness,pliant
plodder,plod
plodding,plod
plotter,plot
ploughing,plough
plower,plow
plowing,plow
plucky,pluck
plugger,plug
plumbing,plumb
plumpness,plump
plunderage,plunder
plunderer,plunder
plundering,plunder
plunger,plunge
plurality,plural
plushy,plush
plutonic,pluton
plyer,ply
poacher,poach
poaching,poach
poetic,poet
poetise,poet
poetiser,poetise
poetize,poet
poetizer,poetize
poikilothermic,poikilotherm
poikilothermous,poikilotherm
pointedness,pointed
pointer,point
pointlessness,pointless
poisoner,poison
poisoning,poison
poisonous,poison
poker,poke
pokey,poke
polarity,polar
polemical,polemic
polemicise,polemic
polemicize,polemic
polisher,polish
polishing,polish
politeness,polite
pollard,poll
pollster,poll
polluter,pollute
polymeric,polymer
polymerize,polymer
polymorphic,polymorph
polytonality,polytonal
pompous,pomp
pompousness,pompous
ponderer,ponder
ponderousness,ponderous
poorness,poor
popper,pop
popping,pop
populariser,popularise
popularity,popular
popularizer,popularize
porousness,porous
portage,port
portentous,portent
porter,port
porterage,porter
portrayal,portray
portrayer,portray
portraying,portray
poser,pose
position,posit
positioner,position
positioning,position
positiveness,positive
possession,possess
possessive,possess
possessiveness,possessive
possessor,possess
possibleness,possible
postage,post
postal,post
poster,post
posteriority,posterior
posting,post
postponement,postpone
postponer,postpone
potentiality,potential
potterer,potter
poundage,pound
pounder,pound
pounding,pound
pouter,pout
powderer,powder
powderize,powder
powdery,powder
powerfulness,powerful
powerlessness,powerless
practicableness,practicable
practicality,practical
praetorial,praetor
praetorian,praetor
praetorship,praetor
Prakritic,Prakrit
prancer,prance
prankishness,prankish
prankster,prank
prater,prate
prattler,prattle
prayer,pray
preacher,preach
preaching,preach
preachment,preach
prearrangement,prearrange
precariousness,precarious
precautionary,precaution
precedence,precede
precedency,precede
precedent,precede
precentorship,precentor
preceptorship,preceptor
preciousness,precious
precipitateness,precipitate
precipitousness,precipitous
preciseness,precise
precociousness,precocious
predestinationist,predestination
prediction,predict
predictive,predict
predictor,predict
preemption,preempt
preemptive,preempt
preemptor,preempt
preexistence,preexist
preexistent,preexist
preference,prefer
preferment,prefer
prefixation,prefix
preformation,preform
prejudgement,prejudge
prematureness,premature
premier(a),premier
premiership,premier
preparedness,prepared
prepayment,prepay
prepossession,prepossess
present(a),present
presentation,present
presenter,present
presentment,present
preserver,preserve
president,preside
presidential,president
presidentship,president
pressing,press
pressure,press
prestigiousness,prestigious
presumptuousness,presumptuous
pretender,pretend
pretending,pretend
pretentiousness,pretentious
pretorian,pretor
preventative,prevent
prevention,prevent
preventive,prevent
pricelessness,priceless
pricey,price
pricker,prick
pricking,prick
pridefulness,prideful
priesthood,priest
priestly,priest
priggishness,priggish
primateship,primate
primer,prime
primitiveness,primitive
primness,prim
primping,primp
princedom,prince
princely,prince
principalship,principal
printer,print
printing,print
priorship,prior
prismatic,prism
privateness,private
prizefighter,prizefight
probationary,probation
problematic,problem
problematical,problem
proceeding,proceed
proceedings,proceed
processing,process
processor,process
proconsular,proconsul
proconsulship,proconsul
proctorship,proctor
procurement,procure
procurer,procure
prodding,prod
prodigality,prodigal
producer,produce
productiveness,productive
profaneness,profane
professing,profess
profession,profess
professorial,professor
professorship,professor
profitableness,profitable
profiteer,profit
profoundness,profound
profuseness,profuse
programing,program
programmer,program
progression,progress
progressiveness,progressive
prohibition,prohibit
prohibitionist,prohibition
projection,project
projector,project
prolixity,prolix
prolixness,prolix
prolongation,prolong
promiscuousness,promiscuous
promisee,promise
promiser,promise
promoter,promote
prompter,prompt
prompting,prompt
promptness,prompt
proneness,prone
prongy,prong
pronouncement,pronounce
proofreader,proofread
propaedeutics,propaedeutic
propellant,propel
propellent,propel
propeller,propel
propellor,propel
properness,proper
prophetic,prophet
prophetical,prophet
propitiousness,propitious
proportionality,proportional
proportionateness,proportionate
proposer,propose
proprietorship,proprietor
prosaicness,prosaic
prospector,prospect
prosthetics,prosthetic
prosthodontics,prosthodontic
protection,protect
protective,protect
protectiveness,protective
protector,protect
protectorship,protector
proteinaceous,protein
protestant,protest
protestation,protest
protester,protest
protraction,protract
Proustian,Proust
proverbial,proverb
provident,provide
provider,provide
provisionary,provision
provisioner,provision
provoker,provoke
prowler,prowl
prudishness,prudish
pruner,prune
Prussian,Prussia
prying,pry
psalmist,psalm
pseudonymous,pseudonym
psycholinguistics,psycholinguist
psychosexuality,psychosexual
publiciser,publicise
publicity,public
publicizer,publicize
publisher,publish
publishing,publish
puckishness,puckish
puddler,puddle
puerperal,puerpera
puffer,puff
puffing,puff
puffy,puff
puller,pull
pulling,pull
pulpy,pulp
puncher,punch
punctiliousness,punctilious
punctuality,punctual
punishment,punish
punning,pun
punster,pun
punter,punt
punting,punt
pupal,pupa
pupate,pupa
pupillary,pupil
puppeteer,puppet
purchaser,purchase
pureness,pure
puritanic,puritan
puritanical,puritan
purpleness,purple
purposefulness,purposeful
purposelessness,purposeless
pursuer,pursue
purveyance,purvey
purveyor,purvey
pusher,push
pushing,push
pushy,push
pusillanimousness,pusillanimous
putridity,putrid
putridness,putrid
putter,putt
putterer,putter
putting,putt
puzzlement,puzzle
puzzler,puzzle
pyramidal,pyramid
pyramidical,pyramid
pyroelectricity,pyroelectric
pyrogenous,pyrogen
quackery,quack
quadrupedal,quadruped
quaffer,quaff
quaggy,quag
quaintness,quaint
quaker,quake
qualifying,qualify
quarreler,quarrel
quarreller,quarrel
quarrelsomeness,quarrelsome
quarrying,quarry
quartering,quarter
quarterly,quarter
quarters,quarter
Quechuan,Quechua
queenly,queen
queerness,queer
quelling,quell
quenching,quench
querulousness,querulous
quester,quest
questioner,question
questioning,question
quibbler,quibble
quick-wittedness,quick-witted
quickener,quicken
quickening,quicken
quickness,quick
quiescent,quiesce
quietness,quiet
quilting,quilt
quirky,quirk
quitter,quit
quivering,quiver
quizzer,quiz
quoter,quote
rabbinic,rabbi
rabbinical,rabbi
Rabelaisian,Rabelais
rabidity,rabid
rabidness,rabid
racer,race
racketeer,racket
racketeering,racketeer
rackety,racket
radiochemistry,radiochemist
rafter,raft
raggedness,ragged
raider,raid
railing,rail
railroading,railroad
rainy,rain
raiser,raise
rakishness,rakish
rallying,rally
rambler,ramble
rammer,ram
rampage,ramp
rampageous,rampage
rampant,ramp
rampant(ip),ramp
rancher,ranch
ranching,ranch
rancidity,rancid
rancidness,rancid
rancorous,rancor
randomness,random
ranker,rank
ranking,rank
rankness,rank
ransacking,ransack
ranter,rant
ranting,rant
rapaciousness,rapacious
raper,rape
rapidity,rapid
rapidness,rapid
raptorial,raptor
rareness,rare
rascally,rascal
rashness,rash
rasping,rasp
raspy,rasp
Rastafarian,Rasta
rasterize,raster
rationality,rational
rationalness,rational
rationing,ration
ratter,rat
ratting,rat
rattler,rattle
ratty,rat
raunchy,raunch
raveling,ravel
ravelling,ravel
ravenousness,ravenous
raver,rave
ravisher,ravish
ravishment,ravish
rawness,raw
razzing,razz
re-afforestation,re-afforest
reaching,reach
reactant,react
reaction,react
reactionary,reaction
reactive,react
reader,read
readership,reader
reading,read
readjustment,readjust
readying,ready
reaffirmation,reaffirm
realistic,realist
reality,real
reallotment,reallot
realness,real
reamer,ream
reaper,reap
reappearance,reappear
reapportionment,reapportion
rear(a),rear
rearing,rear
rearmament,rearm
rearrangement,rearrange
rearward(a),rearward
reasonableness,reasonable
reasoner,reason
reasoning,reason
reassertion,reassert
reassessment,reassess
reassignment,reassign
rebellion,rebel
rebelliousness,rebellious
rebuilding,rebuild
rebuker,rebuke
rebuttal,rebut
rebutter,rebut
recantation,recant
receiver,receive
receivership,receiver
recentness,recent
receptionist,reception
receptiveness,receptive
recessional,recession
reciprocality,reciprocal
recitalist,recital
recklessness,reckless
reckoner,reckon
reckoning,reckon
recliner,recline
reclusiveness,reclusive
recollection,recollect
recollective,recollect
recommencement,recommence
recommendation,recommend
reconciler,reconcile
reconditeness,recondite
reconnoitering,reconnoiter
reconsideration,reconsider
reconstruction,reconstruct
reconstructive,reconstruct
recorder,record
recording,record
recounting,recount
recoverer,recover
recovery,recover
recreational,recreation
recrudescence,recrudesce
recruiter,recruit
recruitment,recruit
rectangularity,rectangular
recumbent,recumb
recurrence,recur
recurrent,recur
red-blindness,red-blind
redaction,redact
redactor,redact
redeemer,redeem
redemptional,redemption
redeployment,redeploy
redeposition,redeposit
redevelopment,redevelop
rediscovery,rediscover
redness,red
reducer,reduce
reedy,reed
reefy,reef
reelection,reelect
reeler,reel
reenactment,reenact
reenactor,reenact
reenforcement,reenforce
referee,refer
refereeing,referee
reference,refer
referral,refer
refilling,refill
refinement,refine
refiner,refine
refinery,refine
refinisher,refinish
reflective,reflect
reflector,reflect
reflex(a),reflex
reflexiveness,reflexive
refocusing,refocus
reforestation,reforest
reformation,reform
reformative,reform
reformatory,reform
reformer,reform
reformist,reform
refraction,refract
refractive,refract
refractiveness,refractive
refresher,refresh
refreshment,refresh
refueling,refuel
refurbishment,refurbish
refuter,refute
regaining,regain
regent(ip),regent
regimental,regiment
regimentation,regiment
regression,regress
regressive,regress
regularity,regular
reimbursement,reimburse
reinforcement,reinforce
reinforcer,reinforce
reinstatement,reinstate
reinterpretation,reinterpret
rejection,reject
rejective,reject
relatedness,related
relationship,relation
relaxant,relax
relaxation,relax
relaxer,relax
relentlessness,relentless
reliableness,reliable
reliever,relieve
religionist,religion
religiousness,religious
relinquishing,relinquish
relinquishment,relinquish
remainder,remain
remembering,remember
reminder,remind
reminiscence,reminisce
reminiscent,reminisce
remissness,remiss
remitment,remit
remittal,remit
remittance,remit
remittent,remit
remoteness,remote
remover,remove
rendering,render
renewal,renew
renouncement,renounce
rental,rent
renter,rent
renting,rent
reordering,reorder
reorientation,reorient
repairer,repair
repayment,repay
repeater,repeat
repeating,repeat
repellant,repel
repellent,repel
repentance,repent
repentant,repent
repercussion,repercuss
repetitiousness,repetitious
repetitiveness,repetitive
replacement,replace
replenishment,replenish
replicate,replica
reportage,report
reporter,report
reporting,report
repositing,reposit
reposition,reposit
repositioning,reposition
repossession,repossess
representation,represent
representative,represent
repression,repress
repressive,repress
reprinting,reprint
reproacher,reproach
reprover,reprove
republishing,republish
repugnance,repugn
repulsiveness,repulsive
requirement,require
requisiteness,requisite
rescuer,rescue
researcher,research
resection,resect
resentment,resent
resettlement,resettle
reshipment,reship
residence,reside
residency,reside
resident,reside
resignation,resign
resinate,resin
resinous,resin
resiny,resin
resistance,resist
resistant,resist
resister,resist
resistive,resist
resoluteness,resolute
resolvent,resolve
resourcefulness,resourceful
respecter,respect
respectfulness,respectful
resplendence,resplend
resplendency,resplend
resplendent,resplend
respondent,respond
responder,respond
responsibleness,responsible
responsiveness,responsive
restatement,restate
rester,rest
restfulness,restful
restiveness,restive
restlessness,restless
restorer,restore
restrainer,restrain
restraint,restrain
restriction,restrict
restrictive,restrict
restrictiveness,restrictive
resultant,result
resurgence,resurge
resurgent,resurge
resurrection,resurrect
retailer,retail
retailing,retail
retardation,retard
retentiveness,retentive
retinal,retina
retiree,retire
retirement,retire
retraction,retract
retractor,retract
retraining,retrain
retrenchment,retrench
retriever,retrieve
retroflexion,retroflex
retrogression,retrogress
retrogressive,retrogress
retrospection,retrospect
retrospective,retrospect
revealing,reveal
reveller,revel
revelry,revel
reverence,revere
reverent,revere
reversionary,reversion
reverting,revert
revetment,revet
reviewer,review
revilement,revile
reviser,revise
revolutionary,revolution
revolutionise,revolution
revolutionist,revolution
revolutionize,revolution
rewording,reword
rewriter,rewrite
rhetorical,rhetoric
rhetorician,rhetoric
rheumy,rheum
Rhodesian,Rhodesia
rhomboidal,rhomboid
rhymer,rhyme
rhymester,rhyme
rhythmic,rhythm
rhythmical,rhythm
rhythmicity,rhythmic
ribbing,rib
ribbony,ribbon
ricer,rice
richness,rich
rickettsial,rickettsia
riddance,rid
rider,ride
ridiculer,ridicule
ridiculousness,ridiculous
Riemannian,Riemann
rigger,rig
rigging,rig
right-handedness,right-handed
righteousness,righteous
rightness,right
rigidifying,rigidify
rigidity,rigid
rigidness,rigid
rigorous,rigor
rigorousness,rigorous
ringer,ring
ringing,ring
rioter,riot
rioting,riot
riotous,riot
ripeness,ripe
ripening,ripen
riser,rise
risklessness,riskless
risky,risk
ritualize,ritual
ritzy,ritz
rivalrous,rival
rivalry,rival
riveter,rivet
rivetter,rivet
roamer,roam
roarer,roar
roaring,roar
roaster,roast
roasting,roast
robber,rob
robbery,rob
robustness,robust
rocker,rock
rocketry,rocket
rocky,rock
roguishness,roguish
roisterer,roister
roleplaying,roleplay
roller,roll
rolling,roll
Romanian,Romania
Romanic,Roman
romanticism,romantic
romper,romp
roofer,roof
roofing,roof
roomer,room
roomette,room
roomy,room
Rooseveltian,Roosevelt
rootage,root
rooting,root
rootlet,root
roper,rope
ropey,rope
rottenness,rotten
rotting,rot
rotundity,rotund
rotundness,rotund
roughness,rough
Roumanian,Roumania
roundedness,rounded
rounder,round
roundness,round
rouser,rouse
Rousseauan,Rousseau
rower,row
rowing,row
rubberize,rubber
rubbery,rubber
rubbing,rub
rubbishy,rubbish
rubricate,rubric
rudeness,rude
rudimentary,rudiment
ruefulness,rueful
ruffianly,ruffian
ruggedness,rugged
ruination,ruin
ruiner,ruin
ruining,ruin
ruinous,ruin
ruler,rule
rulership,ruler
Rumanian,Rumania
runner,run
running,run
runny,run
runty,runt
rurality,rural
Ruritanian,Ruritania
rusher,rush
rushing,rush
rushy,rush
Russian,Russia
rusticate,rustic
rusticity,rustic
rustler,rustle
rusty,rust
ruthfulness,ruthful
ruthlessness,ruthless
rutty,rut
Sabahan,Sabah
sacerdotalism,sacerdotal
sacking,sack
sacramental,sacrament
sacredness,sacred
sacrificer,sacrifice
sacrilegiousness,sacrilegious
saddlery,saddle
sadness,sad
safeness,safe
sagaciousness,sagacious
sailing,sail
sailor,sail
sainthood,saint
saintly,saint
salableness,salable
salaciousness,salacious
salesmanship,salesman
salivary,saliva
salivate,saliva
sallowness,sallow
salter,salt
salting,salt
salty,salt
salubriousness,salubrious
saluter,salute
salvager,salvage
sameness,same
Samoan,Samoa
sampler,sample
sanctimoniousness,sanctimonious
sanctionative,sanction
sandbagger,sandbag
sandblaster,sandblast
sander,sand
sandpapery,sandpaper
sandy,sand
saneness,sane
sanguineness,sanguine
sanguineous,sanguine
sapidness,sapid
sapper,sap
sappy,sap
Sarawakian,Sarawak
sarcolemmal,sarcolemma
Sardinian,Sardinia
sartorial,sartor
sassing,sass
sassy,sass
Satanic,Satan
satiny,satin
satyric,satyr
satyrical,satyr
saunterer,saunter
sauteing,saute
savageness,savage
savagery,savage
saver,save
savoring,savor
savorlessness,savorless
savouring,savour
savourlessness,savourless
savoury,savour
sawyer,saw
saying,say
scabby,scab
scaffolding,scaffold
scaley,scale
scalper,scalp
scammer,scam
scandalise,scandal
scandalize,scandal
scandalous,scandal
scandalousness,scandalous
Scandinavian,Scandinavia
scanner,scan
scanning,scan
scansion,scan
scapular,scapula
scarceness,scarce
scarer,scare
scarey,scare
scarify,scar
scattering,scatter
scavenger,scavenge
sceptical,sceptic
scheduler,schedule
schematic,schema
schematize,schema
schemer,scheme
schismatic,schism
schismatical,schism
schmoozer,schmooze
scholarly,scholar
scholarship,scholar
schooling,school
sciatica,sciatic
scintillate,scintilla
scoffer,scoff
scoffing,scoff
scolder,scold
scolding,scold
scooter,scoot
scorer,score
scorner,scorn
scotomatous,scotoma
scoundrelly,scoundrel
scourer,scour
scourger,scourge
scouring,scour
scouter,scout
scouting,scout
scraggy,scrag
scrambler,scramble
scraper,scrape
scrapper,scrap
scrappy,scrap
scratcher,scratch
scratchy,scratch
scrawler,scrawl
screamer,scream
screaming,scream
screecher,screech
screeching,screech
screechy,screech
screener,screen
screening,screen
screwing,screw
scribbler,scribble
scriber,scribe
scrimshanker,scrimshank
scriptural,script
scrounger,scrounge
scrubber,scrub
scrubbing,scrub
scrubby,scrub
scrupulousness,scrupulous
scrutiniser,scrutinise
scrutinizer,scrutinize
scudding,scud
scuffer,scuff
sculler,scull
sculling,scull
sculptor,sculpt
sculpture,sculpt
sculpturer,sculpture
scummy,scum
scurfy,scurf
Scythian,Scythia
sealant,seal
sealer,seal
sealing,seal
seamanly,seaman
seamanship,seaman
seamster,seam
seamy,seam
searcher,search
seasickness,seasick
seasonableness,seasonable
seasoner,season
seasoning,season
seating,seat
seconder,second
secondment,second
secretaryship,secretary
secretiveness,secretive
sectarian,sect
sectorial,sector
secureness,secure
securer,secure
sedateness,sedate
sedimentary,sediment
sedimentation,sediment
seducer,seduce
sedulousness,sedulous
seeder,seed
seedy,seed
seeing,see
seeking,seek
seepage,seep
seer,see
segmentation,segment
segregationist,segregation
seismal,seism
seismic,seism
seizer,seize
selection,select
selective,select
selector,select
self-awareness,self-aware
self-centeredness,self-centered
self-consciousness,self-conscious
self-destruction,self-destruct
selfishness,selfish
selflessness,selfless
seller,sell
selling,sell
semantics,semantic
semiconsciousness,semiconscious
semidarkness,semidark
semifinalist,semifinal
semiotics,semiotic
senatorial,senator
senatorship,senator
sendee,send
sender,send
sending,send
Senecan,Seneca
senescent,senesce
seniority,senior
senselessness,senseless
sensibleness,sensible
sensitiser,sensitise
sensitiveness,sensitive
sensitizer,sensitize
sensuality,sensual
sensualness,sensual
sensuousness,sensuous
sentimental,sentiment
sentimentality,sentimental
separateness,separate
sequencer,sequence
seraphic,seraph
seraphical,seraph
Serbian,Serbia
sereness,sere
serfdom,serf
serfhood,serf
serious-mindedness,serious-minded
seriousness,serious
sermonise,sermon
sermoniser,sermonise
sermonize,sermon
sermonizer,sermonize
server,serve
serviceableness,serviceable
setaceous,seta
setting,set
settlement,settle
settler,settle
severance,sever
severeness,severe
severing,sever
sewer,sew
sewing,sew
sexlessness,sexless
sexual,sex
sexuality,sexual
sexy,sex
shadowboxing,shadowbox
shadower,shadow
shadowing,shadow
shadowy,shadow
shaggy,shag
shaker,shake
Shakespearean,Shakespeare
shallowness,shallow
shamanize,shaman
shamefacedness,shamefaced
shamefulness,shameful
shamelessness,shameless
shammer,sham
shanghaier,shanghai
shapelessness,shapeless
shapely,shape
shaper,shape
sharer,share
sharp-sightedness,sharp-sighted
sharpener,sharpen
sharpness,sharp
sharpshooter,sharpshoot
shattering,shatter
shaver,shave
shearer,shear
shearing,shear
shears,shear
shedding,shed
sheeny,sheen
sheepishness,sheepish
sheeting,sheet
sheikdom,sheik
shelfy,shelf
sheller,shell
shelling,shell
shelver,shelve
shielder,shield
shielding,shield
shifter,shift
shifting,shift
shiftlessness,shiftless
shifty,shift
shimmery,shimmer
shiner,shine
shingler,shingle
shipment,ship
shipper,ship
shipping,ship
shirker,shirk
shirking,shirk
shirring,shirr
shitter,shit
shitting,shit
shitty,shit
Shivaist,Shiva
shivering,shiver
shivery,shiver
shoaly,shoal
shocker,shock
shooter,shoot
shooting,shoot
shoplifter,shoplift
shoplifting,shoplift
shopper,shop
shopping,shop
shortener,shorten
shortening,shorten
shortness,short
shortsightedness,shortsighted
shouter,shout
shouting,shout
shoveler,shovel
shover,shove
showery,shower
showing,show
showy,show
shredder,shred
shrewdness,shrewd
shrewishness,shrewish
shrieking,shriek
shrilling,shrill
shrillness,shrill
shrimper,shrimp
shrimpy,shrimp
shrinkage,shrink
shrinking,shrink
shrubby,shrub
shrublet,shrub
shuddery,shudder
shuffler,shuffle
shunning,shun
shunter,shunt
shutter,shut
shutting,shut
shyness,shy
Siberian,Siberia
sibyllic,sibyl
sickeningness,sickening
sickness,sick
sifter,sift
sifting,sift
sightedness,sighted
sighting,sight
sightlessness,sightless
sightreader,sightread
sightseeing,sightsee
sightseer,sightsee
signaler,signal
signaling,signal
signalize,signal
signaller,signal
signature,sign
signer,sign
signify,sign
signing,sign
silencer,silence
silky,silk
silty,silt
silvery,silver
similarity,similar
simmering,simmer
Simonize,Simoniz
simperer,simper
simpleness,simple
simultaneousness,simultaneous
sinewy,sinew
sinfulness,sinful
Singaporean,Singapore
singer,sing
singing,sing
single-mindedness,single-minded
singularity,singular
sinistrality,sinistral
sinker,sink
sinking,sink
sinlessness,sinless
sinner,sin
sinning,sin
sinuousness,sinuous
sinusoidal,sinusoid
sipper,sip
sisterhood,sister
sisterly,sister
sitter,sit
sitting,sit
sizeableness,sizeable
skanky,skank
skateboarder,skateboard
skateboarding,skateboard
skater,skate
skeptical,skeptic
sketcher,sketch
sketchy,sketch
skewness,skew
skidder,skid
skier,ski
skiing,ski
skillfulness,skillful
skimmer,skim
skimming,skim
skin-diver,skin-dive
skinner,skin
Skinnerian,Skinner
skinny,skin
skinny-dipper,skinny-dip
skipper,skip
skirmisher,skirmish
skittishness,skittish
skulker,skulk
skulking,skulk
skydiver,skydive
slackening,slacken
slacker,slack
slacking,slack
slackness,slack
slammer,slam
slanderer,slander
slanderous,slander
slangy,slang
slapper,slap
slasher,slash
slatternly,slattern
slaughterer,slaughter
slaughterous,slaughter
slavery,slave
Slavic,Slav
Slavonic,Slav
slayer,slay
slaying,slay
sledder,sled
sledding,sled
sleekness,sleek
sleeper,sleep
sleeping,sleep
sleeplessness,sleepless
sleepwalker,sleepwalk
sleepwalking,sleepwalk
sleepy,sleep
sleety,sleet
slenderness,slender
sleuthing,sleuth
slicer,slice
slickness,slick
slider,slide
slightness,slight
slimness,slim
slinger,sling
slinging,sling
slippage,slip
slippy,slip
slivery,sliver
slobberer,slobber
sloganeer,slogan
sloganeering,sloganeer
slogger,slog
sloppy,slop
slothfulness,slothful
sloucher,slouch
slouchy,slouch
sloughing,slough
sloughy,slough
Slovakian,Slovakia
Slovenian,Slovenia
slovenly,sloven
slow-wittedness,slow-witted
slowing,slow
slowness,slow
sluggard,slug
slugger,slug
sluggishness,sluggish
slumberer,slumber
slumberous,slumber
slumbery,slumber
slummy,slum
slushy,slush
sluttishness,sluttish
slyness,sly
smacker,smack
smacking,smack
smallness,small
smarmy,smarm
smarting,smart
smartness,smart
smasher,smash
smashing,smash
smattering,smatter
smelling,smell
smelly,smell
smelter,smelt
smiler,smile
smiling(a),smiling
smirker,smirk
smocking,smock
smoggy,smog
smoker,smoke
smooching,smooch
smoother,smooth
smoothness,smooth
smotherer,smother
smuggler,smuggle
smugness,smug
smutty,smut
snacker,snack
snapper,snap
snappishness,snappish
snappy,snap
snarer,snare
snarly,snarl
snatcher,snatch
sneak(a),sneak
sneaky,sneak
sneerer,sneer
sneezer,sneeze
sniffer,sniff
sniper,snipe
snipping,snip
snitcher,snitch
sniveling,snivel
sniveller,snivel
snobbishness,snobbish
snobby,snob
snogging,snog
snooper,snoop
snoopy,snoop
snooty,snoot
snorer,snore
snorkeling,snorkel
snorter,snort
snorting,snort
snorty,snort
snotty,snot
snowboarder,snowboard
snowboarding,snowboard
snowy,snow
snuffler,snuffle
snugness,snug
soakage,soak
soaker,soak
soaking,soak
soapy,soap
soaring,soar
sobbing,sob
soberness,sober
sociableness,sociable
socialiser,socialise
sociality,social
socializer,socialize
sociolinguistics,sociolinguist
sociopathic,sociopath
softener,soften
softening,soften
softheartedness,softhearted
softness,soft
soiling,soil
soilure,soil
sojourner,sojourn
solacement,solace
solderer,solder
soldering,solder
soldiering,soldier
soldierly,soldier
soldiership,soldier
soldiery,soldier
solemness,solemn
solemnity,solemn
solicitation,solicit
solicitor,solicit
solicitorship,solicitor
solicitousness,solicitous
solidify,solid
solidifying,solidify
solidity,solid
solidness,solid
soloist,solo
Solomonic,Solomon
solubleness,soluble
solvent,solve
solver,solve
Somalian,Somalia
somberness,somber
sombreness,sombre
somersaulting,somersault
songfulness,songful
songster,song
sonneteer,sonnet
sonorousness,sonorous
sooty,soot
sophistic,sophist
sophistical,sophist
sophomore(a),sophomore
sorbent,sorb
sordidness,sordid
soreness,sore
sorrower,sorrow
sorrowfulness,sorrowful
sorter,sort
sorting,sort
sottishness,sottish
soulfulness,soulful
sounder,sound
sounding,sound
soundlessness,soundless
soundness,sound
souring,sour
sourness,sour
southeasterly,southeaster
southerly,souther
southernness,southern
southwesterly,southwester
sower,sow
spaciousness,spacious
spanker,spank
spanking,spank
spareness,spare
sparer,spare
sparkler,sparkle
sparring,spar
sparseness,sparse
Spartan,Sparta
spasticity,spastic
spatiality,spatial
spattering,spatter
spawner,spawn
spaying,spay
speaker,speak
speaking,speak
specialiser,specialise
specialistic,specialist
speciality,special
specializer,specialize
specialness,special
specificity,specific
speciousness,specious
spectrographic,spectrograph
speculativeness,speculative
speechify,speech
speechlessness,speechless
speeder,speed
speeding,speed
speedy,speed
spellbinder,spellbind
speller,spell
spelling,spell
spelunker,spelunk
spender,spend
spending,spend
spermatic,sperm
spermous,sperm
spewer,spew
sphericalness,spherical
sphericity,spheric
spheroidal,spheroid
spicery,spice
spidery,spider
spillage,spill
spiller,spill
spinelessness,spineless
spinner,spin
spinning,spin
spinsterhood,spinster
spiritedness,spirited
spiritize,spirit
spiritlessness,spiritless
spiritual,spirit
spirituality,spiritual
spitefulness,spiteful
spitter,spit
spitting,spit
splashing,splash
splashy,splash
splatter,splat
splattering,splatter
splicer,splice
splintering,splinter
splintery,splinter
splitter,split
spoilage,spoil
spoilation,spoil
spoiler,spoil
spoiling,spoil
sponger,sponge
sponsorship,sponsor
spontaneousness,spontaneous
spoonfeeding,spoonfeed
sportiveness,sportive
sportscaster,sportscast
sportsmanship,sportsman
spot-welder,spot-weld
spot-welding,spot-weld
spotlessness,spotless
spotter,spot
spotting,spot
spouter,spout
sprawler,sprawl
sprawling,sprawl
sprawly,sprawl
sprayer,spray
spraying,spray
spreader,spread
spreading,spread
spring-cleaning,spring-clean
sprinkler,sprinkle
sprinter,sprint
sprouting,sprout
spruceness,spruce
spunky,spunk
spuriousness,spurious
spurner,spurn
spurring,spur
sputtering,sputter
spying,spy
squalidness,squalid
squally,squall
squanderer,squander
squandering,squander
squareness,square
squatness,squat
squatter,squat
squatting,squat
squawker,squawk
squawky,squawk
squeaker,squeak
squeaky,squeak
squealer,squeal
squeamishness,squeamish
squeezer,squeeze
squelcher,squelch
squinter,squint
squirmer,squirm
squirter,squirt
stabber,stab
stabiliser,stabilise
stabilizer,stabilize
stableness,stable
stacker,stack
stager,stage
stagey,stage
stagflationary,stagflation
staggerer,stagger
staidness,staid
stainer,stain
staining,stain
staleness,stale
stalker,stalk
stalking,stalk
stalling,stall
stalwartness,stalwart
stammerer,stammer
stamper,stamp
standard,stand
standardise,standard
standardiser,standardise
standardize,standard
standardizer,standardize
standee,stand
stander,stand
standing,stand
standoffishness,standoffish
stapler,staple
starchy,starch
stardom,star
starer,stare
stargazer,stargaze
starkness,stark
starry,star
starter,start
starting,start
statement,state
statesmanly,statesman
statesmanship,statesman
statuette,statue
staunchness,staunch
stayer,stay
steadfastness,steadfast
stealer,steal
stealing,steal
stealthy,stealth
steamer,steam
steamroller,steamroll
steely,steel
steeper,steep
steepness,steep
steerage,steer
steerer,steer
steering,steer
stemmer,stem
stentorian,stentor
sterileness,sterile
steriliser,sterilise
sterilizer,sterilize
sternness,stern
steroidal,steroid
stertorous,stertor
stewardship,steward
stewing,stew
sticker,stick
stickler,stickle
stiffener,stiffen
stiffening,stiffen
stiffness,stiff
stifler,stifle
stigmatic,stigma
stigmatize,stigma
stillness,still
stinger,sting
stinging,sting
stinker,stink
stinky,stink
stinter,stint
stipendiary,stipend
stippler,stipple
stirrer,stir
stirring,stir
stitcher,stitch
stitchery,stitch
stitching,stitch
stocker,stock
stocking,stock
stockist,stock
stoical,stoic
stoker,stoke
stolidity,stolid
stolidness,stolid
stomachal,stomach
stomachic,stomach
stomatal,stoma
stomatous,stoma
stomper,stomp
stoner,stone
stonewaller,stonewall
stonewalling,stonewall
stooper,stoop
stoppage,stop
stopper,stop
stormy,storm
stoutheartedness,stouthearted
stoutness,stout
stowage,stow
stowing,stow
strafer,strafe
straggler,straggle
straightener,straighten
straightforwardness,straightforward
straightness,straight
strainer,strain
straining,strain
strangeness,strange
strangler,strangle
Stravinskyan,Stravinsky
strayer,stray
streaker,streak
streaky,streak
streamlet,stream
streamliner,streamline
streetwalker,streetwalk
strengthener,strengthen
strengthening,strengthen
strenuousness,strenuous
stressor,stress
stretcher,stretch
stretching,stretch
stretchy,stretch
strewing,strew
striate,stria
strictness,strict
strider,stride
striker,strike
strikingness,striking
stringer,string
stripper,strip
stripping,strip
stripteaser,striptease
stroller,stroll
strong-armer,strong-arm
struggler,struggle
stubbornness,stubborn
studentship,student
studiousness,studious
studying,study
stuffer,stuff
stuffing,stuff
stumbler,stumble
stumper,stump
stunner,stun
stuntedness,stunted
stunting,stunt
stupidity,stupid
stuporous,stupor
stutterer,stutter
styler,style
stylishness,stylish
suaveness,suave
subbing,sub
subconsciousness,subconscious
subcontractor,subcontract
subdivider,subdivide
subduedness,subdued
subduer,subdue
subeditor,subedit
subjection,subject
subjectiveness,subjective
subjoining,subjoin
submariner,submarine
submergence,submerge
submissiveness,submissive
submitter,submit
subnormality,subnormal
subordinateness,subordinate
subornation,suborn
suborner,suborn
subscriber,subscribe
subsequentness,subsequent
subservientness,subservient
subsidence,subside
subsidiser,subsidise
subsidizer,subsidize
subsistence,subsist
subsister,subsist
substantiality,substantial
substantialness,substantial
substitute(a),substitute
subtraction,subtract
subtractive,subtract
subtropics,subtropic
suburbanize,suburban
subvention,subvent
subversiveness,subversive
subverter,subvert
subvocalizer,subvocalize
succeeder,succeed
successfulness,successful
successiveness,successive
succinctness,succinct
succorer,succor
succourer,succour
succussion,succuss
sucker,suck
sucking,suck
suddenness,sudden
suer,sue
suety,suet
sufferance,suffer
sufferer,suffer
suffering,suffer
suffixation,suffix
suffragette,suffrage
suggester,suggest
suggestible,suggest
suggestion,suggest
suggestive,suggest
suitableness,suitable
sulfuric,sulfur
sulfurous,sulfur
sulky,sulk
sullenness,sullen
sulphuric,sulphur
sulphurous,sulphur
Sumerian,Sumer
summate,sum
summation,sum
summational,summation
summerize,summer
summery,summer
summoning,summon
sumptuousness,sumptuous
sunbather,sunbathe
supercharger,supercharge
superciliousness,supercilious
superficiality,superficial
superinfection,superinfect
superintendence,superintend
superintendent,superintend
superiority,superior
supernaturalness,supernatural
supper,sup
supping,sup
supplanter,supplant
supplanting,supplant
supplemental,supplement
supplementary,supplement
supplementation,supplement
suppleness,supple
supplying,supply
supporter,support
supporting,support
supportive,support
suppositional,supposition
suppresser,suppress
suppression,suppress
suppressive,suppress
suppressor,suppress
sureness,sure
surfer,surf
surfing,surf
surpriser,surprise
surprisingness,surprising
surrenderer,surrender
surroundings,surround
surveying,survey
surveyor,survey
susceptibleness,susceptible
suspender,suspend
suspiciousness,suspicious
sustainable,sustain
sustainer,sustain
sustainment,sustain
swabbing,swab
swaggerer,swagger
swampy,swamp
swanky,swank
swatter,swat
swearer,swear
swearing,swear
sweater,sweat
sweating,sweat
sweeper,sweep
sweeping,sweep
sweetener,sweeten
sweetening,sweeten
sweetness,sweet
swelling,swell
swiftlet,swift
swiftness,swift
swilling,swill
swimmer,swim
swimming,swim
swindler,swindle
swinger,swing
swinging,swing
swingy,swing
swishy,swish
switch-hitter,switch-hit
switcher,switch
switching,switch
swordsmanship,swordsman
sycophantic,sycophant
syllabicity,syllabic
syllogiser,syllogise
syllogizer,syllogize
symbolic,symbol
symbolical,symbol
symbolise,symbol
symboliser,symbolise
symbolize,symbol
symbolizer,symbolize
symmetricalness,symmetrical
sympathiser,sympathise
sympathizer,sympathize
symptomatic,symptom
syncarpous,syncarp
syncategorematic,syncategorem
synchronicity,synchronic
synchroniser,synchronise
synchronizer,synchronize
synonymous,synonym
synonymousness,synonymous
synovial,synovia
syntagmatic,syntagm
synthesise,synthesis
synthesiser,synthesise
synthesist,synthesis
synthesizer,synthesize
Syrian,Syria
systematic,system
systematiser,systematise
systematizer,systematize
systemise,system
systemiser,systemise
systemize,system
systemizer,systemize
taciturnity,taciturn
tacker,tack
tacking,tack
tackler,tackle
tactfulness,tactful
tactical,tactic
tactlessness,tactless
Tahitian,Tahiti
tailgater,tailgate
tailing,tail
tailoring,tailor
taker,take
talentlessness,talentless
talismanic,talisman
talkative,talk
talkativeness,talkative
talker,talk
talking,talk
talky,talk
tallness,tall
tameable,tame
tameness,tame
tamer,tame
tamper,tamp
tampering,tamper
tamponage,tampon
tangential,tangent
tangibleness,tangible
tangy,tang
tankage,tank
tanner,tan
tannery,tan
tanning,tan
tantaliser,tantalise
tantalizer,tantalize
Tanzanian,Tanzania
tapering,taper
tapper,tap
tapping,tap
tapster,tap
tartaric,tartar
tartlet,tart
tartness,tart
Tasmanian,Tasmania
tastefulness,tasteful
tastelessness,tasteless
taster,taste
tatting,tat
tattler,tattle
tatty,tat
taunting,taunt
tautness,taut
taxable,tax
taxation,tax
taxer,tax
teachable,teach
teacher,teach
teachership,teacher
teaching,teach
teamster,team
tearfulness,tearful
tearing,tear
teaser,tease
technicality,technical
tediousness,tedious
teemingness,teeming
teetotaller,teetotal
telecaster,telecast
telecasting,telecast
telegrapher,telegraph
telegraphic,telegraph
telegraphist,telegraph
telephoner,telephone
teleportation,teleport
teller,tell
telling,tell
telltale(a),telltale
temperamental,temperament
temperance,temper
temperateness,temperate
tempering,temper
tempestuous,tempest
tempestuousness,tempestuous
temporiser,temporise
temporizer,temporize
temptable,tempt
temptation,tempt
tempter,tempt
temptingness,tempting
tenableness,tenable
tenaciousness,tenacious
tenantry,tenant
tendency,tend
tendentiousness,tendentious
tender,tend
tenderheartedness,tenderhearted
tenderiser,tenderise
tenderize,tender
tenderizer,tenderize
tenderness,tender
tending,tend
tenseness,tense
tensional,tension
tenting,tent
tepidity,tepid
tepidness,tepid
teratogenic,teratogen
tercelet,tercel
terpsichorean,terpsichore
terribleness,terrible
territoriality,territorial
terrorise,terror
terrorist,terror
terrorize,terror
terseness,terse
tessellate,tessella
testaceous,testa
testamentary,testament
testee,test
tester,test
testing,test
tetragonal,tetragon
textual,text
thaneship,thane
thankfulness,thankful
thatcher,thatch
thawing,thaw
theatricality,theatrical
theistical,theist
theologiser,theologise
theologizer,theologize
theoriser,theorise
theorizer,theorize
thermionic,thermion
thermodynamics,thermodynamic
thermoelectricity,thermoelectric
thermostatic,thermostat
thickener,thicken
thickening,thicken
thickness,thick
thievery,thieve
thievishness,thievish
thinker,think
thinking,think
thinner,thin
thinness,thin
thinning,thin
thirsty,thirst
thirsty(p),thirst
Thoreauvian,Thoreau
thorny,thorn
thoroughness,thorough
thoughtfulness,thoughtful
thoughtlessness,thoughtless
thralldom,thrall
thrasher,thrash
thrashing,thrash
threader,thread
thready,thread
three-dimensionality,three-dimensional
thresher,thresh
threshing,thresh
thriftlessness,thriftless
thrifty,thrift
thriller,thrill
throaty,throat
throbbing,throb
throttler,throttle
thrower,throw
thruster,thrust
thrusting,thrust
thumping,thump
thunderer,thunder
thunderous,thunder
thundery,thunder
thwarter,thwart
thwarting,thwart
thyroidal,thyroid
Tibetan,Tibet
tibial,tibia
ticker,tick
ticking,tick
tier,tie
tightening,tighten
tightfistedness,tightfisted
tightness,tight
tiler,tile
tillage,till
tiller,till
tilling,till
tilter,tilt
timelessness,timeless
timely,time
timer,time
timidity,timid
timidness,timid
timorousness,timorous
timpanist,timpani
tinkerer,tinker
tinning,tin
tinny,tin
tinselly,tinsel
tinter,tint
tinting,tint
tipper,tip
tippler,tipple
tipster,tip
tiredness,tired
tirelessness,tireless
tiresomeness,tiresome
titanic,titan
tither,tithe
titterer,titter
toaster,toast
toasting,toast
tobacconist,tobacco
Tobagonian,Tobago
tobogganing,toboggan
tobogganist,toboggan
toddler,toddle
togetherness,together
toiler,toil
toilsomeness,toilsome
toller,toll
tomboyishness,tomboyish
tonality,tonal
toner,tone
Tongan,Tonga
tonicity,tonic
toothsomeness,toothsome
toothy,tooth
toper,tope
topical,topic
topper,top
topsy-turvyness,topsy-turvy
tormenter,torment
tormentor,torment
toroidal,toroid
torpidity,torpid
torpidness,torpid
torrential,torrent
torridity,torrid
tortuousness,tortuous
torturer,torture
tosser,toss
totality,total
totemic,totem
toter,tote
totterer,totter
toucher,touch
touching,touch
toughness,tough
tourer,tour
tourist,tour
touristy,tourist
touter,tout
towage,tow
tower,tow
township,town
toxicity,toxic
toying,toy
trabecular,trabecula
tracer,trace
tracheal,trachea
tracker,track
tracking,track
tractableness,tractable
trader,trade
traditional,tradition
traditionalistic,traditionalist
traditionality,traditional
traducement,traduce
traducer,traduce
trafficker,traffic
trailer,trail
trailing,trail
trainee,train
traineeship,trainee
trainer,train
training,train
traitorous,traitor
traitorousness,traitorous
tramper,tramp
trampler,trample
tranquility,tranquil
tranquilizer,tranquilize
tranquilliser,tranquillise
tranquillity,tranquil
tranquillizer,tranquillize
transaction,transact
transactor,transact
transcendence,transcend
transcendency,transcend
transcendent,transcend
transcendentalism,transcendental
transcriber,transcribe
transducer,transduce
transference,transfer
transferer,transfer
transferor,transfer
transferral,transfer
transferrer,transfer
transformation,transform
transformer,transform
transgression,transgress
transgressor,transgress
transistorize,transistor
transition,transit
transitiveness,transitive
transmittal,transmit
transmitter,transmit
transmitting,transmit
transparentness,transparent
transplantation,transplant
transplanter,transplant
transplanting,transplant
transportation,transport
transporter,transport
transsexual(a),transsexual
transshipment,transship
trapezoidal,trapezoid
trapper,trap
trashy,trash
traumatic,trauma
traumatise,trauma
traumatize,trauma
traveler,travel
traveling,travel
traveller,travel
travelling,travel
traverser,traverse
treasonist,treason
treasonous,treason
treasurership,treasurer
treater,treat
treatment,treat
treelet,tree
trekker,trek
trembler,tremble
trencher,trench
trendy,trend
trespasser,trespass
triangularity,triangular
tricker,trick
trickery,trick
trickster,trick
tricksy,trick
tricky,trick
trifler,trifle
trimmer,trim
trimming,trim
trimness,trim
Trinidadian,Trinidad
tripper,trip
triteness,trite
triumphal,triumph
triumphant,triumph
trivial,trivia
triviality,trivial
trivialize,trivial
troller,troll
trophoblastic,trophoblast
tropical,tropic
tropics,tropic
Trotskyist,Trotsky
trotter,trot
troublesomeness,troublesome
truckage,truck
trucker,truck
trucking,truck
truckler,truckle
trudger,trudge
trueness,true
trumpeter,trumpet
trumping,trump
trustee,trust
truster,trust
trustfulness,trustful
trustingness,trusting
trusty,trust
truthfulness,truthful
tsaristic,tsar
tuberous,tuber
tucker,tuck
tugger,tug
tumbler,tumble
tumescent,tumesce
tumidity,tumid
tumidness,tumid
tumultuous,tumult
tumultuousness,tumultuous
tunefulness,tuneful
tuner,tune
Tunisian,Tunisia
turbidity,turbid
turbidness,turbid
turgidity,turgid
turgidness,turgid
turner,turn
turnery,turn
turning,turn
turtler,turtle
Tuscany,Tuscan
tusked,tusk
tutorial,tutor
tutorship,tutor
twaddler,twaddle
tweedy,tweed
tweeter,tweet
tweezer,tweeze
twiddler,twiddle
twiggy,twig
twiner,twine
twinkler,twinkle
twirler,twirl
twister,twist
twisting,twist
twitching,twitch
twitterer,twitter
two-dimensionality,two-dimensional
tympanic,tympani
tympanist,tympan
typesetter,typeset
typewriter,typewrite
typicality,typical
Tyrolean,Tyrol
ubiquitousness,ubiquitous
ulcerate,ulcer
ulcerous,ulcer
ulnar,ulna
ultimateness,ultimate
umbellar,umbel
umbrageous,umbrage
unacceptableness,unacceptable
unaffectedness,unaffected
unappetisingness,unappetising
unappetizingness,unappetizing
unassertiveness,unassertive
unassumingness,unassuming
unattainableness,unattainable
unattractiveness,unattractive
unawareness,unaware
unbecomingness,unbecoming
unboundedness,unbounded
unbreakableness,unbreakable
unceremoniousness,unceremonious
uncertainness,uncertain
unchangeableness,unchangeable
unchangingness,unchanging
uncheerfulness,uncheerful
uncleanness,unclean
unclearness,unclear
uncloudedness,unclouded
uncomfortableness,uncomfortable
uncommonness,uncommon
uncommunicativeness,uncommunicative
uncongeniality,uncongenial
unconnectedness,unconnected
unconscientiousness,unconscientious
unconsciousness,unconscious
unconventionality,unconventional
uncouthness,uncouth
uncreativeness,uncreative
unctuousness,unctuous
undependableness,undependable
underachievement,underachieve
underachiever,underachieve
underdevelopment,underdevelop
underlayment,underlay
undernourishment,undernourish
underpayment,underpay
underperformer,underperform
underseller,undersell
understandable,understand
understanding,understand
understatement,understate
underwriter,underwrite
undoer,undo
undoing,undo
undutifulness,undutiful
unemotionality,unemotional
unequivocalness,unequivocal
unevenness,uneven
unexpectedness,unexpected
unfairness,unfair
unfaithfulness,unfaithful
unfamiliarity,unfamiliar
unfastener,unfasten
unfastening,unfasten
unfavorableness,unfavorable
unfavourableness,unfavourable
unfeelingness,unfeeling
unfitness,unfit
unfolding,unfold
ungracefulness,ungraceful
ungraciousness,ungracious
ungratefulness,ungrateful
unhealthfulness,unhealthful
unhelpfulness,unhelpful
unhurriedness,unhurried
uniformity,uniform
uniformize,uniform
uniformness,uniform
uninterestingness,uninteresting
unionize,union
uniqueness,unique
unitize,unit
universality,universal
universalize,universal
unjustness,unjust
unkemptness,unkempt
unkindness,unkind
unknowingness,unknowing
unlawfulness,unlawful
unlikeness,unlike
unloading,unload
unmanageableness,unmanageable
unmasking,unmask
unmercifulness,unmerciful
unmindfulness,unmindful
unnaturalness,unnatural
unnoticeableness,unnoticeable
unobtrusiveness,unobtrusive
unoriginality,unoriginal
unpalatableness,unpalatable
unperceptiveness,unperceptive
unpermissiveness,unpermissive
unpersuasiveness,unpersuasive
unpleasantness,unpleasant
unpleasingness,unpleasing
unpointedness,unpointed
unpopularity,unpopular
unpretentiousness,unpretentious
unproductiveness,unproductive
unprofitableness,unprofitable
unpropitiousness,unpropitious
unprotectedness,unprotected
unquestionableness,unquestionable
unraveler,unravel
unraveller,unravel
unreality,unreal
unrelatedness,unrelated
unreliableness,unreliable
unresponsiveness,unresponsive
unrighteousness,unrighteous
unscrupulousness,unscrupulous
unseasonableness,unseasonable
unselfconsciousness,unselfconscious
unselfishness,unselfish
unskillfulness,unskillful
unsnarling,unsnarl
unsociableness,unsociable
unsoundness,unsound
unstableness,unstable
unsubstantialize,unsubstantial
unsuitableness,unsuitable
unthoughtfulness,unthoughtful
untier,untie
untruthfulness,untruthful
untypicality,untypical
unusualness,unusual
unvariedness,unvaried
unveiling,unveil
unwellness,unwell
unwholesomeness,unwholesome
unwillingness,unwilling
unwiseness,unwise
unyieldingness,unyielding
up-to-dateness,up-to-date
upbraider,upbraid
upbraiding,upbraid
upending,upend
upholder,uphold
upholsterer,upholster
upholstery,upholster
uplifting,uplift
uppishness,uppish
uppityness,uppity
uprightness,upright
uproarious,uproar
uprooter,uproot
upsetter,upset
upstager,upstage
urbanity,urban
urbanize,urban
urethral,urethra
urgency,urge
urgent,urge
Uruguayan,Uruguay
usableness,usable
useable,use
useableness,useable
usefulness,useful
uselessness,useless
user,use
usherette,usher
usualness,usual
usufructuary,usufruct
usurpation,usurp
usurper,usurp
utilizer,utilize
utmost(a),utmost
utopian,utopia
Utopian,Utopia
utterable,utter
utterance,utter
utterer,utter
uttermost(a),uttermost
uveal,uvea
uvular,uvula
uxorial,uxor
uxoriousness,uxorious
vacationer,vacation
vacationing,vacation
vacationist,vacation
vacuousness,vacuous
vagabondage,vagabond
vaginal,vagina
vagueness,vague
validity,valid
validness,valid
valorous,valor
valorousness,valorous
valuableness,valuable
valuelessness,valueless
valuer,value
valvelet,valve
vamper,vamp
vandalise,vandal
vandalize,vandal
vanisher,vanish
vanishing,vanish
vanquishable,vanquish
vanquisher,vanquish
vapidity,vapid
vapidness,vapid
vaporise,vapor
vaporize,vapor
vaporous,vapor
variableness,variable
variedness,varied
varnisher,varnish
vascularity,vascular
vascularize,vascular
vastness,vast
vaulter,vault
vaulting,vault
vaunter,vaunt
veering,veer
vegetational,vegetation
veinal,vein
velvety,velvet
venality,venal
vendable,vend
vender,vend
vendible,vend
vending,vend
vendition,vend
vendor,vend
veneering,veneer
venerableness,venerable
venesection,venesect
Venezuelan,Venezuela
vengefulness,vengeful
venomous,venom
venter,vent
ventilate,vent
venting,vent
venturer,venture
venturesomeness,venturesome
verbal,verb
verbalizer,verbalize
verbify,verb
verboseness,verbose
verminous,vermin
vertebral,vertebra
verticality,vertical
verticalness,vertical
vesical,vesica
vestment,vest
vestmental,vestment
vesture,vest
veteran(a),veteran
vexation,vex
vexer,vex
vibrational,vibration
vibrionic,vibrio
vicarial,vicar
vicarship,vicar
viceroyship,viceroy
viciousness,vicious
victimise,victim
victimiser,victimise
victimize,victim
victimizer,victimize
Victorian,Victoria
victualer,victual
victualler,victual
viewable,view
viewer,view
vigorous,vigor
vileness,vile
villainous,villain
villainousness,villainous
vindictiveness,vindictive
vinegarishness,vinegarish
violinist,violin
virginal,virgin
virginity,virgin
virtuoso(a),virtuoso
virtuousness,virtuous
viscidity,viscid
viscidness,viscid
viscousness,viscous
visibleness,visible
visionary,vision
visitant,visit
visitation,visit
visiting,visit
visitor,visit
visualizer,visualize
vitaliser,vitalise
vitality,vital
vitalize,vital
vitalizer,vitalize
vitalness,vital
vitaminize,vitamin
vitriolic,vitriol
vividness,vivid
vivisection,vivisect
vivisectionist,vivisection
viziership,vizier
vocaliser,vocalise
vocalize,vocal
vocalizer,vocalize
voicelessness,voiceless
voicer,voice
voidable,void
voidance,void
voider,void
voiding,void
volitional,volition
voltaic,volt
voluminousness,voluminous
voluptuousness,voluptuous
vomiter,vomit
vomiting,vomit
voraciousness,voracious
voter,vote
vouchee,vouch
voucher,vouch
vowelize,vowel
vower,vow
voyager,voyage
voyeuristic,voyeur
voyeuristical,voyeur
vulcaniser,vulcanise
vulcanizer,vulcanize
vulgariser,vulgarise
vulgarity,vulgar
vulgarize,vulgar
vulgarizer,vulgarize
vulval,vulva
waddler,waddle
wader,wade
waffler,waffle
wagerer,wager
waggishness,waggish
Wagnerian,Wagner
wailer,wail
wailing,wail
waiter,wait
waiting,wait
waiver,waive
wakefulness,wakeful
wakening,waken
waker,wake
walker,walk
walking,walk
walloper,wallop
walloping,wallop
wallpaperer,wallpaper
waltzer,waltz
wanderer,wander
wandering,wander
wangler,wangle
wanker,wank
wanness,wan
wanter,want
wantonness,wanton
warbler,warble
wardenship,warden
warder,ward
wardership,warder
warehouser,warehouse
warmer,warm
warmheartedness,warmhearted
warming,warm
warmness,warm
warner,warn
warning,warn
warping,warp
warrantee,warrant
warranter,warrant
warrantor,warrant
warrior,war
warty,wart
washable,wash
washer,wash
washing,wash
Washingtonian,Washington
wassailer,wassail
wastefulness,wasteful
waster,waste
watcher,watch
watchfulness,watchful
watching,watch
watercolorist,watercolor
watercolourist,watercolour
waterer,water
watering,water
waterlessness,waterless
waterproofing,waterproof
watery,water
wavelet,wave
waver,wave
waverer,waver
wavering,waver
waxing,wax
waxy,wax
weakener,weaken
weakening,weaken
weakness,weak
wealthy,wealth
weaning,wean
weaponize,weapon
wearable,wear
wearer,wear
wearing,wear
weaver,weave
webbing,web
webby,web
wedding,wed
weeder,weed
weedy,weed
weekender,weekend
weekly,week
weeness,wee
weeper,weep
weeping,weep
weigher,weigh
weighing,weigh
weightlessness,weightless
weightlifter,weightlift
weightlifting,weightlift
weighty,weight
weirdness,weird
welcomer,welcome
welder,weld
welding,weld
weldment,weld
well-wishing(a),well-wishing
wellness,well
welsher,welsh
wencher,wench
Wesleyan,Wesley
westerly,wester
westernize,western
wetness,wet
wetter,wet
wetting,wet
whacking,whack
whaler,whale
wharfage,wharf
wheedler,wheedle
wheeler,wheel
wheeling,wheel
whiffer,whiff
whimsicality,whimsical
whiner,whine
whiney,whine
whipper,whip
whipping,whip
whirler,whirl
whirling,whirl
whirring,whir
whiskery,whisker
whisperer,whisper
whispering,whisper
whistler,whistle
whitener,whiten
whiteness,white
whitening,whiten
whittler,whittle
wholeheartedness,wholehearted
wholeness,whole
wholesaler,wholesale
wholesomeness,wholesome
whooper,whoop
whoredom,whore
wickedness,wicked
wideness,wide
widening,widen
widowhood,widow
wifely,wife
wiggler,wiggle
wilderness,wild
wildness,wild
wilfulness,wilful
willfulness,willful
willing,will
willingness,willing
Wilsonian,Wilson
wilting,wilt
wimpy,wimp
winder,wind
windlessness,windless
windy,wind
winery,wine
winey,wine
winker,wink
winking,wink
winner,win
winning,win
winnings,win
winnowing,winnow
winsomeness,winsome
winterize,winter
wintery,winter
wiper,wipe
wirer,wire
wiretapper,wiretap
wiseness,wise
wishfulness,wishful
wishing,wish
wispy,wisp
wistfulness,wistful
witchery,witch
withdrawal,withdraw
withdrawer,withdraw
withdrawnness,withdrawn
withering,wither
withholder,withhold
withholding,withhold
withstander,withstand
witnesser,witness
witty,wit
wizard(a),wizard
wizardly,wizard
wobbler,wobble
woefulness,woeful
womanhood,woman
womanise,woman
womaniser,womanise
womanishness,womanish
womanize,woman
womanizer,womanize
womanly,woman
wonderer,wonder
wonderfulness,wonderful
wonderment,wonder
woodenness,wooden
woodsy,woods
woody,wood
wooer,woo
wooing,woo
woolgatherer,woolgather
woolgathering,woolgather
woolly,wool
wooly,wool
wording,word
Wordsworthian,Wordsworth
workable,work
worker,work
workmanship,workman
worldly,world
wormy,worm
worrying,worry
worsening,worsen
worshiper,worship
worshipper,worship
worth(p),worth
worthlessness,worthless
worthwhileness,worthwhile
worthy,worth
wounding,wound
wrangler,wrangle
wrapper,wrap
wrapping,wrap
wreckage,wreck
wrecker,wreck
wrecking,wreck
wrester,wrest
wrestler,wrestle
wretchedness,wretched
wriggler,wriggle
wringer,wring
writer,write
wrongfulness,wrongful
wrongness,wrong
yachting,yacht
yanker,yank
yawner,yawn
yawning,yawn
yearly,year
yearner,yearn
yearning,yearn
yeasty,yeast
Yeatsian,Yeats
yeller,yell
yelling,yell
yellowness,yellow
yelping,yelp
yielder,yield
yielding,yield
yodeling,yodel
yodeller,yodel
youngness,young
youthfulness,youthful
Yugoslavian,Yugoslavia
Zairean,Zaire
Zambian,Zambia
zapper,zap
zealous,zeal
zenithal,zenith
zestfulness,zestful
zesty,zest
Zimbabwean,Zimbabwe
zipper,zip
zippy,zip
zodiacal,zodiac
zygomatic,zygoma
